epoch,train_loss,epoch_duration,val_loss
1,0.5809873342514038,0.2473440170288086,
2,0.21294793486595154,0.05583620071411133,
3,0.2797192931175232,0.05589795112609863,
4,0.23525764048099518,0.05658125877380371,
5,0.06402693688869476,0.05620741844177246,
6,-0.13809049129486084,0.05777621269226074,
7,-0.12791159749031067,0.05584526062011719,
8,-0.15462282299995422,0.055136680603027344,
9,-0.225985586643219,0.05634427070617676,
10,-0.31486397981643677,0.05534076690673828,-2.5536649227142334
11,-0.3538340926170349,0.13390612602233887,
12,-0.402353435754776,0.05652427673339844,
13,-0.48786789178848267,0.056902170181274414,
14,-0.6188086271286011,0.05597853660583496,
15,-0.6381679177284241,0.05833911895751953,
16,-0.7510919570922852,0.05692005157470703,
17,-0.7549804449081421,0.05560731887817383,
18,-0.7229784727096558,0.05684375762939453,
19,-0.8909485340118408,0.05724143981933594,
20,-0.8991093635559082,0.0565791130065918,-1.4168200492858887
21,-0.8760116100311279,0.12852239608764648,
22,-1.0296823978424072,0.05580782890319824,
23,-0.8542283773422241,0.05569124221801758,
24,-1.1748661994934082,0.057652950286865234,
25,-1.1590516567230225,0.05595731735229492,
26,-1.0406572818756104,0.05638575553894043,
27,-1.1363234519958496,0.05743002891540527,
28,-1.2076172828674316,0.055166006088256836,
29,-1.2657442092895508,0.05455183982849121,
30,-1.3676642179489136,0.055159568786621094,-1.2986916303634644
31,-1.2877800464630127,0.12911486625671387,
32,-1.3573490381240845,0.057868003845214844,
33,-1.3149585723876953,0.05838823318481445,
34,-1.4592759609222412,0.05583930015563965,
35,-1.3859102725982666,0.05575275421142578,
36,-1.4450807571411133,0.05730772018432617,
37,-1.5249810218811035,0.05564069747924805,
38,-1.6505441665649414,0.05628609657287598,
39,-1.6301956176757812,0.05673074722290039,
40,-1.5445430278778076,0.056060075759887695,-1.6904761791229248
41,-1.686155080795288,0.12865543365478516,
42,-1.7638630867004395,0.0571591854095459,
43,-1.698900818824768,0.056348562240600586,
44,-1.7798374891281128,0.057274818420410156,
45,-1.6455793380737305,0.05583381652832031,
46,-1.716392993927002,0.05752873420715332,
47,-1.8098957538604736,0.05635237693786621,
48,-1.8252090215682983,0.05633187294006348,
49,-1.927731990814209,0.05649852752685547,
50,-1.7917951345443726,0.057639122009277344,-1.1376985311508179
51,-1.8682167530059814,0.12992477416992188,
52,-1.8559774160385132,0.0570375919342041,
53,-1.9805337190628052,0.05698347091674805,
54,-2.026409864425659,0.05579400062561035,
55,-2.093730926513672,0.05672144889831543,
56,-1.9088932275772095,0.05759859085083008,
57,-1.9583991765975952,0.05610179901123047,
58,-1.9445487260818481,0.05635261535644531,
59,-2.124141216278076,0.057465314865112305,
60,-2.15415096282959,0.057164669036865234,-1.643846035003662
61,-2.0828073024749756,0.13231134414672852,
62,-2.097236394882202,0.057260751724243164,
63,-2.1772964000701904,0.05556607246398926,
64,-2.245837926864624,0.056334495544433594,
65,-2.1896932125091553,0.057143449783325195,
66,-2.0677411556243896,0.056124210357666016,
67,-2.198953628540039,0.056505441665649414,
68,-2.2939019203186035,0.05914163589477539,
69,-2.270439863204956,0.05655670166015625,
70,-2.2351627349853516,0.055586814880371094,-0.9864948987960815
71,-2.359281539916992,0.1253213882446289,
72,-2.3523290157318115,0.05567431449890137,
73,-2.2808289527893066,0.05714225769042969,
74,-2.22455096244812,0.05589628219604492,
75,-2.331458330154419,0.05618000030517578,
76,-2.251438617706299,0.054991722106933594,
77,-2.3560128211975098,0.05564284324645996,
78,-2.446983575820923,0.057254791259765625,
79,-2.435153007507324,0.05533456802368164,
80,-2.378364324569702,0.055023908615112305,-1.0415116548538208
81,-2.3902475833892822,0.12392187118530273,
82,-2.4810991287231445,0.0569615364074707,
83,-2.3746497631073,0.05677986145019531,
84,-2.324580669403076,0.0558469295501709,
85,-2.501802444458008,0.057128190994262695,
86,-2.422999858856201,0.05734086036682129,
87,-2.6177706718444824,0.055357933044433594,
88,-2.569472312927246,0.056624650955200195,
89,-2.440317392349243,0.057123422622680664,
90,-2.4485256671905518,0.05588555335998535,-1.293658971786499
91,-2.5090813636779785,0.12772607803344727,
92,-2.535961151123047,0.056307077407836914,
93,-2.6334047317504883,0.058257341384887695,
94,-2.5715274810791016,0.05558371543884277,
95,-2.4911792278289795,0.05570507049560547,
96,-2.3866190910339355,0.05753636360168457,
97,-2.5549330711364746,0.056397438049316406,
98,-2.654991865158081,0.05587410926818848,
99,-2.5697708129882812,0.05761146545410156,
100,-2.509632110595703,0.05639457702636719,-1.1447718143463135
101,-2.477100372314453,0.13221168518066406,
102,-2.602334499359131,0.05782747268676758,
103,-2.6477861404418945,0.05565476417541504,
104,-2.6078848838806152,0.05705976486206055,
105,-2.61021089553833,0.05681729316711426,
106,-2.764230728149414,0.05611848831176758,
107,-2.6533679962158203,0.055942535400390625,
108,-2.755070686340332,0.05682039260864258,
109,-2.6792542934417725,0.05627703666687012,
110,-2.6877853870391846,0.05575156211853027,-1.287611961364746
111,-2.6359140872955322,0.1287388801574707,
112,-2.6674604415893555,0.056903839111328125,
113,-2.7128100395202637,0.05723237991333008,
114,-2.7656960487365723,0.05626344680786133,
115,-2.6399261951446533,0.05559110641479492,
116,-2.7031373977661133,0.05737137794494629,
117,-2.7281341552734375,0.05575919151306152,
118,-2.800048351287842,0.05614137649536133,
119,-2.743072986602783,0.057416439056396484,
120,-2.727053642272949,0.056481361389160156,-1.213433861732483
121,-2.6793699264526367,0.2456820011138916,
122,-2.7712514400482178,0.056833505630493164,
123,-2.70574951171875,0.056031227111816406,
124,-2.850713014602661,0.05568718910217285,
125,-2.8457837104797363,0.055852413177490234,
126,-2.8054022789001465,0.05614280700683594,
127,-2.7628467082977295,0.05765843391418457,
128,-2.8959169387817383,0.05562734603881836,
129,-2.853492259979248,0.05583620071411133,
130,-2.835244655609131,0.05622506141662598,-1.1229095458984375
131,-2.828601360321045,0.12988042831420898,
132,-2.9967432022094727,0.05747795104980469,
133,-2.822434186935425,0.05592942237854004,
134,-2.847649574279785,0.05652475357055664,
135,-2.9178473949432373,0.05682110786437988,
136,-2.735481023788452,0.05602288246154785,
137,-2.926949977874756,0.056218624114990234,
138,-2.9231390953063965,0.057372093200683594,
139,-2.99710750579834,0.05675697326660156,
140,-3.148850202560425,0.05634117126464844,-1.0417231321334839
141,-3.0431299209594727,0.13257050514221191,
142,-3.001791000366211,0.05743813514709473,
143,-2.883650779724121,0.05561399459838867,
144,-2.9738917350769043,0.05701613426208496,
145,-3.01802921295166,0.056166648864746094,
146,-3.043584108352661,0.056644439697265625,
147,-3.146214723587036,0.05608701705932617,
148,-2.9333767890930176,0.056318044662475586,
149,-3.0866360664367676,0.05595064163208008,
150,-2.9387946128845215,0.057808637619018555,-1.086142897605896
151,-3.002429485321045,0.13467025756835938,
152,-2.939462184906006,0.05559587478637695,
153,-3.037602424621582,0.055349111557006836,
154,-3.021010637283325,0.05771780014038086,
155,-2.781309127807617,0.056345462799072266,
156,-2.9634621143341064,0.05559515953063965,
157,-3.000309944152832,0.05680131912231445,
158,-3.078343152999878,0.0562744140625,
159,-2.9794750213623047,0.05572795867919922,
160,-3.0260539054870605,0.056401968002319336,-1.0002129077911377
161,-3.1067137718200684,0.12723398208618164,
162,-3.0735340118408203,0.05544281005859375,
163,-3.0383963584899902,0.05437660217285156,
164,-3.0187387466430664,0.05602288246154785,
165,-2.9337527751922607,0.05522036552429199,
166,-3.065640687942505,0.054604530334472656,
167,-3.0648770332336426,0.0575408935546875,
168,-3.0676090717315674,0.05621600151062012,
169,-3.11295747756958,0.05570626258850098,
170,-3.104857921600342,0.0578768253326416,-1.059206485748291
171,-3.165384292602539,0.1269822120666504,
172,-3.108124256134033,0.055208444595336914,
173,-3.044431686401367,0.05710482597351074,
174,-3.098501682281494,0.057282447814941406,
175,-3.0994043350219727,0.05602860450744629,
176,-3.135143756866455,0.0569303035736084,
177,-3.179586410522461,0.05566906929016113,
178,-3.169363021850586,0.05700111389160156,
179,-3.2112717628479004,0.05582237243652344,
180,-3.0973265171051025,0.05635404586791992,-0.5772364735603333
181,-3.1084442138671875,0.13046741485595703,
182,-3.0771584510803223,0.05606269836425781,
183,-3.148120164871216,0.05704855918884277,
184,-3.033172130584717,0.05702686309814453,
185,-3.0498666763305664,0.05621910095214844,
186,-2.995975971221924,0.057178497314453125,
187,-3.1431796550750732,0.0553128719329834,
188,-3.1822638511657715,0.056749582290649414,
189,-3.0912020206451416,0.055965423583984375,
190,-3.1133053302764893,0.057842254638671875,-0.8837430477142334
191,-3.075246810913086,0.13030791282653809,
192,-3.3441734313964844,0.05667567253112793,
193,-3.0728533267974854,0.05625748634338379,
194,-3.1014797687530518,0.056064605712890625,
195,-3.2991087436676025,0.057028770446777344,
196,-3.1913347244262695,0.05722498893737793,
197,-3.1612207889556885,0.056194305419921875,
198,-3.1613376140594482,0.05699777603149414,
199,-3.2183001041412354,0.05751800537109375,
200,-3.136587619781494,0.05591416358947754,-0.8151970505714417
201,-3.1028032302856445,0.13016629219055176,
202,-3.1170811653137207,0.05556082725524902,
203,-3.211658239364624,0.05667996406555176,
204,-3.160470962524414,0.05771994590759277,
205,-3.2480030059814453,0.05668044090270996,
206,-3.085439443588257,0.056142330169677734,
207,-3.224118232727051,0.05734372138977051,
208,-3.404733180999756,0.05802011489868164,
209,-3.2451298236846924,0.05621957778930664,
210,-3.1702895164489746,0.056790828704833984,-0.607574462890625
211,-2.9961071014404297,0.12714862823486328,
212,-3.125810146331787,0.058440208435058594,
213,-3.2058017253875732,0.056413888931274414,
214,-3.2211499214172363,0.05619978904724121,
215,-3.27644944190979,0.05715513229370117,
216,-3.2202043533325195,0.060115814208984375,
217,-3.159106492996216,0.06048274040222168,
218,-3.321141242980957,0.06331157684326172,
219,-3.200744152069092,0.05533647537231445,
220,-3.3671886920928955,0.05646562576293945,-0.8227410316467285
221,-3.344938039779663,0.12807202339172363,
222,-3.2077925205230713,0.05589890480041504,
223,-3.3244333267211914,0.057206153869628906,
224,-3.2461495399475098,0.05559229850769043,
225,-3.4019126892089844,0.05617260932922363,
226,-3.248138666152954,0.05622410774230957,
227,-3.221371650695801,0.05549764633178711,
228,-3.1788957118988037,0.05747675895690918,
229,-3.2724781036376953,0.05715322494506836,
230,-3.382136821746826,0.05663037300109863,-0.600543200969696
231,-3.2662510871887207,0.1295778751373291,
232,-3.2902393341064453,0.05675530433654785,
233,-3.2547969818115234,0.05582451820373535,
234,-3.2165117263793945,0.05698585510253906,
235,-3.1660165786743164,0.057765960693359375,
236,-3.2906835079193115,0.05597519874572754,
237,-3.445991277694702,0.05629730224609375,
238,-3.2746787071228027,0.05771303176879883,
239,-3.1310033798217773,0.05707240104675293,
240,-3.1227784156799316,0.05566859245300293,-0.7570112347602844
241,-3.236342430114746,0.256009578704834,
242,-3.2767868041992188,0.05620884895324707,
243,-3.1998848915100098,0.05572056770324707,
244,-3.1854143142700195,0.05735349655151367,
245,-3.3180646896362305,0.05632281303405762,
246,-3.267827033996582,0.05626082420349121,
247,-3.2613120079040527,0.05733084678649902,
248,-3.3405466079711914,0.0568842887878418,
249,-3.3501906394958496,0.05615663528442383,
250,-3.2104504108428955,0.05691242218017578,-0.8326972723007202
251,-3.272768974304199,0.1273798942565918,
252,-3.282748222351074,0.058005332946777344,
253,-3.1826415061950684,0.05668950080871582,
254,-3.305023193359375,0.05647015571594238,
255,-3.334482192993164,0.05772137641906738,
256,-3.3700242042541504,0.056711435317993164,
257,-3.3759875297546387,0.055791616439819336,
258,-3.2237281799316406,0.0550990104675293,
259,-3.2638790607452393,0.055735111236572266,
260,-3.3887739181518555,0.056291818618774414,-0.7987662553787231
261,-3.2410097122192383,0.1322948932647705,
262,-3.3377416133880615,0.05544400215148926,
263,-3.351534366607666,0.05677080154418945,
264,-3.45499587059021,0.05786013603210449,
265,-3.3406219482421875,0.05710911750793457,
266,-3.32108211517334,0.05607891082763672,
267,-3.19748854637146,0.05711960792541504,
268,-3.4850597381591797,0.05668377876281738,
269,-3.2784903049468994,0.05685901641845703,
270,-3.197923183441162,0.05636405944824219,-0.6999181509017944
271,-3.25881290435791,0.13117718696594238,
272,-3.3763067722320557,0.05581045150756836,
273,-3.292984962463379,0.05723309516906738,
274,-3.2549076080322266,0.05578422546386719,
275,-3.350259780883789,0.05660533905029297,
276,-3.2036824226379395,0.05592060089111328,
277,-3.3208844661712646,0.05561351776123047,
278,-3.511488914489746,0.05721092224121094,
279,-3.3667197227478027,0.05686044692993164,
280,-3.4232053756713867,0.05605578422546387,-0.9394234418869019
281,-3.211033821105957,0.13259196281433105,
282,-3.3770625591278076,0.0561370849609375,
283,-3.3799209594726562,0.056715965270996094,
284,-3.39320969581604,0.05715179443359375,
285,-3.4439263343811035,0.05626177787780762,
286,-3.3799166679382324,0.0558319091796875,
287,-3.4599509239196777,0.05741572380065918,
288,-3.3878870010375977,0.0559086799621582,
289,-3.389850616455078,0.05583500862121582,
290,-3.4582014083862305,0.05533885955810547,-0.6277886629104614
291,-3.361142158508301,0.1293787956237793,
292,-3.3474273681640625,0.05710577964782715,
293,-3.461049795150757,0.0559391975402832,
294,-3.446439266204834,0.05505728721618652,
295,-3.3114166259765625,0.05618429183959961,
296,-3.286041736602783,0.057070016860961914,
297,-3.3579723834991455,0.05618548393249512,
298,-3.325814723968506,0.05793333053588867,
299,-3.4213461875915527,0.05637836456298828,
300,-3.515782356262207,0.05592513084411621,-0.8687305450439453
301,-3.4461021423339844,0.1305551528930664,
302,-3.3208959102630615,0.056052446365356445,
303,-3.4489798545837402,0.05680108070373535,
304,-3.5311996936798096,0.05721116065979004,
305,-3.3379673957824707,0.05649113655090332,
306,-3.3763115406036377,0.056493282318115234,
307,-3.486011505126953,0.057427406311035156,
308,-3.355151653289795,0.05648541450500488,
309,-3.3677139282226562,0.05652308464050293,
310,-3.322460651397705,0.057190895080566406,-0.5456553101539612
311,-3.437392234802246,0.1281108856201172,
312,-3.3861238956451416,0.05675005912780762,
313,-3.384848117828369,0.055010318756103516,
314,-3.328784465789795,0.05732011795043945,
315,-3.3747708797454834,0.057689666748046875,
316,-3.3518776893615723,0.056142330169677734,
317,-3.381993532180786,0.05596613883972168,
318,-3.457744598388672,0.05773019790649414,
319,-3.51930570602417,0.05516815185546875,
320,-3.5252315998077393,0.05579662322998047,-0.85980623960495
321,-3.571418285369873,0.12918400764465332,
322,-3.4653449058532715,0.05687141418457031,
323,-3.3080992698669434,0.05728507041931152,
324,-3.3994319438934326,0.05633378028869629,
325,-3.4328839778900146,0.05571889877319336,
326,-3.473346710205078,0.05723929405212402,
327,-3.4134533405303955,0.05903458595275879,
328,-3.389146327972412,0.05579733848571777,
329,-3.535475730895996,0.05550122261047363,
330,-3.5038211345672607,0.055387258529663086,-0.9740016460418701
331,-3.437361717224121,0.12710118293762207,
332,-3.364203929901123,0.05773448944091797,
333,-3.3682706356048584,0.0554811954498291,
334,-3.4222912788391113,0.05704212188720703,
335,-3.5195534229278564,0.05638456344604492,
336,-3.478109836578369,0.05603837966918945,
337,-3.323662519454956,0.05777907371520996,
338,-3.399792432785034,0.058515310287475586,
339,-3.5481226444244385,0.05777263641357422,
340,-3.483859062194824,0.05645632743835449,-0.8733341693878174
341,-3.4122707843780518,0.12855100631713867,
342,-3.519751787185669,0.05530953407287598,
343,-3.4174742698669434,0.05783247947692871,
344,-3.553635597229004,0.05593705177307129,
345,-3.465712547302246,0.05603909492492676,
346,-3.4512009620666504,0.05727076530456543,
347,-3.5376687049865723,0.05649304389953613,
348,-3.533782482147217,0.056700944900512695,
349,-3.4549379348754883,0.05698561668395996,
350,-3.5943446159362793,0.05759000778198242,-0.8170918822288513
351,-3.5450661182403564,0.1297619342803955,
352,-3.555138111114502,0.05741453170776367,
353,-3.551093101501465,0.05735325813293457,
354,-3.3834433555603027,0.05720162391662598,
355,-3.381812572479248,0.05610847473144531,
356,-3.245429754257202,0.05786395072937012,
357,-3.474717140197754,0.05690908432006836,
358,-3.3963303565979004,0.055829524993896484,
359,-3.4992308616638184,0.057127952575683594,
360,-3.59236741065979,0.05636858940124512,-0.687953531742096
361,-3.4634504318237305,0.25916433334350586,
362,-3.370515823364258,0.05636239051818848,
363,-3.255333423614502,0.05822634696960449,
364,-3.492908477783203,0.0575258731842041,
365,-3.538954019546509,0.055817604064941406,
366,-3.5537524223327637,0.05730843544006348,
367,-3.376328468322754,0.05675029754638672,
368,-3.55787992477417,0.056548118591308594,
369,-3.5221173763275146,0.05735349655151367,
370,-3.2444639205932617,0.05762815475463867,-0.6568878293037415
371,-3.3311238288879395,0.1321260929107666,
372,-3.5512332916259766,0.057700395584106445,
373,-3.5769474506378174,0.057839393615722656,
374,-3.5014119148254395,0.05624961853027344,
375,-3.4996490478515625,0.056375741958618164,
376,-3.6360628604888916,0.058400630950927734,
377,-3.568028450012207,0.056708335876464844,
378,-3.41117525100708,0.05608510971069336,
379,-3.4677233695983887,0.05715155601501465,
380,-3.5087971687316895,0.057021141052246094,-0.6711273789405823
381,-3.4516818523406982,0.13017702102661133,
382,-3.5850670337677,0.05792069435119629,
383,-3.5873217582702637,0.05593729019165039,
384,-3.484191656112671,0.055869102478027344,
385,-3.4473462104797363,0.05628633499145508,
386,-3.5035276412963867,0.055878639221191406,
387,-3.502288341522217,0.05625486373901367,
388,-3.670893669128418,0.057465314865112305,
389,-3.5207228660583496,0.057586669921875,
390,-3.4893481731414795,0.05683183670043945,-0.7561323046684265
391,-3.716463804244995,0.13520407676696777,
392,-3.5782575607299805,0.05763721466064453,
393,-3.553335189819336,0.05658078193664551,
394,-3.442969799041748,0.05612611770629883,
395,-3.634291172027588,0.05699014663696289,
396,-3.6143641471862793,0.056733131408691406,
397,-3.665436267852783,0.056073904037475586,
398,-3.557450771331787,0.05817985534667969,
399,-3.4996378421783447,0.05734419822692871,
400,-3.5589370727539062,0.0557255744934082,-0.7801989316940308
401,-3.556908130645752,0.13037681579589844,
402,-3.542815685272217,0.05520367622375488,
403,-3.5622663497924805,0.05596113204956055,
404,-3.5947189331054688,0.05776643753051758,
405,-3.5034241676330566,0.05616164207458496,
406,-3.576925277709961,0.05719113349914551,
407,-3.6314239501953125,0.057581424713134766,
408,-3.6394805908203125,0.05724811553955078,
409,-3.5419921875,0.056077003479003906,
410,-3.474935531616211,0.05714106559753418,-0.6538889408111572
411,-3.544006109237671,0.12969470024108887,
412,-3.483191967010498,0.05606269836425781,
413,-3.5934877395629883,0.056655168533325195,
414,-3.477304458618164,0.05501103401184082,
415,-3.6361100673675537,0.05602550506591797,
416,-3.4683570861816406,0.057700157165527344,
417,-3.5041756629943848,0.055692434310913086,
418,-3.57798433303833,0.055957794189453125,
419,-3.457298517227173,0.057303428649902344,
420,-3.5517418384552,0.05512523651123047,-0.6799211502075195
421,-3.643369197845459,0.13332009315490723,
422,-3.661510944366455,0.05727100372314453,
423,-3.516719102859497,0.05617642402648926,
424,-3.6228179931640625,0.055841684341430664,
425,-3.5566272735595703,0.05568838119506836,
426,-3.437844753265381,0.055633544921875,
427,-3.48077654838562,0.05661940574645996,
428,-3.600074052810669,0.0574948787689209,
429,-3.5139899253845215,0.05683326721191406,
430,-3.7036020755767822,0.05678701400756836,-0.8118569850921631
431,-3.570438861846924,0.13181805610656738,
432,-3.662325620651245,0.05573320388793945,
433,-3.469517946243286,0.05594801902770996,
434,-3.7148332595825195,0.055734872817993164,
435,-3.4818673133850098,0.05695533752441406,
436,-3.482178211212158,0.05802273750305176,
437,-3.482102632522583,0.05621790885925293,
438,-3.5790326595306396,0.05551958084106445,
439,-3.5318856239318848,0.056380271911621094,
440,-3.531655788421631,0.05678677558898926,-0.7484309673309326
441,-3.544499158859253,0.12904119491577148,
442,-3.6438779830932617,0.05625748634338379,
443,-3.592294692993164,0.05549955368041992,
444,-3.792865037918091,0.05689525604248047,
445,-3.638680934906006,0.05654430389404297,
446,-3.6580209732055664,0.05666947364807129,
447,-3.5670807361602783,0.05742502212524414,
448,-3.686807870864868,0.05641531944274902,
449,-3.641538619995117,0.05616188049316406,
450,-3.591886043548584,0.0574648380279541,-0.7069281935691833
451,-3.674325704574585,0.12777495384216309,
452,-3.5401055812835693,0.057337045669555664,
453,-3.8400864601135254,0.0564579963684082,
454,-3.6031436920166016,0.05527448654174805,
455,-3.6553351879119873,0.05831503868103027,
456,-3.6415696144104004,0.056893110275268555,
457,-3.6470725536346436,0.05620908737182617,
458,-3.619471549987793,0.0581212043762207,
459,-3.7612380981445312,0.05679726600646973,
460,-3.6645843982696533,0.056337594985961914,-0.7521843910217285
461,-3.4786486625671387,0.12778115272521973,
462,-3.527963638305664,0.05515480041503906,
463,-3.7984936237335205,0.05826616287231445,
464,-3.5237514972686768,0.055953264236450195,
465,-3.4352867603302,0.05590939521789551,
466,-3.537489414215088,0.057482004165649414,
467,-3.66776704788208,0.05570840835571289,
468,-3.7376863956451416,0.05444693565368652,
469,-3.578327178955078,0.05601334571838379,
470,-3.6134495735168457,0.05747818946838379,-0.8057711124420166
471,-3.6684350967407227,0.12787485122680664,
472,-3.6838464736938477,0.05704689025878906,
473,-3.786524772644043,0.05611300468444824,
474,-3.7317705154418945,0.057168006896972656,
475,-3.6030220985412598,0.0588381290435791,
476,-3.681858777999878,0.057195186614990234,
477,-3.63625168800354,0.055878400802612305,
478,-3.6478383541107178,0.0566558837890625,
479,-3.697995185852051,0.056943416595458984,
480,-3.583265781402588,0.05680489540100098,-0.8598244786262512
481,-3.5528550148010254,0.2391047477722168,
482,-3.6272988319396973,0.057228803634643555,
483,-3.673632860183716,0.055785417556762695,
484,-3.696284055709839,0.055826425552368164,
485,-3.665306329727173,0.05555272102355957,
486,-3.967985153198242,0.05545520782470703,
487,-3.664609909057617,0.05659914016723633,
488,-3.7354302406311035,0.056993961334228516,
489,-3.655059814453125,0.055623531341552734,
490,-3.6735494136810303,0.055626869201660156,-0.8835576176643372
491,-3.71854305267334,0.129852294921875,
492,-3.690793037414551,0.05542254447937012,
493,-3.6504509449005127,0.05757927894592285,
494,-3.5722713470458984,0.05588173866271973,
495,-3.7215490341186523,0.05902218818664551,
496,-3.597804546356201,0.057523488998413086,
497,-3.6496243476867676,0.05723714828491211,
498,-3.689469814300537,0.05758023262023926,
499,-3.710176467895508,0.056118011474609375,
500,-3.6479344367980957,0.057520389556884766,-0.8180325627326965
501,-3.668118953704834,0.12916970252990723,
502,-3.7023324966430664,0.057819366455078125,
503,-3.6439523696899414,0.05757737159729004,
504,-3.668081283569336,0.05646681785583496,
505,-3.7737021446228027,0.0558626651763916,
506,-3.7271978855133057,0.05751967430114746,
507,-3.6957333087921143,0.05710148811340332,
508,-3.6752333641052246,0.05673408508300781,
509,-3.500131130218506,0.05739951133728027,
510,-3.6513638496398926,0.05727720260620117,-0.6128755807876587
511,-3.729412078857422,0.13045954704284668,
512,-3.8022561073303223,0.0577692985534668,
513,-3.6318929195404053,0.056551218032836914,
514,-3.692258596420288,0.05637979507446289,
515,-3.750242233276367,0.05719494819641113,
516,-3.7152812480926514,0.055998802185058594,
517,-3.7401981353759766,0.05591130256652832,
518,-3.7248525619506836,0.055818796157836914,
519,-3.805583953857422,0.055777549743652344,
520,-3.4835972785949707,0.056325435638427734,-0.7288135290145874
521,-3.5968687534332275,0.1295485496520996,
522,-3.7219414710998535,0.0551142692565918,
523,-3.740950584411621,0.057085514068603516,
524,-3.586627244949341,0.055834293365478516,
525,-3.628359794616699,0.056396484375,
526,-3.5469706058502197,0.05775570869445801,
527,-3.8230159282684326,0.059014320373535156,
528,-3.567263126373291,0.05704665184020996,
529,-3.598236322402954,0.05570793151855469,
530,-3.737194776535034,0.05651402473449707,-0.9973874092102051
531,-3.7752432823181152,0.1300487518310547,
532,-3.633856773376465,0.056810855865478516,
533,-3.7344970703125,0.05756330490112305,
534,-3.7927651405334473,0.05655264854431152,
535,-3.731571912765503,0.05621075630187988,
536,-3.7349448204040527,0.056852102279663086,
537,-3.675497531890869,0.05728912353515625,
538,-3.7095448970794678,0.057143211364746094,
539,-3.696106433868408,0.05687403678894043,
540,-3.682561159133911,0.0569608211517334,-0.6696570515632629
541,-3.8328282833099365,0.12917852401733398,
542,-3.8048105239868164,0.05705714225769043,
543,-3.704937696456909,0.05556893348693848,
544,-3.8282551765441895,0.05779385566711426,
545,-3.724325656890869,0.05755734443664551,
546,-3.7434842586517334,0.05661511421203613,
547,-3.683403968811035,0.05586981773376465,
548,-3.695587396621704,0.05723142623901367,
549,-3.8280365467071533,0.0554203987121582,
550,-3.712825298309326,0.05625414848327637,-0.8322596549987793
551,-3.652971029281616,0.12610793113708496,
552,-3.624335765838623,0.056371212005615234,
553,-3.806532144546509,0.057088375091552734,
554,-3.754868745803833,0.05599069595336914,
555,-3.8000574111938477,0.055254459381103516,
556,-3.58103609085083,0.05580735206604004,
557,-3.781114101409912,0.05502796173095703,
558,-3.7658252716064453,0.05702495574951172,
559,-3.8531599044799805,0.057393789291381836,
560,-3.8341541290283203,0.054904937744140625,-0.7632064819335938
561,-3.724135160446167,0.12867164611816406,
562,-3.5627286434173584,0.0547335147857666,
563,-3.560577392578125,0.055045366287231445,
564,-3.6086196899414062,0.05614924430847168,
565,-3.8087339401245117,0.0558626651763916,
566,-3.7764158248901367,0.05707979202270508,
567,-3.8907699584960938,0.05744647979736328,
568,-3.6784210205078125,0.056000709533691406,
569,-3.911226272583008,0.0557253360748291,
570,-3.7327728271484375,0.05664944648742676,-0.6651474237442017
571,-3.8254032135009766,0.1295015811920166,
572,-3.841202735900879,0.05754899978637695,
573,-3.8600988388061523,0.05812978744506836,
574,-3.823197364807129,0.05622458457946777,
575,-3.640530586242676,0.05591177940368652,
576,-3.6099939346313477,0.058531761169433594,
577,-3.6613073348999023,0.05757594108581543,
578,-3.6664950847625732,0.05612349510192871,
579,-3.6885037422180176,0.056325674057006836,
580,-3.8220529556274414,0.05759286880493164,-0.9569076895713806
581,-3.6536645889282227,0.1305677890777588,
582,-3.653787851333618,0.05695962905883789,
583,-3.5682179927825928,0.05685162544250488,
584,-3.7538304328918457,0.05690312385559082,
585,-3.6628713607788086,0.056142568588256836,
586,-3.6653597354888916,0.05732154846191406,
587,-3.5836739540100098,0.05596470832824707,
588,-3.697680711746216,0.0557401180267334,
589,-3.7240517139434814,0.05663132667541504,
590,-3.739530086517334,0.05544471740722656,-0.7684416174888611
591,-3.7947440147399902,0.1301441192626953,
592,-3.78143310546875,0.05707979202270508,
593,-3.7047581672668457,0.055593013763427734,
594,-3.735846519470215,0.05643177032470703,
595,-3.749069929122925,0.05752229690551758,
596,-3.826004981994629,0.05624032020568848,
597,-3.715029239654541,0.05654025077819824,
598,-3.8014392852783203,0.05852651596069336,
599,-3.8564844131469727,0.055969953536987305,
600,-3.623574733734131,0.05569028854370117,-0.694665253162384
601,-3.783092975616455,0.2632007598876953,
602,-3.7869439125061035,0.05663037300109863,
603,-3.7644128799438477,0.05673384666442871,
604,-3.807474136352539,0.055457115173339844,
605,-3.8449654579162598,0.057518720626831055,
606,-3.789523124694824,0.05772876739501953,
607,-3.7458622455596924,0.05592489242553711,
608,-3.7841134071350098,0.055791616439819336,
609,-3.8602142333984375,0.058750152587890625,
610,-3.784733772277832,0.05612993240356445,-0.813451886177063
611,-3.9221858978271484,0.13007116317749023,
612,-3.9600205421447754,0.05632376670837402,
613,-3.7784805297851562,0.05579233169555664,
614,-3.605142116546631,0.05707740783691406,
615,-3.6898248195648193,0.05731463432312012,
616,-3.837718963623047,0.057569265365600586,
617,-3.805981159210205,0.056053876876831055,
618,-3.7381441593170166,0.056112051010131836,
619,-3.907573699951172,0.056183576583862305,
620,-3.691284656524658,0.05680060386657715,-0.9283034205436707
621,-3.652130365371704,0.1297471523284912,
622,-3.849728584289551,0.05588054656982422,
623,-3.622922420501709,0.056725263595581055,
624,-3.5315966606140137,0.05623888969421387,
625,-3.8372342586517334,0.05590629577636719,
626,-3.773876667022705,0.05736207962036133,
627,-3.7859225273132324,0.05756258964538574,
628,-3.8252854347229004,0.05616307258605957,
629,-3.8106532096862793,0.05733036994934082,
630,-3.9181747436523438,0.05914473533630371,-0.6616885662078857
631,-3.854341983795166,0.1318531036376953,
632,-3.676959276199341,0.05608987808227539,
633,-3.7800137996673584,0.05759930610656738,
634,-3.8695144653320312,0.05547618865966797,
635,-3.7922933101654053,0.056864261627197266,
636,-3.8784642219543457,0.05690360069274902,
637,-3.822999954223633,0.05682110786437988,
638,-3.849085807800293,0.05640530586242676,
639,-3.796283483505249,0.05560636520385742,
640,-3.8697361946105957,0.056125640869140625,-0.7642122507095337
641,-3.9576544761657715,0.1313920021057129,
642,-3.9906246662139893,0.0564877986907959,
643,-3.833702564239502,0.05559587478637695,
644,-3.6718454360961914,0.05759906768798828,
645,-3.898634910583496,0.05665421485900879,
646,-3.8936705589294434,0.05665087699890137,
647,-3.7786786556243896,0.05687427520751953,
648,-3.5849363803863525,0.056055545806884766,
649,-3.7331478595733643,0.0547490119934082,
650,-3.929259777069092,0.0551142692565918,-0.8800488710403442
651,-3.8772945404052734,0.12999987602233887,
652,-3.8123779296875,0.057337284088134766,
653,-3.8308236598968506,0.05722665786743164,
654,-3.8450510501861572,0.056534528732299805,
655,-3.6396162509918213,0.05714249610900879,
656,-3.7518060207366943,0.057271480560302734,
657,-3.725917100906372,0.056524038314819336,
658,-3.9465458393096924,0.05648636817932129,
659,-3.728163719177246,0.057807207107543945,
660,-3.6902060508728027,0.05807352066040039,-0.8390786051750183
661,-3.879453420639038,0.12906622886657715,
662,-3.9310178756713867,0.055336952209472656,
663,-3.7846121788024902,0.056903839111328125,
664,-3.8450021743774414,0.05584549903869629,
665,-3.7684261798858643,0.05754995346069336,
666,-3.9710028171539307,0.05831336975097656,
667,-3.7604904174804688,0.05700039863586426,
668,-3.6898281574249268,0.05625557899475098,
669,-3.877666473388672,0.057383060455322266,
670,-3.8044300079345703,0.058881282806396484,-0.7654885053634644
671,-3.8105902671813965,0.13434720039367676,
672,-3.9404356479644775,0.056179046630859375,
673,-3.8107621669769287,0.05688786506652832,
674,-3.756035327911377,0.05710887908935547,
675,-3.9245569705963135,0.05686163902282715,
676,-3.737234115600586,0.0557248592376709,
677,-3.8710732460021973,0.05706954002380371,
678,-3.827110528945923,0.05791974067687988,
679,-3.765303134918213,0.05585908889770508,
680,-3.9555070400238037,0.057181596755981445,-0.8338669538497925
681,-3.8493573665618896,0.12812447547912598,
682,-3.856870651245117,0.05617165565490723,
683,-3.846017360687256,0.057784318923950195,
684,-3.799812078475952,0.05753779411315918,
685,-3.65311861038208,0.05623579025268555,
686,-3.6660685539245605,0.057248592376708984,
687,-3.8333334922790527,0.05789470672607422,
688,-3.864762306213379,0.0565800666809082,
689,-3.856355667114258,0.05602717399597168,
690,-3.747593402862549,0.05591177940368652,-0.5576740503311157
691,-3.7061920166015625,0.13609862327575684,
692,-3.801551342010498,0.05709552764892578,
693,-3.796194553375244,0.05667519569396973,
694,-3.9365034103393555,0.05597400665283203,
695,-3.751763105392456,0.0566558837890625,
696,-3.8143858909606934,0.05706524848937988,
697,-3.8441553115844727,0.05693531036376953,
698,-3.8595433235168457,0.05849957466125488,
699,-3.80281400680542,0.05854177474975586,
700,-3.807218074798584,0.056139469146728516,-0.8095313906669617
701,-3.785694122314453,0.129988431930542,
702,-4.014509201049805,0.056574106216430664,
703,-3.8811187744140625,0.0562589168548584,
704,-3.699213981628418,0.055886268615722656,
705,-3.7983782291412354,0.05774736404418945,
706,-3.827315092086792,0.05596327781677246,
707,-3.7787978649139404,0.056432485580444336,
708,-3.77285099029541,0.05670452117919922,
709,-3.56229305267334,0.056185007095336914,
710,-3.7838258743286133,0.057324886322021484,-0.9728546142578125
711,-3.840397834777832,0.13381481170654297,
712,-3.7747373580932617,0.055890560150146484,
713,-3.7473340034484863,0.05615592002868652,
714,-3.7889976501464844,0.05773186683654785,
715,-3.7214431762695312,0.05633950233459473,
716,-3.823702335357666,0.0562739372253418,
717,-3.8069167137145996,0.05742502212524414,
718,-3.8727803230285645,0.05798220634460449,
719,-3.9187569618225098,0.05552339553833008,
720,-3.899113655090332,0.05573868751525879,-0.9162055253982544
721,-3.9130430221557617,0.26157212257385254,
722,-3.73313570022583,0.05768394470214844,
723,-3.816455364227295,0.05621671676635742,
724,-3.8610429763793945,0.05724835395812988,
725,-3.950883150100708,0.05857515335083008,
726,-3.865043878555298,0.05803084373474121,
727,-3.8523378372192383,0.057782888412475586,
728,-3.9239063262939453,0.056795358657836914,
729,-3.7780699729919434,0.057363271713256836,
730,-3.9408745765686035,0.056694746017456055,-0.7232955694198608
731,-3.7182466983795166,0.12644624710083008,
732,-3.7980151176452637,0.0564577579498291,
733,-3.854508399963379,0.056357383728027344,
734,-3.752471446990967,0.05765819549560547,
735,-3.777089834213257,0.05840134620666504,
736,-3.901668071746826,0.05554485321044922,
737,-3.7812957763671875,0.05706357955932617,
738,-3.9207139015197754,0.05774807929992676,
739,-3.7760491371154785,0.05570387840270996,
740,-3.8004403114318848,0.056463003158569336,-0.8304726481437683
741,-3.907341480255127,0.12920904159545898,
742,-3.823957681655884,0.05613589286804199,
743,-3.8794209957122803,0.05767321586608887,
744,-3.807896137237549,0.05773210525512695,
745,-3.9932615756988525,0.05667877197265625,
746,-3.8519482612609863,0.05629992485046387,
747,-3.82936692237854,0.058240413665771484,
748,-3.850289821624756,0.056049346923828125,
749,-3.984706401824951,0.05610322952270508,
750,-3.8164756298065186,0.05723714828491211,-0.7766065001487732
751,-3.8228988647460938,0.12761878967285156,
752,-3.936377763748169,0.056496381759643555,
753,-3.990222454071045,0.0555109977722168,
754,-3.90447735786438,0.056279897689819336,
755,-3.918276309967041,0.058339834213256836,
756,-3.897569179534912,0.05595827102661133,
757,-3.815474033355713,0.05600595474243164,
758,-3.8176116943359375,0.05705857276916504,
759,-3.7977824211120605,0.057991743087768555,
760,-3.7980237007141113,0.05784916877746582,-0.8965280652046204
761,-3.875203847885132,0.1344916820526123,
762,-3.8407492637634277,0.05714559555053711,
763,-3.8869149684906006,0.05667924880981445,
764,-3.9209775924682617,0.055732011795043945,
765,-3.9941964149475098,0.056447744369506836,
766,-3.898542881011963,0.05680060386657715,
767,-3.943809986114502,0.05555534362792969,
768,-3.8311591148376465,0.05567526817321777,
769,-3.929812431335449,0.05778384208679199,
770,-3.831521987915039,0.056868553161621094,-0.9182392954826355
771,-4.015236854553223,0.13167333602905273,
772,-4.055032730102539,0.057083845138549805,
773,-3.9310193061828613,0.05572986602783203,
774,-3.8665590286254883,0.05575680732727051,
775,-3.8528828620910645,0.0564727783203125,
776,-3.9442434310913086,0.056226253509521484,
777,-3.7260384559631348,0.055741071701049805,
778,-3.9013009071350098,0.057839155197143555,
779,-3.9579124450683594,0.0576174259185791,
780,-3.925318479537964,0.05586099624633789,-0.8764908909797668
781,-3.8922698497772217,0.12797117233276367,
782,-3.91660737991333,0.05568265914916992,
783,-3.9094743728637695,0.05670285224914551,
784,-4.040287494659424,0.05577445030212402,
785,-3.9417595863342285,0.056084632873535156,
786,-3.951970100402832,0.05702471733093262,
787,-3.9995460510253906,0.05610966682434082,
788,-3.9873921871185303,0.0561830997467041,
789,-4.043020248413086,0.057111501693725586,
790,-3.9223484992980957,0.056943416595458984,-0.9361458420753479
791,-3.8390533924102783,0.13130402565002441,
792,-3.895958185195923,0.05554676055908203,
793,-3.9332592487335205,0.05582880973815918,
794,-3.8514504432678223,0.05515885353088379,
795,-3.873638153076172,0.055552005767822266,
796,-3.8954849243164062,0.05605316162109375,
797,-3.9253299236297607,0.05652451515197754,
798,-3.828547954559326,0.05774378776550293,
799,-3.940890073776245,0.0573270320892334,
800,-3.913121223449707,0.05573773384094238,-1.0237301588058472
801,-3.901200532913208,0.13064050674438477,
802,-3.8196816444396973,0.05584597587585449,
803,-3.7255172729492188,0.05624055862426758,
804,-3.798691749572754,0.05695700645446777,
805,-3.8783793449401855,0.05597257614135742,
806,-3.7566566467285156,0.05751371383666992,
807,-3.7736387252807617,0.05818462371826172,
808,-3.711581230163574,0.05760049819946289,
809,-3.823948383331299,0.057004690170288086,
810,-3.8728532791137695,0.056426048278808594,-1.0423424243927002
811,-3.8394806385040283,0.13332152366638184,
812,-3.888793468475342,0.05587363243103027,
813,-3.7597768306732178,0.0567626953125,
814,-3.812485456466675,0.057153940200805664,
815,-3.998924732208252,0.05650162696838379,
816,-3.8716940879821777,0.05723214149475098,
817,-3.969146490097046,0.05779409408569336,
818,-3.924363613128662,0.05705118179321289,
819,-3.8120813369750977,0.05624246597290039,
820,-3.887728691101074,0.057009220123291016,-0.7963441610336304
821,-4.0133490562438965,0.12775135040283203,
822,-3.963808059692383,0.05731368064880371,
823,-3.9509811401367188,0.058211565017700195,
824,-3.8852896690368652,0.05743908882141113,
825,-3.9171242713928223,0.0560760498046875,
826,-3.959097146987915,0.057175397872924805,
827,-3.814568519592285,0.05617785453796387,
828,-3.763841390609741,0.05693793296813965,
829,-3.806095600128174,0.05704927444458008,
830,-3.9256696701049805,0.05608510971069336,-1.066779375076294
831,-3.869479179382324,0.13064336776733398,
832,-3.7872843742370605,0.05778694152832031,
833,-4.009613990783691,0.056270599365234375,
834,-3.9193878173828125,0.05621194839477539,
835,-3.9091696739196777,0.05701422691345215,
836,-3.8524131774902344,0.05585074424743652,
837,-3.9846482276916504,0.0562593936920166,
838,-3.8904480934143066,0.057970285415649414,
839,-3.9020798206329346,0.05811452865600586,
840,-4.016155242919922,0.05596041679382324,-0.9293859004974365
841,-3.876816749572754,0.128615140914917,
842,-3.985294818878174,0.05568838119506836,
843,-4.013017654418945,0.05757594108581543,
844,-3.886840343475342,0.05733609199523926,
845,-4.0545220375061035,0.056987762451171875,
846,-3.9565813541412354,0.058266639709472656,
847,-3.9667694568634033,0.05762887001037598,
848,-3.958298921585083,0.05602264404296875,
849,-4.000046730041504,0.05719161033630371,
850,-3.86683988571167,0.05773520469665527,-0.8701142072677612
851,-4.108382225036621,0.2655298709869385,
852,-3.9510374069213867,0.05593562126159668,
853,-3.953179359436035,0.05468630790710449,
854,-3.971233367919922,0.057625532150268555,
855,-4.003328323364258,0.05753469467163086,
856,-3.922579526901245,0.0584712028503418,
857,-3.9852569103240967,0.055376529693603516,
858,-3.752734661102295,0.056728363037109375,
859,-3.977421522140503,0.05882835388183594,
860,-3.790245532989502,0.05736374855041504,-0.8770353198051453
861,-3.8680171966552734,0.12888312339782715,
862,-3.9003183841705322,0.057318925857543945,
863,-3.8748703002929688,0.0561676025390625,
864,-3.955437660217285,0.05638456344604492,
865,-3.8642024993896484,0.056687355041503906,
866,-3.8502042293548584,0.0563504695892334,
867,-4.036764144897461,0.05607795715332031,
868,-3.9882283210754395,0.05784869194030762,
869,-3.9345197677612305,0.05667853355407715,
870,-3.8599371910095215,0.05634260177612305,-1.1086113452911377
871,-3.8753466606140137,0.12847518920898438,
872,-3.9364688396453857,0.05571627616882324,
873,-3.8762850761413574,0.05765485763549805,
874,-3.81946063041687,0.057767629623413086,
875,-4.07147741317749,0.05598783493041992,
876,-3.7854816913604736,0.0577387809753418,
877,-3.9454197883605957,0.05795860290527344,
878,-4.011509418487549,0.05612993240356445,
879,-3.8159570693969727,0.05675911903381348,
880,-3.9253416061401367,0.05762028694152832,-0.7290911078453064
881,-4.061675548553467,0.13270974159240723,
882,-4.112161159515381,0.055875301361083984,
883,-4.012691020965576,0.05727338790893555,
884,-3.9683997631073,0.05553865432739258,
885,-4.054900169372559,0.05627870559692383,
886,-4.03192138671875,0.057961225509643555,
887,-3.9520328044891357,0.0557401180267334,
888,-3.905834674835205,0.055902957916259766,
889,-4.041533470153809,0.05576205253601074,
890,-3.952124834060669,0.05608510971069336,-0.8307671546936035
891,-4.061694145202637,0.13016915321350098,
892,-3.8840293884277344,0.05612921714782715,
893,-3.9208195209503174,0.05639958381652832,
894,-3.92488169670105,0.05915999412536621,
895,-4.069185256958008,0.056195974349975586,
896,-3.977309226989746,0.05609393119812012,
897,-4.005718231201172,0.05672097206115723,
898,-3.9332613945007324,0.05630898475646973,
899,-4.091021537780762,0.0563657283782959,
900,-3.93701171875,0.05783247947692871,-0.9179717302322388
901,-3.931689977645874,0.13302850723266602,
902,-3.9994843006134033,0.055640459060668945,
903,-3.9197230339050293,0.05852007865905762,
904,-3.9580435752868652,0.05790114402770996,
905,-3.9048690795898438,0.05663633346557617,
906,-3.9333431720733643,0.05592989921569824,
907,-4.057629585266113,0.05840182304382324,
908,-4.028059005737305,0.05780363082885742,
909,-3.934715509414673,0.05668473243713379,
910,-3.892887592315674,0.05578899383544922,-0.8518389463424683
911,-3.9920496940612793,0.13201236724853516,
912,-3.919908046722412,0.05586123466491699,
913,-3.8828301429748535,0.05704617500305176,
914,-3.840118646621704,0.0574946403503418,
915,-4.02626895904541,0.0561823844909668,
916,-4.201473712921143,0.05653500556945801,
917,-4.015407085418701,0.05759739875793457,
918,-4.008898735046387,0.056292057037353516,
919,-3.97996187210083,0.05668067932128906,
920,-3.8690249919891357,0.05846548080444336,-0.8997131586074829
921,-3.992159128189087,0.1302018165588379,
922,-3.9588723182678223,0.056001901626586914,
923,-3.9530515670776367,0.05793499946594238,
924,-4.018611907958984,0.05714535713195801,
925,-3.9720571041107178,0.055757761001586914,
926,-3.9181160926818848,0.056717872619628906,
927,-3.9448840618133545,0.055748939514160156,
928,-3.916506290435791,0.05663251876831055,
929,-4.039488792419434,0.0561826229095459,
930,-3.769341230392456,0.055941104888916016,-1.0265045166015625
931,-4.023078918457031,0.13500452041625977,
932,-4.105490684509277,0.055941104888916016,
933,-3.9995017051696777,0.05767416954040527,
934,-4.056705474853516,0.05646204948425293,
935,-4.001213073730469,0.056128740310668945,
936,-4.161456108093262,0.055680274963378906,
937,-3.9296209812164307,0.055463552474975586,
938,-3.968731641769409,0.05565142631530762,
939,-3.955559253692627,0.05797910690307617,
940,-3.989978075027466,0.05603837966918945,-0.7728444933891296
941,-4.04440975189209,0.1284160614013672,
942,-4.003114700317383,0.05692338943481445,
943,-4.032448768615723,0.05625772476196289,
944,-3.9868459701538086,0.05687689781188965,
945,-4.010908603668213,0.05515480041503906,
946,-3.9411633014678955,0.05512666702270508,
947,-3.984936475753784,0.05866813659667969,
948,-3.9393649101257324,0.05629420280456543,
949,-3.91617488861084,0.05601954460144043,
950,-4.058122158050537,0.057821035385131836,-0.8821942806243896
951,-4.0341796875,0.13188934326171875,
952,-3.960329055786133,0.056372642517089844,
953,-3.8268849849700928,0.05714249610900879,
954,-4.173262119293213,0.05715489387512207,
955,-4.07393217086792,0.05630922317504883,
956,-4.021880626678467,0.05701613426208496,
957,-3.9967761039733887,0.05661606788635254,
958,-3.8424291610717773,0.05657076835632324,
959,-3.9196324348449707,0.05637168884277344,
960,-3.9255502223968506,0.05754828453063965,-0.9577382206916809
961,-3.964109420776367,0.12940740585327148,
962,-3.8881354331970215,0.05719447135925293,
963,-3.890092372894287,0.056638479232788086,
964,-3.954559564590454,0.05727529525756836,
965,-4.089421272277832,0.056793212890625,
966,-3.958552837371826,0.058536529541015625,
967,-3.8883886337280273,0.056760311126708984,
968,-3.943964719772339,0.056026458740234375,
969,-4.006537914276123,0.05684995651245117,
970,-3.836625576019287,0.05737447738647461,-0.8785731792449951
971,-3.938441276550293,0.2647273540496826,
972,-3.952498197555542,0.05796051025390625,
973,-3.9928596019744873,0.05501818656921387,
974,-3.9427247047424316,0.05553841590881348,
975,-3.928774356842041,0.055875539779663086,
976,-4.062504291534424,0.055973052978515625,
977,-4.1828389167785645,0.05606222152709961,
978,-4.060827255249023,0.05718684196472168,
979,-3.9164280891418457,0.056253910064697266,
980,-3.8922231197357178,0.05614161491394043,-0.7688206434249878
981,-3.894646644592285,0.13072466850280762,
982,-4.107528209686279,0.05579113960266113,
983,-4.107767581939697,0.058595895767211914,
984,-4.087668418884277,0.056351661682128906,
985,-4.053743362426758,0.05618166923522949,
986,-4.03522253036499,0.0573267936706543,
987,-4.057046890258789,0.05636310577392578,
988,-3.952984094619751,0.05525660514831543,
989,-3.92525577545166,0.05666780471801758,
990,-3.9777045249938965,0.057106733322143555,-0.6757177710533142
991,-4.066649436950684,0.13068675994873047,
992,-4.133777141571045,0.05705451965332031,
993,-4.133149147033691,0.05504965782165527,
994,-3.998626708984375,0.056112051010131836,
995,-3.9815688133239746,0.056372642517089844,
996,-4.002439498901367,0.05565476417541504,
997,-3.8238682746887207,0.05705571174621582,
998,-3.8963589668273926,0.05637669563293457,
999,-3.9151546955108643,0.055873870849609375,
1000,-4.125146389007568,0.05753278732299805,-0.9196411967277527
1001,-4.055669784545898,0.13072872161865234,
1002,-3.979830026626587,0.05546426773071289,
1003,-3.892402410507202,0.05668044090270996,
1004,-4.128970623016357,0.056024789810180664,
1005,-4.12374210357666,0.057266950607299805,
1006,-4.051155090332031,0.05655193328857422,
1007,-3.9534873962402344,0.056777238845825195,
1008,-4.164368152618408,0.05720162391662598,
1009,-4.208671569824219,0.05732369422912598,
1010,-3.915916919708252,0.055962562561035156,-1.0613212585449219
1011,-3.921449661254883,0.13254952430725098,
1012,-4.015537738800049,0.05762076377868652,
1013,-4.049663066864014,0.056287527084350586,
1014,-3.9185400009155273,0.05566215515136719,
1015,-3.9900903701782227,0.057515859603881836,
1016,-3.9330272674560547,0.05649375915527344,
1017,-3.9732561111450195,0.056527137756347656,
1018,-4.268049716949463,0.056859731674194336,
1019,-4.041619300842285,0.05679798126220703,
1020,-4.059535980224609,0.055635929107666016,-1.0730308294296265
1021,-4.081137180328369,0.12935209274291992,
1022,-4.037559509277344,0.056232452392578125,
1023,-4.0008134841918945,0.05712556838989258,
1024,-4.014194965362549,0.056939125061035156,
1025,-4.069536209106445,0.056136131286621094,
1026,-4.071038246154785,0.05718517303466797,
1027,-3.9740874767303467,0.05802011489868164,
1028,-4.1573052406311035,0.057259321212768555,
1029,-4.0201416015625,0.05624890327453613,
1030,-4.035097122192383,0.05753135681152344,-0.8225890398025513
1031,-3.9785690307617188,0.12856817245483398,
1032,-4.096379280090332,0.056317806243896484,
1033,-4.079817771911621,0.057126760482788086,
1034,-3.8685836791992188,0.05661797523498535,
1035,-3.932652711868286,0.056973934173583984,
1036,-4.0092315673828125,0.0561070442199707,
1037,-4.1150803565979,0.05640578269958496,
1038,-4.088598251342773,0.05745244026184082,
1039,-3.9894537925720215,0.056644439697265625,
1040,-4.044772624969482,0.056182861328125,-0.8091299533843994
1041,-4.219174861907959,0.1302645206451416,
1042,-3.957625389099121,0.05640149116516113,
1043,-4.019951343536377,0.0547175407409668,
1044,-4.1402812004089355,0.05650639533996582,
1045,-4.08602237701416,0.0568699836730957,
1046,-4.062641143798828,0.05622100830078125,
1047,-4.100494384765625,0.05598282814025879,
1048,-4.219802379608154,0.05695533752441406,
1049,-4.1535820960998535,0.0579833984375,
1050,-4.061720848083496,0.05623316764831543,-0.8878232836723328
1051,-4.181147575378418,0.12938570976257324,
1052,-4.198001384735107,0.057633399963378906,
1053,-3.9488043785095215,0.05650734901428223,
1054,-3.941986322402954,0.05741405487060547,
1055,-4.081833839416504,0.055893659591674805,
1056,-4.01438045501709,0.05603218078613281,
1057,-4.228426933288574,0.056587934494018555,
1058,-4.20322322845459,0.05667304992675781,
1059,-4.10865592956543,0.05595111846923828,
1060,-4.148077964782715,0.058431386947631836,-0.9302562475204468
1061,-4.074923515319824,0.13495755195617676,
1062,-4.054370880126953,0.05598878860473633,
1063,-4.047237873077393,0.05758547782897949,
1064,-4.1085100173950195,0.057483673095703125,
1065,-4.062592029571533,0.056877851486206055,
1066,-4.035098552703857,0.05608510971069336,
1067,-4.0762763023376465,0.05981326103210449,
1068,-4.092901229858398,0.05720019340515137,
1069,-4.044444561004639,0.054953575134277344,
1070,-4.120129585266113,0.05727672576904297,-0.8669744729995728
1071,-4.0799055099487305,0.13635587692260742,
1072,-4.16091251373291,0.05821871757507324,
1073,-4.02772331237793,0.05705690383911133,
1074,-4.003334045410156,0.05576157569885254,
1075,-4.017375469207764,0.05752229690551758,
1076,-4.060620307922363,0.0560297966003418,
1077,-3.904419183731079,0.05650448799133301,
1078,-3.9883222579956055,0.0570676326751709,
1079,-4.0503058433532715,0.05595135688781738,
1080,-4.149316787719727,0.0557401180267334,-0.9797991514205933
1081,-4.021463394165039,0.13032889366149902,
1082,-4.07399845123291,0.0576930046081543,
1083,-4.023381233215332,0.05590629577636719,
1084,-3.9914278984069824,0.058469295501708984,
1085,-3.997015953063965,0.05635809898376465,
1086,-3.9719715118408203,0.05684638023376465,
1087,-4.169577598571777,0.05576324462890625,
1088,-4.089960098266602,0.05707550048828125,
1089,-4.176294326782227,0.05607151985168457,
1090,-4.270151138305664,0.05666065216064453,-1.0682449340820312
1091,-4.147426605224609,0.2652733325958252,
1092,-4.015390872955322,0.05570626258850098,
1093,-4.04175329208374,0.057909250259399414,
1094,-4.0121259689331055,0.05583477020263672,
1095,-4.074773788452148,0.05593276023864746,
1096,-3.9712581634521484,0.05731391906738281,
1097,-3.892296314239502,0.057477712631225586,
1098,-4.128026962280273,0.055651187896728516,
1099,-4.18646240234375,0.056757450103759766,
1100,-4.159248352050781,0.05663943290710449,-0.9001877307891846
1101,-4.146069526672363,0.13051176071166992,
1102,-4.085646152496338,0.05775594711303711,
1103,-4.166566371917725,0.056243896484375,
1104,-4.158220291137695,0.057045698165893555,
1105,-4.030974864959717,0.05624890327453613,
1106,-4.232240200042725,0.0559237003326416,
1107,-4.101102352142334,0.05645561218261719,
1108,-4.03126859664917,0.05773520469665527,
1109,-4.110254764556885,0.056270599365234375,
1110,-4.2964630126953125,0.05522656440734863,-0.8126842975616455
1111,-4.218747615814209,0.1300196647644043,
1112,-4.114325046539307,0.05740523338317871,
1113,-4.013611316680908,0.056340694427490234,
1114,-4.079345703125,0.05762338638305664,
1115,-4.128594875335693,0.055139780044555664,
1116,-4.304117202758789,0.0559079647064209,
1117,-4.150181293487549,0.05795598030090332,
1118,-4.095049858093262,0.055513858795166016,
1119,-4.092801094055176,0.05692172050476074,
1120,-4.184719085693359,0.05818581581115723,-0.9377764463424683
1121,-4.139352321624756,0.1294236183166504,
1122,-4.143206596374512,0.05712270736694336,
1123,-4.036444664001465,0.05648016929626465,
1124,-4.11420202255249,0.056749820709228516,
1125,-4.010323524475098,0.05756735801696777,
1126,-4.1555938720703125,0.05678129196166992,
1127,-4.1568098068237305,0.055936336517333984,
1128,-4.035436630249023,0.056233882904052734,
1129,-3.976099729537964,0.0561823844909668,
1130,-4.056658744812012,0.056905269622802734,-0.9115837216377258
1131,-4.040471076965332,0.13022422790527344,
1132,-3.975496530532837,0.05590343475341797,
1133,-3.981206178665161,0.0567021369934082,
1134,-4.007232666015625,0.056705474853515625,
1135,-3.9469213485717773,0.055873870849609375,
1136,-3.9309303760528564,0.056761741638183594,
1137,-3.9911727905273438,0.05580782890319824,
1138,-4.001551151275635,0.055524587631225586,
1139,-4.081413269042969,0.05686020851135254,
1140,-4.033123016357422,0.056908607482910156,-0.6488099694252014
1141,-3.948779582977295,0.1289374828338623,
1142,-4.038747787475586,0.05732321739196777,
1143,-4.062636375427246,0.05648636817932129,
1144,-4.074967384338379,0.05578756332397461,
1145,-4.179941654205322,0.05618023872375488,
1146,-4.085053443908691,0.05479264259338379,
1147,-3.9679934978485107,0.05652928352355957,
1148,-4.070487976074219,0.057550907135009766,
1149,-3.8695409297943115,0.05750155448913574,
1150,-4.0133442878723145,0.05627775192260742,-0.6426573395729065
1151,-3.956249237060547,0.1297445297241211,
1152,-3.9601683616638184,0.05808115005493164,
1153,-4.038084030151367,0.058286190032958984,
1154,-4.127662658691406,0.05750894546508789,
1155,-4.025702476501465,0.05568695068359375,
1156,-4.158379554748535,0.05697131156921387,
1157,-4.191368579864502,0.056522369384765625,
1158,-4.123167514801025,0.05518674850463867,
1159,-4.001264572143555,0.055082082748413086,
1160,-3.9381766319274902,0.05586647987365723,-0.7736834287643433
1161,-4.164798736572266,0.12798285484313965,
1162,-4.238990306854248,0.056102752685546875,
1163,-4.006740093231201,0.05693554878234863,
1164,-4.139603614807129,0.05838489532470703,
1165,-4.2307538986206055,0.05820775032043457,
1166,-4.1210527420043945,0.05704140663146973,
1167,-4.0678911209106445,0.056385040283203125,
1168,-4.020547389984131,0.058217525482177734,
1169,-4.128454208374023,0.05749773979187012,
1170,-4.232684135437012,0.05614161491394043,-0.8784447312355042
1171,-4.034743309020996,0.1313631534576416,
1172,-4.072343349456787,0.05743002891540527,
1173,-4.038531303405762,0.05641961097717285,
1174,-4.239123821258545,0.05643272399902344,
1175,-4.102574825286865,0.05736255645751953,
1176,-4.070192337036133,0.05651068687438965,
1177,-4.159515857696533,0.05655050277709961,
1178,-4.157713890075684,0.05738329887390137,
1179,-4.2332658767700195,0.05681443214416504,
1180,-4.012731552124023,0.0565800666809082,-0.863042950630188
1181,-4.196254730224609,0.1283736228942871,
1182,-4.045095920562744,0.05647897720336914,
1183,-4.027237415313721,0.05733060836791992,
1184,-4.059056282043457,0.05602836608886719,
1185,-4.091728687286377,0.05599164962768555,
1186,-4.101914405822754,0.05747532844543457,
1187,-4.139080047607422,0.05698084831237793,
1188,-4.104325294494629,0.05608940124511719,
1189,-3.9314703941345215,0.056928396224975586,
1190,-3.9206831455230713,0.05744361877441406,-0.9696084260940552
1191,-4.152220726013184,0.131483793258667,
1192,-4.168208122253418,0.05808448791503906,
1193,-4.207799911499023,0.056412458419799805,
1194,-4.083639621734619,0.05611610412597656,
1195,-4.164007663726807,0.05579662322998047,
1196,-4.027848243713379,0.05664515495300293,
1197,-4.0882568359375,0.0562901496887207,
1198,-4.00517463684082,0.056568145751953125,
1199,-4.125354766845703,0.05482125282287598,
1200,-4.182734966278076,0.05508303642272949,-0.816581666469574
1201,-4.194270133972168,0.1328122615814209,
1202,-4.149277687072754,0.05777907371520996,
1203,-4.202109336853027,0.05636239051818848,
1204,-4.0985846519470215,0.056836605072021484,
1205,-4.172720909118652,0.05803799629211426,
1206,-4.159057140350342,0.05932807922363281,
1207,-4.258535385131836,0.0559382438659668,
1208,-4.26137638092041,0.055605173110961914,
1209,-4.158099174499512,0.05670332908630371,
1210,-4.243503570556641,0.056038618087768555,-0.7460525631904602
1211,-4.169820785522461,0.12971282005310059,
1212,-4.242525577545166,0.056162357330322266,
1213,-4.13481330871582,0.05646324157714844,
1214,-4.02707576751709,0.057932376861572266,
1215,-4.02357292175293,0.05598902702331543,
1216,-4.066247940063477,0.05737423896789551,
1217,-4.093327522277832,0.05742192268371582,
1218,-4.1601457595825195,0.05583596229553223,
1219,-4.072599411010742,0.0568544864654541,
1220,-4.164508819580078,0.05836987495422363,-0.7714897990226746
1221,-4.1699347496032715,0.2663412094116211,
1222,-4.008111476898193,0.0570979118347168,
1223,-4.1857428550720215,0.05548262596130371,
1224,-4.253330230712891,0.05606722831726074,
1225,-4.054065227508545,0.05725860595703125,
1226,-3.959768772125244,0.056636810302734375,
1227,-4.056482315063477,0.05626797676086426,
1228,-4.257359981536865,0.057394981384277344,
1229,-4.031366348266602,0.055678367614746094,
1230,-4.033890724182129,0.05543828010559082,-0.8927528858184814
1231,-3.9983179569244385,0.12926554679870605,
1232,-4.044663429260254,0.05759000778198242,
1233,-4.128643035888672,0.05680441856384277,
1234,-4.052459716796875,0.05726361274719238,
1235,-4.165903091430664,0.05692410469055176,
1236,-4.2495012283325195,0.056025028228759766,
1237,-4.118292808532715,0.05643439292907715,
1238,-4.122217655181885,0.055745840072631836,
1239,-4.080441474914551,0.05716395378112793,
1240,-4.035359859466553,0.05821418762207031,-0.8076285719871521
1241,-4.122672080993652,0.13097095489501953,
1242,-4.176731109619141,0.056298017501831055,
1243,-4.040175914764404,0.05597257614135742,
1244,-4.112206935882568,0.05547761917114258,
1245,-4.053873062133789,0.05720782279968262,
1246,-4.209087371826172,0.057219743728637695,
1247,-4.228246688842773,0.0564417839050293,
1248,-4.217360496520996,0.057738542556762695,
1249,-4.1315507888793945,0.05707192420959473,
1250,-3.983961343765259,0.057375431060791016,-0.7679629921913147
1251,-4.0516791343688965,0.13129734992980957,
1252,-4.105091094970703,0.05725407600402832,
1253,-4.143245220184326,0.05541849136352539,
1254,-4.102985382080078,0.05617976188659668,
1255,-4.03725004196167,0.05667567253112793,
1256,-4.106091022491455,0.056250572204589844,
1257,-3.9864420890808105,0.05704236030578613,
1258,-4.215680122375488,0.05681896209716797,
1259,-4.200904846191406,0.05656266212463379,
1260,-4.067167282104492,0.05723381042480469,-0.7375393509864807
1261,-4.258313179016113,0.13037967681884766,
1262,-4.066478729248047,0.05580782890319824,
1263,-4.0812554359436035,0.05694580078125,
1264,-3.9458577632904053,0.05488133430480957,
1265,-4.223438262939453,0.05571889877319336,
1266,-4.163514614105225,0.05769944190979004,
1267,-4.138916015625,0.055440425872802734,
1268,-4.152736186981201,0.05680561065673828,
1269,-4.154955863952637,0.059131622314453125,
1270,-4.183579444885254,0.055335283279418945,-0.8285990953445435
1271,-4.129248142242432,0.12728095054626465,
1272,-4.153605937957764,0.056380271911621094,
1273,-4.303659439086914,0.05645489692687988,
1274,-4.102265357971191,0.05712747573852539,
1275,-4.158918857574463,0.05751800537109375,
1276,-4.1708574295043945,0.056819915771484375,
1277,-4.103660583496094,0.05612492561340332,
1278,-4.266448020935059,0.05619072914123535,
1279,-4.231778621673584,0.05760383605957031,
1280,-4.230740547180176,0.056070804595947266,-0.7772077918052673
1281,-4.2884392738342285,0.12813115119934082,
1282,-4.127674579620361,0.056513309478759766,
1283,-4.236128330230713,0.057695627212524414,
1284,-4.117271423339844,0.05642962455749512,
1285,-4.216561317443848,0.05605053901672363,
1286,-4.130673408508301,0.05608391761779785,
1287,-4.0380706787109375,0.058019399642944336,
1288,-4.107547760009766,0.05689740180969238,
1289,-4.123665809631348,0.05623197555541992,
1290,-4.033441543579102,0.057967185974121094,-0.7310786843299866
1291,-4.24650764465332,0.12759780883789062,
1292,-4.133814811706543,0.05557441711425781,
1293,-4.262824535369873,0.05535078048706055,
1294,-4.209202289581299,0.056932687759399414,
1295,-4.16865348815918,0.05826234817504883,
1296,-4.259709358215332,0.056278228759765625,
1297,-4.265712738037109,0.05560946464538574,
1298,-4.207643508911133,0.05728912353515625,
1299,-4.183956146240234,0.057266950607299805,
1300,-4.209427356719971,0.0561070442199707,-0.7385596632957458
1301,-4.20686674118042,0.12864184379577637,
1302,-4.171719074249268,0.055933475494384766,
1303,-4.043264389038086,0.05607724189758301,
1304,-3.934096574783325,0.05731511116027832,
1305,-4.085851192474365,0.05599164962768555,
1306,-4.079619884490967,0.05705428123474121,
1307,-4.2446208000183105,0.056182861328125,
1308,-4.077759265899658,0.05594682693481445,
1309,-4.151311874389648,0.05706596374511719,
1310,-4.190229415893555,0.05626320838928223,-0.9461112022399902
1311,-4.158598899841309,0.13258886337280273,
1312,-4.010225296020508,0.05676007270812988,
1313,-4.075595855712891,0.05738210678100586,
1314,-4.098723411560059,0.057121992111206055,
1315,-4.2874226570129395,0.055854082107543945,
1316,-4.231367111206055,0.05692481994628906,
1317,-4.240274429321289,0.05788922309875488,
1318,-4.175673484802246,0.05588197708129883,
1319,-4.25173807144165,0.056336164474487305,
1320,-4.141539573669434,0.056549072265625,-0.6492650508880615
1321,-4.228895664215088,0.13048720359802246,
1322,-4.343645095825195,0.05763864517211914,
1323,-4.185917854309082,0.05598878860473633,
1324,-4.214247703552246,0.056691884994506836,
1325,-4.25768518447876,0.05780434608459473,
1326,-4.1935343742370605,0.05643773078918457,
1327,-4.248702526092529,0.05602073669433594,
1328,-4.143041610717773,0.05783796310424805,
1329,-4.360945224761963,0.05616140365600586,
1330,-4.22379207611084,0.05532479286193848,-0.8784703016281128
1331,-4.315993309020996,0.12816500663757324,
1332,-4.323138236999512,0.05624723434448242,
1333,-4.186415195465088,0.05755805969238281,
1334,-4.126636505126953,0.05818057060241699,
1335,-4.263188362121582,0.05630040168762207,
1336,-4.343916416168213,0.05703544616699219,
1337,-4.301220417022705,0.0569767951965332,
1338,-4.174499988555908,0.056366682052612305,
1339,-4.170409679412842,0.05633187294006348,
1340,-4.138127326965332,0.057109832763671875,-1.0531874895095825
1341,-4.258622646331787,0.2688918113708496,
1342,-4.221121788024902,0.054654598236083984,
1343,-4.320666313171387,0.05676555633544922,
1344,-4.210275650024414,0.05675220489501953,
1345,-4.264727592468262,0.05582284927368164,
1346,-4.156482696533203,0.05718064308166504,
1347,-4.250916481018066,0.056146860122680664,
1348,-4.185609817504883,0.056716203689575195,
1349,-4.310464859008789,0.05838298797607422,
1350,-4.197434902191162,0.057509422302246094,-0.7916401624679565
1351,-4.278850078582764,0.12872028350830078,
1352,-4.280007839202881,0.05624794960021973,
1353,-4.171442031860352,0.05635380744934082,
1354,-4.211736679077148,0.056407928466796875,
1355,-4.3041582107543945,0.05694842338562012,
1356,-4.292544364929199,0.05713844299316406,
1357,-4.226729393005371,0.05698037147521973,
1358,-4.030645370483398,0.05624103546142578,
1359,-4.070248126983643,0.05630326271057129,
1360,-4.259744167327881,0.05621957778930664,-0.8335780501365662
1361,-4.25302791595459,0.13159680366516113,
1362,-4.254255771636963,0.058919429779052734,
1363,-4.306864261627197,0.05595827102661133,
1364,-4.306210517883301,0.057082176208496094,
1365,-4.246282577514648,0.05826258659362793,
1366,-4.217155456542969,0.056104421615600586,
1367,-4.231342792510986,0.055388689041137695,
1368,-4.239777088165283,0.056737422943115234,
1369,-4.345968246459961,0.05582594871520996,
1370,-4.161149978637695,0.05651068687438965,-0.8911449909210205
1371,-4.365542411804199,0.13247251510620117,
1372,-4.231453895568848,0.05580949783325195,
1373,-4.3391432762146,0.05716538429260254,
1374,-4.355257034301758,0.05699563026428223,
1375,-4.194881439208984,0.05599522590637207,
1376,-4.187125205993652,0.05622506141662598,
1377,-4.298064231872559,0.057527780532836914,
1378,-4.3237714767456055,0.05604910850524902,
1379,-4.2852654457092285,0.05637168884277344,
1380,-4.32863712310791,0.057379722595214844,-1.075524926185608
1381,-4.172646522521973,0.13042688369750977,
1382,-4.325888633728027,0.05607414245605469,
1383,-4.15037727355957,0.057244062423706055,
1384,-4.116769313812256,0.05616879463195801,
1385,-4.253215789794922,0.05604362487792969,
1386,-4.295472145080566,0.05667304992675781,
1387,-4.134758949279785,0.05540347099304199,
1388,-4.150267601013184,0.05641460418701172,
1389,-4.22393274307251,0.05752158164978027,
1390,-4.306389808654785,0.05820584297180176,-0.9182713031768799
1391,-4.067274570465088,0.12741923332214355,
1392,-4.177870750427246,0.055433034896850586,
1393,-4.320626258850098,0.05553293228149414,
1394,-4.282633304595947,0.057318687438964844,
1395,-4.293907642364502,0.056867122650146484,
1396,-4.2597503662109375,0.05694580078125,
1397,-4.3148088455200195,0.05673623085021973,
1398,-4.327624320983887,0.05769538879394531,
1399,-4.147759437561035,0.05857038497924805,
1400,-4.190088272094727,0.05660867691040039,-0.959723711013794
1401,-4.124874114990234,0.12650513648986816,
1402,-4.321417808532715,0.055712223052978516,
1403,-4.226828575134277,0.056458234786987305,
1404,-4.106191158294678,0.05612063407897949,
1405,-4.221309661865234,0.057256460189819336,
1406,-4.2421875,0.05748915672302246,
1407,-4.133528709411621,0.056568145751953125,
1408,-4.08561897277832,0.05622673034667969,
1409,-4.25924825668335,0.05689406394958496,
1410,-4.184051036834717,0.057439327239990234,-1.0160439014434814
1411,-4.281826972961426,0.1290273666381836,
1412,-4.167352676391602,0.05816364288330078,
1413,-4.149171352386475,0.05560922622680664,
1414,-4.26099157333374,0.056947946548461914,
1415,-4.3175153732299805,0.05678200721740723,
1416,-4.297492980957031,0.057372093200683594,
1417,-4.227663040161133,0.05602431297302246,
1418,-4.321850299835205,0.05724287033081055,
1419,-4.113567352294922,0.05705833435058594,
1420,-4.186953544616699,0.05657839775085449,-0.954560399055481
1421,-4.306501388549805,0.1328752040863037,
1422,-4.2973527908325195,0.05748438835144043,
1423,-4.197541236877441,0.05535101890563965,
1424,-4.3476881980896,0.056006431579589844,
1425,-4.318943500518799,0.0565338134765625,
1426,-4.217121124267578,0.05618166923522949,
1427,-4.086297988891602,0.05727791786193848,
1428,-4.317801475524902,0.05639505386352539,
1429,-4.293474197387695,0.05637001991271973,
1430,-4.1402812004089355,0.05687379837036133,-0.7352330684661865
1431,-4.135614395141602,0.13118600845336914,
1432,-4.149531841278076,0.05585598945617676,
1433,-4.180035591125488,0.05707836151123047,
1434,-4.109723091125488,0.05616593360900879,
1435,-4.103432655334473,0.05504965782165527,
1436,-4.377840042114258,0.057032108306884766,
1437,-4.3379807472229,0.05484580993652344,
1438,-4.258375644683838,0.05573773384094238,
1439,-4.03367280960083,0.05635261535644531,
1440,-4.201007843017578,0.055741310119628906,-0.9443679451942444
1441,-4.356058120727539,0.13201665878295898,
1442,-4.13485050201416,0.05612993240356445,
1443,-4.225038528442383,0.05645465850830078,
1444,-4.3668212890625,0.05844926834106445,
1445,-4.254709243774414,0.05643439292907715,
1446,-4.08514928817749,0.056467533111572266,
1447,-4.3316826820373535,0.05775928497314453,
1448,-4.228890419006348,0.056841135025024414,
1449,-4.393011569976807,0.05612826347351074,
1450,-4.136120319366455,0.05704522132873535,-0.9512495994567871
1451,-4.231893539428711,0.12941861152648926,
1452,-4.201269149780273,0.05704474449157715,
1453,-4.156249046325684,0.05640149116516113,
1454,-4.2742438316345215,0.05661368370056152,
1455,-4.121821403503418,0.05547976493835449,
1456,-4.010804176330566,0.05647778511047363,
1457,-4.375903129577637,0.056224822998046875,
1458,-4.19631814956665,0.055742502212524414,
1459,-4.290331840515137,0.0557093620300293,
1460,-4.278805732727051,0.05668187141418457,-0.9260313510894775
1461,-4.333172798156738,0.12767505645751953,
1462,-4.122077941894531,0.05617356300354004,
1463,-4.320831298828125,0.05605673789978027,
1464,-4.138895034790039,0.057281494140625,
1465,-4.132892608642578,0.05706167221069336,
1466,-4.076876640319824,0.05806708335876465,
1467,-4.3010711669921875,0.05681586265563965,
1468,-4.316572189331055,0.057729244232177734,
1469,-4.27249813079834,0.056509971618652344,
1470,-4.245657920837402,0.055976152420043945,-0.811479926109314
1471,-4.388972759246826,0.2589099407196045,
1472,-4.286425590515137,0.05907154083251953,
1473,-4.220268249511719,0.05697226524353027,
1474,-4.256353378295898,0.0563662052154541,
1475,-4.380666732788086,0.05681657791137695,
1476,-4.23886775970459,0.0573277473449707,
1477,-4.1578826904296875,0.05641794204711914,
1478,-4.300300598144531,0.05593514442443848,
1479,-4.286463260650635,0.05627155303955078,
1480,-4.251685619354248,0.05521750450134277,-0.8388485908508301
1481,-4.312643051147461,0.13100028038024902,
1482,-4.2656049728393555,0.057888031005859375,
1483,-4.275928497314453,0.057765960693359375,
1484,-4.061622142791748,0.05580019950866699,
1485,-4.235014915466309,0.05637049674987793,
1486,-4.380016326904297,0.05625128746032715,
1487,-4.4038896560668945,0.05598902702331543,
1488,-4.315605163574219,0.05814671516418457,
1489,-4.295714378356934,0.05546307563781738,
1490,-4.219892978668213,0.05580949783325195,-1.0008182525634766
1491,-4.073417663574219,0.1359720230102539,
1492,-4.159387588500977,0.056380510330200195,
1493,-4.247310161590576,0.05661439895629883,
1494,-4.298792839050293,0.055809974670410156,
1495,-4.171704292297363,0.055698394775390625,
1496,-4.246674537658691,0.056113481521606445,
1497,-4.251756191253662,0.057305335998535156,
1498,-4.300533294677734,0.05678892135620117,
1499,-4.323093891143799,0.056398630142211914,
1500,-4.232804298400879,0.05812692642211914,-0.8959311842918396
1501,-4.260401725769043,0.13480496406555176,
1502,-4.216505527496338,0.05792093276977539,
1503,-4.289299964904785,0.05647397041320801,
1504,-4.280755043029785,0.05724215507507324,
1505,-4.225825309753418,0.056612491607666016,
1506,-4.276727676391602,0.05588531494140625,
1507,-4.23603630065918,0.05753278732299805,
1508,-4.268472671508789,0.05763816833496094,
1509,-4.241673946380615,0.05711197853088379,
1510,-4.349891662597656,0.056572914123535156,-0.8057812452316284
1511,-4.233956336975098,0.1322791576385498,
1512,-4.103716850280762,0.05614829063415527,
1513,-4.150634765625,0.055028676986694336,
1514,-4.1702470779418945,0.05526304244995117,
1515,-4.179074287414551,0.05546832084655762,
1516,-4.241392612457275,0.05666804313659668,
1517,-4.437806606292725,0.055816650390625,
1518,-4.2454833984375,0.05658578872680664,
1519,-4.3083720207214355,0.0565037727355957,
1520,-4.185603141784668,0.05801963806152344,-0.9720836281776428
1521,-4.352657318115234,0.13051390647888184,
1522,-4.319337844848633,0.056205034255981445,
1523,-4.259286880493164,0.058904170989990234,
1524,-4.291499137878418,0.05582833290100098,
1525,-4.347999572753906,0.05603814125061035,
1526,-4.377840995788574,0.05535531044006348,
1527,-4.2762298583984375,0.05583643913269043,
1528,-4.143845558166504,0.05695033073425293,
1529,-4.24458646774292,0.05784940719604492,
1530,-4.299442291259766,0.05658435821533203,-0.7850409746170044
1531,-4.142721176147461,0.13038945198059082,
1532,-4.29323673248291,0.05666923522949219,
1533,-4.063629150390625,0.057656049728393555,
1534,-4.262551307678223,0.05692148208618164,
1535,-4.351038455963135,0.056972503662109375,
1536,-4.350915908813477,0.05699467658996582,
1537,-4.3411712646484375,0.05621695518493652,
1538,-4.317061424255371,0.05723237991333008,
1539,-4.194851875305176,0.05667567253112793,
1540,-4.258505344390869,0.05587005615234375,-0.8475583791732788
1541,-4.295015335083008,0.13235092163085938,
1542,-4.282407760620117,0.056725502014160156,
1543,-4.271272659301758,0.05580735206604004,
1544,-4.33578634262085,0.05675029754638672,
1545,-4.389801025390625,0.058583974838256836,
1546,-4.280455589294434,0.05655550956726074,
1547,-4.25582218170166,0.05610084533691406,
1548,-4.286647796630859,0.05853414535522461,
1549,-4.226726531982422,0.05818486213684082,
1550,-4.190431118011475,0.05627322196960449,-0.972669243812561
1551,-4.447743892669678,0.12964725494384766,
1552,-4.504995822906494,0.05821824073791504,
1553,-4.423642158508301,0.05537533760070801,
1554,-4.239772796630859,0.05481529235839844,
1555,-4.2141337394714355,0.056613922119140625,
1556,-4.2600603103637695,0.05569648742675781,
1557,-4.302912712097168,0.05652666091918945,
1558,-4.193265438079834,0.05752444267272949,
1559,-4.289098739624023,0.05614423751831055,
1560,-4.268932342529297,0.05661439895629883,-1.072014570236206
1561,-4.301427841186523,0.1323082447052002,
1562,-4.161251068115234,0.05660581588745117,
1563,-4.322875022888184,0.056630611419677734,
1564,-4.303444862365723,0.057833194732666016,
1565,-4.390903472900391,0.05835270881652832,
1566,-4.169836044311523,0.05650210380554199,
1567,-4.226568698883057,0.05630350112915039,
1568,-4.216165542602539,0.058762311935424805,
1569,-4.307020664215088,0.05706906318664551,
1570,-4.3071184158325195,0.055933475494384766,-0.8601546287536621
1571,-4.365077495574951,0.13033008575439453,
1572,-4.365365028381348,0.05518984794616699,
1573,-4.335268974304199,0.05672597885131836,
1574,-4.419621467590332,0.056817054748535156,
1575,-4.234642505645752,0.05604410171508789,
1576,-4.160120964050293,0.05792832374572754,
1577,-4.294065952301025,0.05730891227722168,
1578,-4.294845104217529,0.05539655685424805,
1579,-4.375503063201904,0.05608224868774414,
1580,-4.45737361907959,0.058538198471069336,-0.8341395854949951
1581,-4.439888000488281,0.13604736328125,
1582,-4.312241554260254,0.05643129348754883,
1583,-4.348175048828125,0.05675220489501953,
1584,-4.1248626708984375,0.05950641632080078,
1585,-4.276122570037842,0.05710148811340332,
1586,-4.236245155334473,0.05546402931213379,
1587,-4.373039245605469,0.05607795715332031,
1588,-4.330113887786865,0.05691981315612793,
1589,-4.283799648284912,0.05596613883972168,
1590,-4.286775588989258,0.057443857192993164,-0.9000359177589417
1591,-4.300940036773682,0.26788806915283203,
1592,-4.386659622192383,0.05620241165161133,
1593,-4.476280689239502,0.057301998138427734,
1594,-4.369662284851074,0.056005001068115234,
1595,-4.382425308227539,0.0563814640045166,
1596,-4.189970016479492,0.05681467056274414,
1597,-4.333867073059082,0.055767059326171875,
1598,-4.310525894165039,0.05548501014709473,
1599,-4.268490314483643,0.05550384521484375,
1600,-4.334621429443359,0.054323434829711914,-0.9726991653442383
1601,-4.264352798461914,0.12897348403930664,
1602,-4.284171104431152,0.05726766586303711,
1603,-4.2211480140686035,0.057205915451049805,
1604,-4.284150123596191,0.05669879913330078,
1605,-4.290689945220947,0.05569148063659668,
1606,-4.303808689117432,0.05719256401062012,
1607,-4.533999443054199,0.0562591552734375,
1608,-4.221680641174316,0.05647158622741699,
1609,-4.299376487731934,0.05672931671142578,
1610,-4.259296417236328,0.056928157806396484,-0.738818883895874
1611,-4.327517986297607,0.12866759300231934,
1612,-4.356878280639648,0.05648517608642578,
1613,-4.289643287658691,0.05611419677734375,
1614,-4.228602409362793,0.05701470375061035,
1615,-4.304276466369629,0.05735516548156738,
1616,-4.338243007659912,0.057374000549316406,
1617,-4.2429938316345215,0.05936002731323242,
1618,-4.2177629470825195,0.05668234825134277,
1619,-4.274890422821045,0.057166337966918945,
1620,-4.352003574371338,0.05696582794189453,-0.7291609048843384
1621,-4.304080963134766,0.12878894805908203,
1622,-4.238890171051025,0.05689430236816406,
1623,-4.339142799377441,0.05698728561401367,
1624,-4.348345756530762,0.05580544471740723,
1625,-4.472705841064453,0.056195974349975586,
1626,-4.460546493530273,0.05774736404418945,
1627,-4.343644142150879,0.05608677864074707,
1628,-4.432991981506348,0.056127071380615234,
1629,-4.39987325668335,0.057830810546875,
1630,-4.383782386779785,0.057375192642211914,-0.9362521171569824
1631,-4.287352085113525,0.1289224624633789,
1632,-4.440691947937012,0.05869317054748535,
1633,-4.382407188415527,0.05571341514587402,
1634,-4.475467205047607,0.056195735931396484,
1635,-4.2115325927734375,0.05701899528503418,
1636,-4.4321136474609375,0.05661916732788086,
1637,-4.319890975952148,0.05604672431945801,
1638,-4.408902645111084,0.05611824989318848,
1639,-4.421266555786133,0.058701515197753906,
1640,-4.448587417602539,0.05607438087463379,-1.0455044507980347
1641,-4.433149337768555,0.13146376609802246,
1642,-4.32363224029541,0.058081626892089844,
1643,-4.429024696350098,0.05608034133911133,
1644,-4.447976589202881,0.05575418472290039,
1645,-4.204129219055176,0.057295799255371094,
1646,-4.397564888000488,0.05485677719116211,
1647,-4.369295120239258,0.05449843406677246,
1648,-4.354515075683594,0.05602121353149414,
1649,-4.203415870666504,0.0562129020690918,
1650,-4.262913703918457,0.05643177032470703,-1.121696949005127
1651,-4.439505577087402,0.13159823417663574,
1652,-4.302087306976318,0.05605959892272949,
1653,-4.36651611328125,0.05959582328796387,
1654,-4.334242343902588,0.056621551513671875,
1655,-4.387786865234375,0.05546832084655762,
1656,-4.41767692565918,0.056604623794555664,
1657,-4.343738555908203,0.056304216384887695,
1658,-4.4985222816467285,0.05657386779785156,
1659,-4.382075309753418,0.05667448043823242,
1660,-4.3181047439575195,0.057065486907958984,-0.8938437700271606
1661,-4.35947322845459,0.12965774536132812,
1662,-4.38753604888916,0.0569155216217041,
1663,-4.308314323425293,0.056310415267944336,
1664,-4.426267623901367,0.05654406547546387,
1665,-4.311821937561035,0.05770254135131836,
1666,-4.400014877319336,0.0565946102142334,
1667,-4.472028732299805,0.05576896667480469,
1668,-4.351711273193359,0.05669713020324707,
1669,-4.328156471252441,0.055303335189819336,
1670,-4.284640789031982,0.05679035186767578,-0.943577766418457
1671,-4.432558059692383,0.12962865829467773,
1672,-4.406857967376709,0.055602073669433594,
1673,-4.345866680145264,0.057618141174316406,
1674,-4.418481826782227,0.055997610092163086,
1675,-4.401235580444336,0.056197166442871094,
1676,-4.425967216491699,0.05679488182067871,
1677,-4.419126033782959,0.05775785446166992,
1678,-4.352420806884766,0.05610775947570801,
1679,-4.423088550567627,0.05699491500854492,
1680,-4.30007266998291,0.058499813079833984,-1.238204836845398
1681,-4.337922096252441,0.12725162506103516,
1682,-4.207674503326416,0.05739879608154297,
1683,-4.307055473327637,0.05717730522155762,
1684,-4.349126815795898,0.05612468719482422,
1685,-4.375610828399658,0.05711174011230469,
1686,-4.272693634033203,0.05803728103637695,
1687,-4.377923965454102,0.05659031867980957,
1688,-4.342896461486816,0.05661273002624512,
1689,-4.298490524291992,0.05710887908935547,
1690,-4.416896820068359,0.05524921417236328,-0.8656554222106934
1691,-4.351337432861328,0.13019394874572754,
1692,-4.33935022354126,0.05740022659301758,
1693,-4.444699764251709,0.05504560470581055,
1694,-4.408395767211914,0.055661916732788086,
1695,-4.48106050491333,0.05805397033691406,
1696,-4.312912940979004,0.05702328681945801,
1697,-4.206979751586914,0.05664181709289551,
1698,-4.289514541625977,0.057060956954956055,
1699,-4.376779556274414,0.05667734146118164,
1700,-4.207127571105957,0.056673526763916016,-1.0385634899139404
1701,-4.292181015014648,0.1262071132659912,
1702,-4.227917671203613,0.056873321533203125,
1703,-4.449250221252441,0.05665326118469238,
1704,-4.4323930740356445,0.0553741455078125,
1705,-4.349003314971924,0.057238101959228516,
1706,-4.337916374206543,0.05828070640563965,
1707,-4.324587821960449,0.056962013244628906,
1708,-4.220078468322754,0.05628347396850586,
1709,-4.270109176635742,0.057471513748168945,
1710,-4.327505111694336,0.056717872619628906,-0.9870326519012451
1711,-4.338418960571289,0.1291205883026123,
1712,-4.345967769622803,0.057045698165893555,
1713,-4.414796352386475,0.05643129348754883,
1714,-4.301711082458496,0.05664348602294922,
1715,-4.414999485015869,0.057721853256225586,
1716,-4.380167007446289,0.057436227798461914,
1717,-4.368249416351318,0.0556795597076416,
1718,-4.428921699523926,0.05737948417663574,
1719,-4.24950647354126,0.05761981010437012,
1720,-4.408576011657715,0.05583524703979492,-0.8582586050033569
1721,-4.608396530151367,0.26889896392822266,
1722,-4.309115886688232,0.05719256401062012,
1723,-4.52641487121582,0.056206703186035156,
1724,-4.4161248207092285,0.05723071098327637,
1725,-4.389108180999756,0.0563967227935791,
1726,-4.509468078613281,0.056023597717285156,
1727,-4.479953765869141,0.05680513381958008,
1728,-4.325930118560791,0.05721473693847656,
1729,-4.555643558502197,0.057034969329833984,
1730,-4.483721733093262,0.05640888214111328,-1.020882487297058
1731,-4.4190897941589355,0.13077759742736816,
1732,-4.26803731918335,0.05684065818786621,
1733,-4.365655899047852,0.055979251861572266,
1734,-4.410802364349365,0.057294607162475586,
1735,-4.519990921020508,0.05674147605895996,
1736,-4.532822608947754,0.05663299560546875,
1737,-4.365477561950684,0.05693626403808594,
1738,-4.523208141326904,0.05644059181213379,
1739,-4.3645782470703125,0.05578112602233887,
1740,-4.413702964782715,0.0576939582824707,-0.7034523487091064
1741,-4.38871431350708,0.12675929069519043,
1742,-4.450035572052002,0.05772542953491211,
1743,-4.411338806152344,0.05664420127868652,
1744,-4.39813232421875,0.05564999580383301,
1745,-4.309000492095947,0.056429147720336914,
1746,-4.500797271728516,0.05706310272216797,
1747,-4.408790588378906,0.055597782135009766,
1748,-4.422391891479492,0.05683255195617676,
1749,-4.355378150939941,0.05590701103210449,
1750,-4.300835609436035,0.05603289604187012,-0.9987039566040039
1751,-4.576129913330078,0.12809514999389648,
1752,-4.457337379455566,0.0556032657623291,
1753,-4.377181053161621,0.05594062805175781,
1754,-4.348459243774414,0.05767107009887695,
1755,-4.438040733337402,0.055739641189575195,
1756,-4.502240180969238,0.05572009086608887,
1757,-4.489250183105469,0.05772733688354492,
1758,-4.364699363708496,0.05602908134460449,
1759,-4.546335220336914,0.05619072914123535,
1760,-4.356325149536133,0.055426836013793945,-0.7116739749908447
1761,-4.331830978393555,0.12651729583740234,
1762,-4.30894660949707,0.05649924278259277,
1763,-4.459817886352539,0.056122779846191406,
1764,-4.3275580406188965,0.05587363243103027,
1765,-4.348428249359131,0.056928396224975586,
1766,-4.294501304626465,0.05612349510192871,
1767,-4.3114471435546875,0.057961225509643555,
1768,-4.30570125579834,0.05546832084655762,
1769,-4.395214080810547,0.0553126335144043,
1770,-4.473801612854004,0.05666542053222656,-1.0113189220428467
1771,-4.424957275390625,0.12919139862060547,
1772,-4.437871932983398,0.05622053146362305,
1773,-4.300985336303711,0.05764961242675781,
1774,-4.397873878479004,0.05575275421142578,
1775,-4.42523193359375,0.056635141372680664,
1776,-4.370217800140381,0.05761909484863281,
1777,-4.427586555480957,0.05534768104553223,
1778,-4.342211723327637,0.0569612979888916,
1779,-4.366763114929199,0.05791187286376953,
1780,-4.365833282470703,0.0561981201171875,-0.8400455117225647
1781,-4.435380935668945,0.12991833686828613,
1782,-4.5529937744140625,0.05684709548950195,
1783,-4.456545829772949,0.05599832534790039,
1784,-4.3692731857299805,0.056464195251464844,
1785,-4.430180549621582,0.05708050727844238,
1786,-4.52394962310791,0.056101322174072266,
1787,-4.433137893676758,0.0574183464050293,
1788,-4.475332260131836,0.05773162841796875,
1789,-4.5238447189331055,0.056613922119140625,
1790,-4.474035263061523,0.05637788772583008,-0.7022678852081299
1791,-4.475496292114258,0.13036131858825684,
1792,-4.367804527282715,0.055539846420288086,
1793,-4.367476463317871,0.05594015121459961,
1794,-4.562056541442871,0.057674407958984375,
1795,-4.370910167694092,0.056551456451416016,
1796,-4.589661598205566,0.05639791488647461,
1797,-4.468035697937012,0.057138681411743164,
1798,-4.391988754272461,0.056825876235961914,
1799,-4.461834907531738,0.05586647987365723,
1800,-4.515179634094238,0.05653190612792969,-0.9152881503105164
1801,-4.437779903411865,0.12697815895080566,
1802,-4.303023338317871,0.056252479553222656,
1803,-4.507569313049316,0.05627751350402832,
1804,-4.366837501525879,0.05629777908325195,
1805,-4.440365791320801,0.057997941970825195,
1806,-4.284275054931641,0.05785202980041504,
1807,-4.3793625831604,0.057706594467163086,
1808,-4.493955612182617,0.056630849838256836,
1809,-4.405959129333496,0.056629180908203125,
1810,-4.386004447937012,0.05724287033081055,-1.0350390672683716
1811,-4.336790561676025,0.13108229637145996,
1812,-4.230534553527832,0.05741548538208008,
1813,-4.341278076171875,0.05581951141357422,
1814,-4.44074821472168,0.05519890785217285,
1815,-4.411252975463867,0.056973934173583984,
1816,-4.3268842697143555,0.056552886962890625,
1817,-4.413002967834473,0.055391550064086914,
1818,-4.372422218322754,0.05684089660644531,
1819,-4.214858055114746,0.05611848831176758,
1820,-4.435926914215088,0.05624675750732422,-0.8115686178207397
1821,-4.307720184326172,0.12757587432861328,
1822,-4.4035725593566895,0.057500600814819336,
1823,-4.3124213218688965,0.05703306198120117,
1824,-4.358603477478027,0.05563211441040039,
1825,-4.368141174316406,0.05670332908630371,
1826,-4.393921375274658,0.05785989761352539,
1827,-4.374884128570557,0.0567324161529541,
1828,-4.204769134521484,0.05669713020324707,
1829,-4.372551918029785,0.05782628059387207,
1830,-4.355029106140137,0.05824470520019531,-0.8686225414276123
1831,-4.458056449890137,0.1298222541809082,
1832,-4.424583435058594,0.05691337585449219,
1833,-4.368332862854004,0.058109283447265625,
1834,-4.360893249511719,0.05655956268310547,
1835,-4.392474174499512,0.05720973014831543,
1836,-4.385161399841309,0.056488752365112305,
1837,-4.353910446166992,0.05509686470031738,
1838,-4.374929428100586,0.056229591369628906,
1839,-4.568119049072266,0.0571742057800293,
1840,-4.472137451171875,0.055356502532958984,-0.8420092463493347
1841,-4.416289329528809,0.26480746269226074,
1842,-4.584086894989014,0.05726122856140137,
1843,-4.251616477966309,0.05710744857788086,
1844,-4.383729934692383,0.05805826187133789,
1845,-4.335797309875488,0.056467294692993164,
1846,-4.387571811676025,0.05602574348449707,
1847,-4.487851142883301,0.0577394962310791,
1848,-4.410928726196289,0.05656170845031738,
1849,-4.485750198364258,0.05655241012573242,
1850,-4.368625164031982,0.05696821212768555,-1.0527366399765015
1851,-4.313468933105469,0.12964344024658203,
1852,-4.370952606201172,0.05626654624938965,
1853,-4.530351638793945,0.05932760238647461,
1854,-4.486729621887207,0.056174278259277344,
1855,-4.565883636474609,0.05645608901977539,
1856,-4.481211185455322,0.05715155601501465,
1857,-4.520702362060547,0.0564112663269043,
1858,-4.425134658813477,0.0561215877532959,
1859,-4.381385803222656,0.05633807182312012,
1860,-4.5900726318359375,0.0567927360534668,-1.0364934206008911
1861,-4.181811332702637,0.12931418418884277,
1862,-4.480298042297363,0.056273460388183594,
1863,-4.35250997543335,0.05604743957519531,
1864,-4.454380035400391,0.0569615364074707,
1865,-4.297558784484863,0.05547451972961426,
1866,-4.435481071472168,0.05650830268859863,
1867,-4.412744522094727,0.05627608299255371,
1868,-4.415891170501709,0.05640101432800293,
1869,-4.5667619705200195,0.0569303035736084,
1870,-4.45004940032959,0.05818033218383789,-0.8597334623336792
1871,-4.5224127769470215,0.12966537475585938,
1872,-4.366715431213379,0.057379722595214844,
1873,-4.410097122192383,0.05696821212768555,
1874,-4.309385776519775,0.05620431900024414,
1875,-4.591876983642578,0.056334495544433594,
1876,-4.315106391906738,0.05691170692443848,
1877,-4.473115921020508,0.055909156799316406,
1878,-4.475354194641113,0.05617952346801758,
1879,-4.4733452796936035,0.05637931823730469,
1880,-4.313715934753418,0.05589032173156738,-0.9087910652160645
1881,-4.46903657913208,0.13042449951171875,
1882,-4.441187858581543,0.05745244026184082,
1883,-4.585988998413086,0.0572361946105957,
1884,-4.495946884155273,0.05711793899536133,
1885,-4.428516864776611,0.057379961013793945,
1886,-4.539510726928711,0.05745100975036621,
1887,-4.627828598022461,0.056792259216308594,
1888,-4.584250450134277,0.05563855171203613,
1889,-4.545494079589844,0.05817461013793945,
1890,-4.402142524719238,0.056505680084228516,-1.0176262855529785
1891,-4.3665385246276855,0.1308736801147461,
1892,-4.514981269836426,0.05686688423156738,
1893,-4.5103936195373535,0.055474281311035156,
1894,-4.522200107574463,0.05672717094421387,
1895,-4.590287208557129,0.057729244232177734,
1896,-4.543133735656738,0.05683565139770508,
1897,-4.429380416870117,0.05743288993835449,
1898,-4.446455478668213,0.05827212333679199,
1899,-4.559084415435791,0.055997371673583984,
1900,-4.542036056518555,0.05674386024475098,-0.8562718629837036
1901,-4.538053512573242,0.12829208374023438,
1902,-4.439023494720459,0.0554966926574707,
1903,-4.398346900939941,0.05639839172363281,
1904,-4.670592308044434,0.05550575256347656,
1905,-4.447154998779297,0.055814266204833984,
1906,-4.388597011566162,0.05816388130187988,
1907,-4.59375524520874,0.05641770362854004,
1908,-4.473945617675781,0.056212663650512695,
1909,-4.543453216552734,0.057332754135131836,
1910,-4.624729633331299,0.056818246841430664,-0.8283040523529053
1911,-4.600018501281738,0.12811827659606934,
1912,-4.384844779968262,0.05711054801940918,
1913,-4.461647033691406,0.05552172660827637,
1914,-4.439366817474365,0.055979251861572266,
1915,-4.467963218688965,0.05822491645812988,
1916,-4.53318977355957,0.05676150321960449,
1917,-4.516864776611328,0.056366920471191406,
1918,-4.541089057922363,0.05760359764099121,
1919,-4.483241558074951,0.05814003944396973,
1920,-4.324329853057861,0.05808067321777344,-0.9950265884399414
1921,-4.329407215118408,0.12767267227172852,
1922,-4.401129722595215,0.05515241622924805,
1923,-4.4686479568481445,0.05632925033569336,
1924,-4.3838300704956055,0.05820965766906738,
1925,-4.252262592315674,0.05637311935424805,
1926,-4.455624580383301,0.05775189399719238,
1927,-4.462571144104004,0.05726885795593262,
1928,-4.286293983459473,0.05763864517211914,
1929,-4.369154930114746,0.05543661117553711,
1930,-4.490649223327637,0.05636334419250488,-1.006643295288086
1931,-4.463229179382324,0.12977075576782227,
1932,-4.450864791870117,0.05586695671081543,
1933,-4.4390869140625,0.0563969612121582,
1934,-4.535458564758301,0.058587074279785156,
1935,-4.444708347320557,0.05691385269165039,
1936,-4.505335807800293,0.05758810043334961,
1937,-4.530124664306641,0.056118011474609375,
1938,-4.469091415405273,0.0578923225402832,
1939,-4.605738639831543,0.05697488784790039,
1940,-4.418003082275391,0.05664420127868652,-0.7039430737495422
1941,-4.493527889251709,0.1314091682434082,
1942,-4.504670143127441,0.055176496505737305,
1943,-4.468717575073242,0.05616593360900879,
1944,-4.375738620758057,0.05602908134460449,
1945,-4.483467102050781,0.05632591247558594,
1946,-4.436430931091309,0.057985544204711914,
1947,-4.460809707641602,0.05768609046936035,
1948,-4.440258979797363,0.05717802047729492,
1949,-4.4211835861206055,0.05684185028076172,
1950,-4.601606369018555,0.05695176124572754,-0.8125895857810974
1951,-4.57976770401001,0.12914729118347168,
1952,-4.600560188293457,0.05760645866394043,
1953,-4.585361480712891,0.05604362487792969,
1954,-4.534478664398193,0.05626630783081055,
1955,-4.455465316772461,0.0569148063659668,
1956,-4.431781768798828,0.05578970909118652,
1957,-4.50156831741333,0.05481982231140137,
1958,-4.492733955383301,0.0572209358215332,
1959,-4.52086067199707,0.05551958084106445,
1960,-4.5005202293396,0.0558474063873291,-1.0497705936431885
1961,-4.520352840423584,0.128434419631958,
1962,-4.46531867980957,0.05527663230895996,
1963,-4.540037155151367,0.057736873626708984,
1964,-4.529513835906982,0.05752873420715332,
1965,-4.4626336097717285,0.0561676025390625,
1966,-4.585526943206787,0.05626034736633301,
1967,-4.363930702209473,0.057376861572265625,
1968,-4.420351982116699,0.05682492256164551,
1969,-4.5192461013793945,0.05623030662536621,
1970,-4.577353000640869,0.057079315185546875,-1.0224719047546387
1971,-4.582460403442383,0.2766764163970947,
1972,-4.528502464294434,0.05533742904663086,
1973,-4.36251163482666,0.057222843170166016,
1974,-4.441286087036133,0.056915998458862305,
1975,-4.596053600311279,0.05620980262756348,
1976,-4.414316654205322,0.055764198303222656,
1977,-4.55460262298584,0.057023048400878906,
1978,-4.526409149169922,0.05599689483642578,
1979,-4.5691914558410645,0.056162357330322266,
1980,-4.3853020668029785,0.058324337005615234,-0.9325478076934814
1981,-4.351827621459961,0.12929320335388184,
1982,-4.390320777893066,0.05630803108215332,
1983,-4.55976676940918,0.05722236633300781,
1984,-4.607630729675293,0.056130170822143555,
1985,-4.468746185302734,0.056653499603271484,
1986,-4.420477867126465,0.05748152732849121,
1987,-4.503196716308594,0.057173967361450195,
1988,-4.553374290466309,0.05733609199523926,
1989,-4.391151428222656,0.05631756782531738,
1990,-4.545368194580078,0.05613970756530762,-0.7937116026878357
1991,-4.4933295249938965,0.12996149063110352,
1992,-4.415236949920654,0.05774497985839844,
1993,-4.521242141723633,0.05589628219604492,
1994,-4.45984411239624,0.05657958984375,
1995,-4.513566017150879,0.05709576606750488,
1996,-4.466157913208008,0.055780649185180664,
1997,-4.458545207977295,0.05646800994873047,
1998,-4.552506446838379,0.05778074264526367,
1999,-4.485989570617676,0.056713104248046875,
2000,-4.384599685668945,0.0559384822845459,-1.052396535873413
2001,-4.351981163024902,0.13306403160095215,
2002,-4.205327987670898,0.05564260482788086,
2003,-4.430651664733887,0.05541849136352539,
2004,-4.357935905456543,0.05675458908081055,
2005,-4.328761100769043,0.05624079704284668,
2006,-4.54483699798584,0.05587935447692871,
2007,-4.411815643310547,0.05591535568237305,
2008,-4.3881072998046875,0.05497479438781738,
2009,-4.4330339431762695,0.05774235725402832,
2010,-4.4420928955078125,0.05646872520446777,-0.862982988357544
2011,-4.541770935058594,0.12954068183898926,
2012,-4.518399238586426,0.05740761756896973,
2013,-4.754289150238037,0.05648446083068848,
2014,-4.419107437133789,0.056612253189086914,
2015,-4.454432010650635,0.058049917221069336,
2016,-4.5641608238220215,0.05759835243225098,
2017,-4.3842339515686035,0.05685091018676758,
2018,-4.492457866668701,0.05689740180969238,
2019,-4.484169960021973,0.056763410568237305,
2020,-4.516818523406982,0.05571556091308594,-0.9816830158233643
2021,-4.497794151306152,0.13331842422485352,
2022,-4.5682573318481445,0.05733346939086914,
2023,-4.521783828735352,0.05619001388549805,
2024,-4.531300067901611,0.05588388442993164,
2025,-4.568474292755127,0.057085275650024414,
2026,-4.291574954986572,0.05553078651428223,
2027,-4.500026226043701,0.05559587478637695,
2028,-4.4600605964660645,0.05731773376464844,
2029,-4.615142822265625,0.057247161865234375,
2030,-4.588132858276367,0.057946205139160156,-1.0055859088897705
2031,-4.519712924957275,0.12870550155639648,
2032,-4.429856300354004,0.056986093521118164,
2033,-4.542634010314941,0.057001590728759766,
2034,-4.441261291503906,0.05756545066833496,
2035,-4.441241264343262,0.05651259422302246,
2036,-4.480073928833008,0.05605936050415039,
2037,-4.570140361785889,0.05710744857788086,
2038,-4.57070255279541,0.05982470512390137,
2039,-4.602960586547852,0.05706977844238281,
2040,-4.552502632141113,0.05611228942871094,-0.9535894393920898
2041,-4.435892105102539,0.1295158863067627,
2042,-4.657040596008301,0.05598020553588867,
2043,-4.527981281280518,0.05761909484863281,
2044,-4.567798614501953,0.05782938003540039,
2045,-4.537686347961426,0.05684852600097656,
2046,-4.414858818054199,0.055882930755615234,
2047,-4.682127952575684,0.056772708892822266,
2048,-4.470539569854736,0.056026458740234375,
2049,-4.4361114501953125,0.05537843704223633,
2050,-4.651176452636719,0.056546688079833984,-0.7833461165428162
2051,-4.518059253692627,0.13341879844665527,
2052,-4.409507751464844,0.055660247802734375,
2053,-4.532317161560059,0.0561978816986084,
2054,-4.538523197174072,0.057135581970214844,
2055,-4.527667999267578,0.05605268478393555,
2056,-4.51643180847168,0.05715131759643555,
2057,-4.435891151428223,0.0584254264831543,
2058,-4.548940181732178,0.0573272705078125,
2059,-4.443234443664551,0.0559537410736084,
2060,-4.330026149749756,0.056664466857910156,-0.842763364315033
2061,-4.28044319152832,0.12934279441833496,
2062,-4.4883832931518555,0.05629086494445801,
2063,-4.43082332611084,0.05637812614440918,
2064,-4.427646160125732,0.056836605072021484,
2065,-4.5126872062683105,0.05731368064880371,
2066,-4.472111225128174,0.05654406547546387,
2067,-4.4403462409973145,0.05602073669433594,
2068,-4.593982696533203,0.05752992630004883,
2069,-4.388031005859375,0.05744671821594238,
2070,-4.783054351806641,0.05580401420593262,-0.9337575435638428
2071,-4.499134063720703,0.13033604621887207,
2072,-4.608695983886719,0.05562281608581543,
2073,-4.547884941101074,0.05747842788696289,
2074,-4.570063591003418,0.05642867088317871,
2075,-4.629926681518555,0.056476593017578125,
2076,-4.497652053833008,0.05702805519104004,
2077,-4.576929569244385,0.056020259857177734,
2078,-4.742138385772705,0.05594182014465332,
2079,-4.291877746582031,0.05724048614501953,
2080,-4.531993865966797,0.056593894958496094,-0.81064772605896
2081,-4.472259521484375,0.1297929286956787,
2082,-4.513647079467773,0.05826926231384277,
2083,-4.497851371765137,0.05694437026977539,
2084,-4.437131404876709,0.05662250518798828,
2085,-4.530303001403809,0.056921958923339844,
2086,-4.5101213455200195,0.05740857124328613,
2087,-4.524240493774414,0.0558469295501709,
2088,-4.420229911804199,0.05616283416748047,
2089,-4.660799980163574,0.057116031646728516,
2090,-4.498821258544922,0.056775808334350586,-0.8673900365829468
2091,-4.418549537658691,0.2447803020477295,
2092,-4.541391849517822,0.05664515495300293,
2093,-4.614157199859619,0.056032657623291016,
2094,-4.592614650726318,0.05788135528564453,
2095,-4.584210395812988,0.05588793754577637,
2096,-4.501060962677002,0.05664229393005371,
2097,-4.534670352935791,0.05636143684387207,
2098,-4.707179069519043,0.0567166805267334,
2099,-4.605186462402344,0.05602002143859863,
2100,-4.5336151123046875,0.056050777435302734,-0.9130944609642029
2101,-4.486077785491943,0.12933063507080078,
2102,-4.603588104248047,0.05646467208862305,
2103,-4.436172962188721,0.05723214149475098,
2104,-4.583526611328125,0.05562233924865723,
2105,-4.535957336425781,0.058017730712890625,
2106,-4.5099711418151855,0.05652785301208496,
2107,-4.683982849121094,0.05629730224609375,
2108,-4.6480607986450195,0.05627179145812988,
2109,-4.446198463439941,0.056120872497558594,
2110,-4.486941337585449,0.057091712951660156,-0.930188000202179
2111,-4.487842559814453,0.12984609603881836,
2112,-4.547897815704346,0.05610251426696777,
2113,-4.545941352844238,0.05633115768432617,
2114,-4.612758636474609,0.05695009231567383,
2115,-4.510471343994141,0.059103965759277344,
2116,-4.517664909362793,0.056493520736694336,
2117,-4.587244510650635,0.0565180778503418,
2118,-4.504438400268555,0.058069467544555664,
2119,-4.516753196716309,0.055826663970947266,
2120,-4.401634693145752,0.05758523941040039,-1.0025060176849365
2121,-4.587204456329346,0.13029241561889648,
2122,-4.482022285461426,0.05617713928222656,
2123,-4.472769737243652,0.057407379150390625,
2124,-4.705262184143066,0.0568089485168457,
2125,-4.466810703277588,0.05621600151062012,
2126,-4.491997718811035,0.0575098991394043,
2127,-4.3653564453125,0.055373191833496094,
2128,-4.534613609313965,0.05643773078918457,
2129,-4.678705215454102,0.05783534049987793,
2130,-4.538730621337891,0.05739021301269531,-1.0199625492095947
2131,-4.4907636642456055,0.13091707229614258,
2132,-4.5619893074035645,0.05685162544250488,
2133,-4.5920939445495605,0.05672001838684082,
2134,-4.519987106323242,0.05610084533691406,
2135,-4.6692023277282715,0.057698726654052734,
2136,-4.562932014465332,0.05689120292663574,
2137,-4.645529747009277,0.056710004806518555,
2138,-4.597836017608643,0.05575752258300781,
2139,-4.6180572509765625,0.05652475357055664,
2140,-4.5120930671691895,0.05631899833679199,-0.7808969616889954
2141,-4.5533294677734375,0.13203978538513184,
2142,-4.597107887268066,0.05558180809020996,
2143,-4.577173233032227,0.055184364318847656,
2144,-4.398603916168213,0.05682206153869629,
2145,-4.424540996551514,0.05621528625488281,
2146,-4.494441986083984,0.056310176849365234,
2147,-4.547989845275879,0.057831764221191406,
2148,-4.510891914367676,0.05758023262023926,
2149,-4.553184986114502,0.05697894096374512,
2150,-4.640841484069824,0.05704188346862793,-0.8814177513122559
2151,-4.533262729644775,0.12918663024902344,
2152,-4.5584611892700195,0.05658149719238281,
2153,-4.568328857421875,0.05645632743835449,
2154,-4.632155418395996,0.05566883087158203,
2155,-4.639512062072754,0.056380510330200195,
2156,-4.646744728088379,0.05682182312011719,
2157,-4.558328151702881,0.05683732032775879,
2158,-4.671313762664795,0.056014060974121094,
2159,-4.638249397277832,0.05698418617248535,
2160,-4.8065080642700195,0.05798673629760742,-0.9462182521820068
2161,-4.623342514038086,0.12860751152038574,
2162,-4.589318752288818,0.05786561965942383,
2163,-4.5625104904174805,0.05603504180908203,
2164,-4.617743015289307,0.05566239356994629,
2165,-4.640194892883301,0.0562748908996582,
2166,-4.587891101837158,0.05545830726623535,
2167,-4.656749248504639,0.05785250663757324,
2168,-4.541975498199463,0.056488037109375,
2169,-4.586973190307617,0.05707287788391113,
2170,-4.660799980163574,0.05611991882324219,-0.918904185295105
2171,-4.625873565673828,0.1297621726989746,
2172,-4.541709899902344,0.05598735809326172,
2173,-4.335146903991699,0.05526566505432129,
2174,-4.481848239898682,0.055719852447509766,
2175,-4.48948860168457,0.05628800392150879,
2176,-4.5542802810668945,0.05814766883850098,
2177,-4.345829963684082,0.05796980857849121,
2178,-4.54805850982666,0.05567479133605957,
2179,-4.521339416503906,0.055745601654052734,
2180,-4.52346134185791,0.05652952194213867,-0.8266793489456177
2181,-4.562532424926758,0.12741827964782715,
2182,-4.682314872741699,0.05667710304260254,
2183,-4.518360137939453,0.05599641799926758,
2184,-4.5984110832214355,0.05618762969970703,
2185,-4.641407489776611,0.056339263916015625,
2186,-4.573267459869385,0.055814504623413086,
2187,-4.6115522384643555,0.05682849884033203,
2188,-4.656905174255371,0.05594134330749512,
2189,-4.610223293304443,0.055974483489990234,
2190,-4.706274032592773,0.05712103843688965,-0.9274345636367798
2191,-4.684123516082764,0.12848329544067383,
2192,-4.423495292663574,0.057849884033203125,
2193,-4.631548881530762,0.057950735092163086,
2194,-4.660401821136475,0.05623126029968262,
2195,-4.828954219818115,0.05635380744934082,
2196,-4.505849838256836,0.0578618049621582,
2197,-4.610272407531738,0.05739450454711914,
2198,-4.6172380447387695,0.05589866638183594,
2199,-4.549686431884766,0.05649542808532715,
2200,-4.51106071472168,0.056730031967163086,-0.7719883918762207
2201,-4.514109134674072,0.12911772727966309,
2202,-4.521785736083984,0.057488203048706055,
2203,-4.5130934715271,0.0567929744720459,
2204,-4.511291027069092,0.05733799934387207,
2205,-4.568944931030273,0.05729818344116211,
2206,-4.677186965942383,0.05672430992126465,
2207,-4.686175346374512,0.05565690994262695,
2208,-4.622666835784912,0.05803513526916504,
2209,-4.5747785568237305,0.0569305419921875,
2210,-4.6764984130859375,0.056145429611206055,-0.8144553899765015
2211,-4.735884189605713,0.13220953941345215,
2212,-4.6726202964782715,0.05684828758239746,
2213,-4.465912818908691,0.05650496482849121,
2214,-4.495757579803467,0.05823206901550293,
2215,-4.482577323913574,0.05688834190368652,
2216,-4.570869445800781,0.05535554885864258,
2217,-4.446157932281494,0.056396484375,
2218,-4.590608596801758,0.056610107421875,
2219,-4.578120231628418,0.057114601135253906,
2220,-4.622646331787109,0.05699658393859863,-0.9149288535118103
2221,-4.60491943359375,0.2736220359802246,
2222,-4.6426897048950195,0.056752920150756836,
2223,-4.581809997558594,0.05584239959716797,
2224,-4.495694160461426,0.057280778884887695,
2225,-4.550023078918457,0.0564427375793457,
2226,-4.528998374938965,0.05578756332397461,
2227,-4.705179214477539,0.05778050422668457,
2228,-4.571768760681152,0.05674433708190918,
2229,-4.534492492675781,0.05573678016662598,
2230,-4.668938636779785,0.05737757682800293,-0.8485870957374573
2231,-4.6874589920043945,0.1276686191558838,
2232,-4.466119766235352,0.05697321891784668,
2233,-4.609700679779053,0.05584311485290527,
2234,-4.484365463256836,0.05600285530090332,
2235,-4.410986423492432,0.057311058044433594,
2236,-4.55955696105957,0.05720043182373047,
2237,-4.600528717041016,0.05573296546936035,
2238,-4.462058067321777,0.05654597282409668,
2239,-4.578914165496826,0.057720184326171875,
2240,-4.421296119689941,0.0559389591217041,-0.8649017214775085
2241,-4.612538814544678,0.12839555740356445,
2242,-4.597568511962891,0.05589580535888672,
2243,-4.618738651275635,0.056774139404296875,
2244,-4.594132900238037,0.056702375411987305,
2245,-4.577864646911621,0.059111595153808594,
2246,-4.570844650268555,0.056802988052368164,
2247,-4.5268330574035645,0.057921409606933594,
2248,-4.674744129180908,0.05626368522644043,
2249,-4.69290828704834,0.05643463134765625,
2250,-4.633803367614746,0.05807042121887207,-0.8215336799621582
2251,-4.541053771972656,0.13138985633850098,
2252,-4.641787052154541,0.057016849517822266,
2253,-4.647037982940674,0.05612969398498535,
2254,-4.538705825805664,0.05724000930786133,
2255,-4.656439781188965,0.055895328521728516,
2256,-4.546246528625488,0.05708765983581543,
2257,-4.50715970993042,0.05605196952819824,
2258,-4.637138843536377,0.056632280349731445,
2259,-4.646461486816406,0.05729317665100098,
2260,-4.6921305656433105,0.05757617950439453,-0.6620815992355347
2261,-4.627150535583496,0.1274256706237793,
2262,-4.576757431030273,0.056133270263671875,
2263,-4.715883255004883,0.055638790130615234,
2264,-4.645026206970215,0.057003021240234375,
2265,-4.631912708282471,0.05579185485839844,
2266,-4.47956657409668,0.05542492866516113,
2267,-4.573873519897461,0.05785059928894043,
2268,-4.70042610168457,0.0578920841217041,
2269,-4.658266544342041,0.05596446990966797,
2270,-4.704421043395996,0.05674386024475098,-0.886172890663147
2271,-4.652143478393555,0.12501072883605957,
2272,-4.792311191558838,0.057695627212524414,
2273,-4.662341117858887,0.05603647232055664,
2274,-4.735421180725098,0.055228471755981445,
2275,-4.48382568359375,0.05538177490234375,
2276,-4.568968296051025,0.05594038963317871,
2277,-4.541259765625,0.05732274055480957,
2278,-4.632024765014648,0.05717587471008301,
2279,-4.680092811584473,0.05599403381347656,
2280,-4.564940452575684,0.05712103843688965,-0.8635866641998291
2281,-4.722891807556152,0.12843036651611328,
2282,-4.793153762817383,0.056592464447021484,
2283,-4.78782844543457,0.05740690231323242,
2284,-4.60640811920166,0.05655837059020996,
2285,-4.455509185791016,0.05634284019470215,
2286,-4.656007289886475,0.057099103927612305,
2287,-4.6628851890563965,0.05742192268371582,
2288,-4.329461097717285,0.05666184425354004,
2289,-4.567466735839844,0.05744528770446777,
2290,-4.578714370727539,0.05648994445800781,-1.0200085639953613
2291,-4.5201520919799805,0.12953877449035645,
2292,-4.577242851257324,0.05673098564147949,
2293,-4.62391996383667,0.05571484565734863,
2294,-4.842904090881348,0.0564265251159668,
2295,-4.596587657928467,0.05719184875488281,
2296,-4.703265190124512,0.05595898628234863,
2297,-4.5465407371521,0.05574679374694824,
2298,-4.570204734802246,0.05694007873535156,
2299,-4.668778419494629,0.05613255500793457,
2300,-4.7609052658081055,0.055119991302490234,-0.8455338478088379
2301,-4.639338493347168,0.13504767417907715,
2302,-4.610812187194824,0.05693554878234863,
2303,-4.662308692932129,0.056756019592285156,
2304,-4.749751567840576,0.05661129951477051,
2305,-4.734565734863281,0.05765652656555176,
2306,-4.554501056671143,0.056252479553222656,
2307,-4.596781253814697,0.05647754669189453,
2308,-4.617173194885254,0.05716252326965332,
2309,-4.603801250457764,0.05624127388000488,
2310,-4.59421443939209,0.05612039566040039,-0.9507349729537964
2311,-4.560710906982422,0.13184618949890137,
2312,-4.588695526123047,0.055706024169921875,
2313,-4.473552703857422,0.05679440498352051,
2314,-4.497855186462402,0.057425498962402344,
2315,-4.647603988647461,0.05653214454650879,
2316,-4.692039966583252,0.0560297966003418,
2317,-4.776181221008301,0.056369781494140625,
2318,-4.549074172973633,0.05724978446960449,
2319,-4.575761318206787,0.05684351921081543,
2320,-4.6897053718566895,0.05763721466064453,-0.8824552297592163
2321,-4.852759838104248,0.12745404243469238,
2322,-4.6686787605285645,0.056847572326660156,
2323,-4.532252311706543,0.057331085205078125,
2324,-4.753304481506348,0.05624675750732422,
2325,-4.719334602355957,0.05745387077331543,
2326,-4.61655855178833,0.05573129653930664,
2327,-4.515273094177246,0.056020498275756836,
2328,-4.4029669761657715,0.057382822036743164,
2329,-4.536410331726074,0.055582284927368164,
2330,-4.38322114944458,0.056827545166015625,-0.911496102809906
2331,-4.492101669311523,0.1333601474761963,
2332,-4.5528459548950195,0.05633974075317383,
2333,-4.608608245849609,0.05591177940368652,
2334,-4.539676666259766,0.05772662162780762,
2335,-4.522372245788574,0.05568385124206543,
2336,-4.505862236022949,0.056043148040771484,
2337,-4.582188606262207,0.05758309364318848,
2338,-4.695065498352051,0.056607723236083984,
2339,-4.432667255401611,0.05516982078552246,
2340,-4.355043888092041,0.057222843170166016,-0.9260612726211548
2341,-4.580575466156006,0.24816441535949707,
2342,-4.552023887634277,0.05774974822998047,
2343,-4.5860595703125,0.0569150447845459,
2344,-4.569061756134033,0.05565905570983887,
2345,-4.555814266204834,0.05790448188781738,
2346,-4.615573406219482,0.057741403579711914,
2347,-4.705642223358154,0.05613136291503906,
2348,-4.568603515625,0.05635690689086914,
2349,-4.478742599487305,0.057866811752319336,
2350,-4.611123085021973,0.05675053596496582,-0.8251252770423889
2351,-4.592989921569824,0.13072419166564941,
2352,-4.594329833984375,0.05852079391479492,
2353,-4.587148189544678,0.05774998664855957,
2354,-4.681445598602295,0.05601334571838379,
2355,-4.61204719543457,0.05578780174255371,
2356,-4.523711204528809,0.057143449783325195,
2357,-4.555663108825684,0.05594372749328613,
2358,-4.692446708679199,0.056049346923828125,
2359,-4.671372413635254,0.057186126708984375,
2360,-4.506220817565918,0.0572962760925293,-0.7730079293251038
2361,-4.727231502532959,0.1305248737335205,
2362,-4.802427291870117,0.05705380439758301,
2363,-4.732429027557373,0.05766940116882324,
2364,-4.6133222579956055,0.05635881423950195,
2365,-4.656203269958496,0.05667877197265625,
2366,-4.723447799682617,0.05670309066772461,
2367,-4.669976711273193,0.055866241455078125,
2368,-4.638657569885254,0.056328535079956055,
2369,-4.5796122550964355,0.05641627311706543,
2370,-4.7252516746521,0.056246280670166016,-0.7596588730812073
2371,-4.6341552734375,0.13037109375,
2372,-4.654956817626953,0.05597257614135742,
2373,-4.782420635223389,0.057129621505737305,
2374,-4.728904724121094,0.05768132209777832,
2375,-4.729224681854248,0.058274269104003906,
2376,-4.524539947509766,0.055780649185180664,
2377,-4.568215370178223,0.05729317665100098,
2378,-4.608612537384033,0.05753803253173828,
2379,-4.669551372528076,0.05699348449707031,
2380,-4.556703567504883,0.056601762771606445,-0.9667496085166931
2381,-4.702208518981934,0.128068208694458,
2382,-4.91384220123291,0.055886030197143555,
2383,-4.597419261932373,0.057460784912109375,
2384,-4.681873321533203,0.05666947364807129,
2385,-4.765781402587891,0.056009769439697266,
2386,-4.563380241394043,0.05740547180175781,
2387,-4.671802043914795,0.057179927825927734,
2388,-4.691521167755127,0.05650782585144043,
2389,-4.6648783683776855,0.05777716636657715,
2390,-4.440501689910889,0.057665109634399414,-0.8246790170669556
2391,-4.6877593994140625,0.12926650047302246,
2392,-4.6021904945373535,0.05690741539001465,
2393,-4.651064872741699,0.05794787406921387,
2394,-4.541685104370117,0.05779743194580078,
2395,-4.476356506347656,0.05621790885925293,
2396,-4.587386608123779,0.05695486068725586,
2397,-4.850377082824707,0.05715155601501465,
2398,-4.570060729980469,0.0558314323425293,
2399,-4.415599822998047,0.05719113349914551,
2400,-4.461808204650879,0.05823945999145508,-0.8708817958831787
2401,-4.641027927398682,0.13002777099609375,
2402,-4.588609218597412,0.05659151077270508,
2403,-4.693974494934082,0.05740809440612793,
2404,-4.572873115539551,0.05627036094665527,
2405,-4.647130966186523,0.056793928146362305,
2406,-4.619771480560303,0.05810403823852539,
2407,-4.550804615020752,0.056795358657836914,
2408,-4.693103790283203,0.0571591854095459,
2409,-4.77655553817749,0.0578310489654541,
2410,-4.637516975402832,0.056948184967041016,-0.8894442915916443
2411,-4.821877479553223,0.12886953353881836,
2412,-4.874984264373779,0.057322025299072266,
2413,-4.642960548400879,0.056159019470214844,
2414,-4.737265110015869,0.057142019271850586,
2415,-4.743861198425293,0.0570371150970459,
2416,-4.788246154785156,0.05734372138977051,
2417,-4.781923294067383,0.05626034736633301,
2418,-4.64111852645874,0.0574188232421875,
2419,-4.69295597076416,0.05676102638244629,
2420,-4.7233076095581055,0.05618762969970703,-0.8859570622444153
2421,-4.731980323791504,0.13142919540405273,
2422,-4.697454452514648,0.05820035934448242,
2423,-4.594537258148193,0.057767629623413086,
2424,-4.644530773162842,0.05623793601989746,
2425,-4.81906795501709,0.05758237838745117,
2426,-4.663403511047363,0.05661821365356445,
2427,-4.792523384094238,0.05631875991821289,
2428,-4.737281799316406,0.05674338340759277,
2429,-4.752211570739746,0.057242393493652344,
2430,-4.536316871643066,0.056499481201171875,-0.9585322737693787
2431,-4.761817932128906,0.12981319427490234,
2432,-4.716203212738037,0.05814027786254883,
2433,-4.800098896026611,0.05644631385803223,
2434,-4.877931118011475,0.056475162506103516,
2435,-4.601929664611816,0.0573420524597168,
2436,-4.75261116027832,0.05765032768249512,
2437,-4.777860641479492,0.0557551383972168,
2438,-4.8260955810546875,0.05625343322753906,
2439,-4.711827278137207,0.057235002517700195,
2440,-4.509243965148926,0.05638003349304199,-0.8299797773361206
2441,-4.577756881713867,0.13100314140319824,
2442,-4.6454267501831055,0.058699607849121094,
2443,-4.643228054046631,0.055706024169921875,
2444,-4.682070732116699,0.05670309066772461,
2445,-4.7333550453186035,0.05711030960083008,
2446,-4.56374979019165,0.05762815475463867,
2447,-4.528787612915039,0.05570197105407715,
2448,-4.590648651123047,0.05622673034667969,
2449,-4.576730728149414,0.0567471981048584,
2450,-4.657987594604492,0.05744290351867676,-0.8652812838554382
2451,-4.552638053894043,0.1306900978088379,
2452,-4.475271224975586,0.05704522132873535,
2453,-4.523700714111328,0.057080984115600586,
2454,-4.554843425750732,0.057825326919555664,
2455,-4.484958648681641,0.05640578269958496,
2456,-4.714380264282227,0.05556130409240723,
2457,-4.59687614440918,0.056752920150756836,
2458,-4.667987823486328,0.057703256607055664,
2459,-4.604611396789551,0.05583620071411133,
2460,-4.518827438354492,0.05634307861328125,-0.8751128911972046
2461,-4.55487060546875,0.13273382186889648,
2462,-4.597085952758789,0.05585050582885742,
2463,-4.689957618713379,0.057333946228027344,
2464,-4.5472002029418945,0.057422637939453125,
2465,-4.512544631958008,0.056147098541259766,
2466,-4.576318740844727,0.054755449295043945,
2467,-4.60683536529541,0.05548381805419922,
2468,-4.706808090209961,0.055286407470703125,
2469,-4.4465742111206055,0.05617165565490723,
2470,-4.649916648864746,0.05675816535949707,-0.8461068868637085
2471,-4.697854042053223,0.26746082305908203,
2472,-4.709001541137695,0.05637192726135254,
2473,-4.710641860961914,0.05704450607299805,
2474,-4.557321071624756,0.055526018142700195,
2475,-4.78574275970459,0.05689859390258789,
2476,-4.700211048126221,0.05609750747680664,
2477,-4.620604515075684,0.055896759033203125,
2478,-4.628219127655029,0.05538654327392578,
2479,-4.626916885375977,0.056180715560913086,
2480,-4.748504161834717,0.05660510063171387,-0.7562268376350403
2481,-4.790094375610352,0.13105177879333496,
2482,-4.667460918426514,0.05773329734802246,
2483,-4.536806106567383,0.0561366081237793,
2484,-4.679672718048096,0.05741739273071289,
2485,-4.710366249084473,0.0579228401184082,
2486,-4.762672424316406,0.05697345733642578,
2487,-4.6971116065979,0.055915117263793945,
2488,-4.48753547668457,0.05703091621398926,
2489,-4.750222682952881,0.057817697525024414,
2490,-4.745936870574951,0.05641627311706543,-0.8900080323219299
2491,-4.559476852416992,0.1305387020111084,
2492,-4.616247177124023,0.0562746524810791,
2493,-4.740494251251221,0.05599355697631836,
2494,-4.777776718139648,0.05819392204284668,
2495,-4.768096923828125,0.056655168533325195,
2496,-4.752772808074951,0.05653071403503418,
2497,-4.7969818115234375,0.05741262435913086,
2498,-4.738769054412842,0.05811166763305664,
2499,-4.799426078796387,0.05615353584289551,
2500,-4.642699718475342,0.05655932426452637,-0.819429337978363
2501,-4.550352096557617,0.12561941146850586,
2502,-4.4644012451171875,0.057009220123291016,
2503,-4.793951988220215,0.05707979202270508,
2504,-4.513181686401367,0.05637407302856445,
2505,-4.617297172546387,0.05643272399902344,
2506,-4.657259464263916,0.05791974067687988,
2507,-4.695940017700195,0.05693507194519043,
2508,-4.585755825042725,0.05741691589355469,
2509,-4.672657012939453,0.05691337585449219,
2510,-4.612939834594727,0.05841255187988281,-0.79616779088974
2511,-4.68613338470459,0.13038849830627441,
2512,-4.743901252746582,0.056082725524902344,
2513,-4.687349796295166,0.05850410461425781,
2514,-4.572925090789795,0.056150197982788086,
2515,-4.717635154724121,0.056432485580444336,
2516,-4.677441120147705,0.05529332160949707,
2517,-4.6414079666137695,0.055301666259765625,
2518,-4.587359428405762,0.05718541145324707,
2519,-4.51705265045166,0.058728694915771484,
2520,-4.7320356369018555,0.05648612976074219,-0.943300724029541
2521,-4.779884338378906,0.13002514839172363,
2522,-4.644507884979248,0.0570836067199707,
2523,-4.594285488128662,0.05610036849975586,
2524,-4.568424224853516,0.056832313537597656,
2525,-4.513945579528809,0.05718684196472168,
2526,-4.6341753005981445,0.0555872917175293,
2527,-4.60651969909668,0.05579996109008789,
2528,-4.557361602783203,0.05563616752624512,
2529,-4.688239574432373,0.05582928657531738,
2530,-4.785008907318115,0.05757713317871094,-0.9292846322059631
2531,-4.727750778198242,0.13100576400756836,
2532,-4.473841667175293,0.05680704116821289,
2533,-4.733983993530273,0.0578761100769043,
2534,-4.800230979919434,0.05719494819641113,
2535,-4.63177490234375,0.05629754066467285,
2536,-4.678424835205078,0.05693340301513672,
2537,-4.7488484382629395,0.05629563331604004,
2538,-4.73464822769165,0.055748701095581055,
2539,-4.594498157501221,0.057688236236572266,
2540,-4.83281946182251,0.05649256706237793,-0.6915028691291809
2541,-4.819189071655273,0.1320357322692871,
2542,-4.698253154754639,0.05769753456115723,
2543,-4.625384330749512,0.05584716796875,
2544,-4.704668998718262,0.05651450157165527,
2545,-4.860711097717285,0.05680203437805176,
2546,-4.825354099273682,0.056772708892822266,
2547,-4.777503490447998,0.05677056312561035,
2548,-4.871067047119141,0.055706024169921875,
2549,-4.770409107208252,0.05798912048339844,
2550,-4.801133155822754,0.05726742744445801,-0.6942480802536011
2551,-4.740538597106934,0.1291201114654541,
2552,-4.693733215332031,0.05717778205871582,
2553,-4.648558139801025,0.05626225471496582,
2554,-4.728282451629639,0.055953025817871094,
2555,-4.896947860717773,0.05613899230957031,
2556,-4.843338489532471,0.05525612831115723,
2557,-4.839717864990234,0.05617332458496094,
2558,-4.802783966064453,0.056474924087524414,
2559,-4.814357757568359,0.05665874481201172,
2560,-4.784391403198242,0.05701875686645508,-0.729488730430603
2561,-4.741251468658447,0.12968206405639648,
2562,-4.739256858825684,0.055733680725097656,
2563,-4.832788944244385,0.056403160095214844,
2564,-4.857199668884277,0.05689287185668945,
2565,-4.908249378204346,0.055742740631103516,
2566,-4.739848613739014,0.056974172592163086,
2567,-4.780910015106201,0.056525468826293945,
2568,-4.595093727111816,0.0567479133605957,
2569,-4.800575256347656,0.056828975677490234,
2570,-4.821571350097656,0.05725359916687012,-0.8557308912277222
2571,-4.779128074645996,0.12816429138183594,
2572,-4.888615608215332,0.05750870704650879,
2573,-4.754866123199463,0.05571866035461426,
2574,-4.667855262756348,0.05707216262817383,
2575,-4.743227005004883,0.05678963661193848,
2576,-4.556854248046875,0.055591583251953125,
2577,-4.814584255218506,0.056321144104003906,
2578,-4.781380653381348,0.058355093002319336,
2579,-4.651063919067383,0.055914878845214844,
2580,-4.534534454345703,0.05667853355407715,-0.716485321521759
2581,-4.724199295043945,0.12947511672973633,
2582,-4.757212162017822,0.055632829666137695,
2583,-4.700610160827637,0.05736422538757324,
2584,-4.846683025360107,0.05823540687561035,
2585,-4.689593315124512,0.056150197982788086,
2586,-4.681181907653809,0.05675840377807617,
2587,-4.685375213623047,0.05695796012878418,
2588,-4.631067276000977,0.05670666694641113,
2589,-4.848902225494385,0.056281089782714844,
2590,-4.671966075897217,0.05761098861694336,-0.7393249869346619
2591,-4.645057678222656,0.26388978958129883,
2592,-4.743863582611084,0.057897090911865234,
2593,-4.5698394775390625,0.0576171875,
2594,-4.7234601974487305,0.05562162399291992,
2595,-4.692346572875977,0.05740642547607422,
2596,-4.657910346984863,0.057625770568847656,
2597,-4.666230201721191,0.05726742744445801,
2598,-4.610653877258301,0.055956363677978516,
2599,-4.833003520965576,0.058190107345581055,
2600,-4.601099967956543,0.05600333213806152,-0.7670405507087708
2601,-4.805573463439941,0.13008666038513184,
2602,-4.610281467437744,0.055510759353637695,
2603,-4.789505958557129,0.05553007125854492,
2604,-4.769722938537598,0.058197736740112305,
2605,-4.782132148742676,0.05598282814025879,
2606,-4.755008697509766,0.055773258209228516,
2607,-4.723354816436768,0.05619692802429199,
2608,-4.724739074707031,0.055318593978881836,
2609,-4.775056838989258,0.05572652816772461,
2610,-4.778114318847656,0.0594029426574707,-0.674933910369873
2611,-4.5583696365356445,0.12796330451965332,
2612,-4.818264007568359,0.05727958679199219,
2613,-4.700700283050537,0.05692887306213379,
2614,-4.846841812133789,0.055943965911865234,
2615,-4.852799415588379,0.05781221389770508,
2616,-4.889604091644287,0.056883811950683594,
2617,-4.730461120605469,0.05617523193359375,
2618,-4.673315525054932,0.05684614181518555,
2619,-4.727829933166504,0.05705404281616211,
2620,-4.812991142272949,0.05607962608337402,-0.8851027488708496
2621,-4.765412330627441,0.1320655345916748,
2622,-4.701785087585449,0.056497812271118164,
2623,-4.763655662536621,0.055375099182128906,
2624,-4.760581970214844,0.05585479736328125,
2625,-4.8123273849487305,0.057112932205200195,
2626,-4.620511054992676,0.05827951431274414,
2627,-4.683685302734375,0.05618739128112793,
2628,-4.6626739501953125,0.057153940200805664,
2629,-4.8689866065979,0.05667734146118164,
2630,-4.787703514099121,0.056604862213134766,-0.9424335956573486
2631,-4.703448295593262,0.13117694854736328,
2632,-4.713706016540527,0.056839704513549805,
2633,-4.708843231201172,0.0566403865814209,
2634,-4.701160430908203,0.05749154090881348,
2635,-4.680778503417969,0.056862592697143555,
2636,-4.590421676635742,0.05689740180969238,
2637,-4.574103355407715,0.057412147521972656,
2638,-4.665006160736084,0.05781888961791992,
2639,-4.757803916931152,0.05565619468688965,
2640,-4.664419174194336,0.05571246147155762,-0.8362851738929749
2641,-4.707304954528809,0.13210535049438477,
2642,-4.727563381195068,0.05696916580200195,
2643,-4.703739643096924,0.056520700454711914,
2644,-4.781723499298096,0.05718588829040527,
2645,-4.566004753112793,0.05582427978515625,
2646,-4.849303722381592,0.05652284622192383,
2647,-4.664194583892822,0.057637691497802734,
2648,-4.690285682678223,0.05700540542602539,
2649,-4.721504211425781,0.05614066123962402,
2650,-4.717243194580078,0.05731463432312012,-0.75865638256073
2651,-4.75316858291626,0.12747955322265625,
2652,-4.55976676940918,0.05735325813293457,
2653,-4.967288970947266,0.05857133865356445,
2654,-4.746566295623779,0.057021141052246094,
2655,-4.668471336364746,0.056165456771850586,
2656,-4.725294589996338,0.057459115982055664,
2657,-4.716288089752197,0.05671572685241699,
2658,-4.743756294250488,0.05599021911621094,
2659,-4.6503825187683105,0.05673861503601074,
2660,-4.6647748947143555,0.05629897117614746,-0.8160146474838257
2661,-4.739718437194824,0.1302931308746338,
2662,-4.8144330978393555,0.05828499794006348,
2663,-4.762912750244141,0.05669689178466797,
2664,-4.800103187561035,0.056731224060058594,
2665,-4.769136428833008,0.05743837356567383,
2666,-4.772785186767578,0.05767107009887695,
2667,-4.683825492858887,0.05703425407409668,
2668,-4.631740093231201,0.05574226379394531,
2669,-4.945487022399902,0.05689644813537598,
2670,-4.6888227462768555,0.055126190185546875,-0.8023525476455688
2671,-4.679072380065918,0.12654924392700195,
2672,-4.693926811218262,0.05628395080566406,
2673,-4.566347599029541,0.05644536018371582,
2674,-4.661036491394043,0.05685782432556152,
2675,-4.698516845703125,0.05629754066467285,
2676,-4.840453624725342,0.05634021759033203,
2677,-4.6503400802612305,0.057512760162353516,
2678,-4.674543857574463,0.056336402893066406,
2679,-4.854696273803711,0.05571937561035156,
2680,-4.74314022064209,0.05778622627258301,-0.9064554572105408
2681,-4.662580490112305,0.13034367561340332,
2682,-4.568708419799805,0.057340145111083984,
2683,-4.7671427726745605,0.05784344673156738,
2684,-4.73236083984375,0.05675005912780762,
2685,-4.81420373916626,0.05586099624633789,
2686,-4.870876312255859,0.05788874626159668,
2687,-4.857257843017578,0.05461931228637695,
2688,-4.798479080200195,0.05565500259399414,
2689,-4.720232009887695,0.05654549598693848,
2690,-4.812690734863281,0.0573420524597168,-0.7873429656028748
2691,-4.789656639099121,0.130875825881958,
2692,-4.728243350982666,0.05790376663208008,
2693,-4.515604496002197,0.05726456642150879,
2694,-4.800294876098633,0.05548977851867676,
2695,-4.882692337036133,0.05737495422363281,
2696,-4.902430534362793,0.05745959281921387,
2697,-4.696515083312988,0.05754399299621582,
2698,-4.682416915893555,0.05709505081176758,
2699,-4.744753837585449,0.05727505683898926,
2700,-4.735554218292236,0.05530714988708496,-0.7744051218032837
2701,-4.862415313720703,0.13066363334655762,
2702,-4.697117805480957,0.057641029357910156,
2703,-4.625413417816162,0.0559237003326416,
2704,-4.626368522644043,0.05727434158325195,
2705,-4.675300598144531,0.057749032974243164,
2706,-4.665166854858398,0.05628466606140137,
2707,-4.7097320556640625,0.056383371353149414,
2708,-4.56635856628418,0.0575559139251709,
2709,-4.64621114730835,0.056172847747802734,
2710,-4.813050270080566,0.056075096130371094,-0.8944361209869385
2711,-4.701935291290283,0.12848925590515137,
2712,-4.570298671722412,0.05689501762390137,
2713,-4.626283168792725,0.055548906326293945,
2714,-4.7619218826293945,0.05695819854736328,
2715,-4.8823041915893555,0.05535316467285156,
2716,-4.942282676696777,0.05713367462158203,
2717,-4.8929266929626465,0.056949615478515625,
2718,-4.733551025390625,0.05606675148010254,
2719,-4.774624824523926,0.05652499198913574,
2720,-4.853884220123291,0.05762600898742676,-0.8188332915306091
2721,-4.874167442321777,0.2490701675415039,
2722,-4.858927249908447,0.05780220031738281,
2723,-4.976885795593262,0.055834293365478516,
2724,-4.784661293029785,0.05711960792541504,
2725,-4.89143180847168,0.057296037673950195,
2726,-4.687687873840332,0.055726051330566406,
2727,-4.788052082061768,0.056899309158325195,
2728,-4.802380561828613,0.05897235870361328,
2729,-4.7888689041137695,0.05724287033081055,
2730,-4.700716972351074,0.055948495864868164,-0.5804947018623352
2731,-4.768613338470459,0.12899374961853027,
2732,-4.5847392082214355,0.055643320083618164,
2733,-4.770152568817139,0.058153629302978516,
2734,-4.828462600708008,0.058902740478515625,
2735,-4.876665115356445,0.056012868881225586,
2736,-4.9043073654174805,0.05637168884277344,
2737,-4.853017807006836,0.05578732490539551,
2738,-4.663825988769531,0.05536007881164551,
2739,-4.71469783782959,0.056334495544433594,
2740,-4.7662506103515625,0.05873918533325195,-0.7850409150123596
2741,-4.778742790222168,0.12929940223693848,
2742,-4.668959617614746,0.05698800086975098,
2743,-4.878122806549072,0.05699515342712402,
2744,-4.760655403137207,0.05555438995361328,
2745,-4.775787353515625,0.05633544921875,
2746,-4.748001575469971,0.055704593658447266,
2747,-4.932321071624756,0.05554628372192383,
2748,-4.705175399780273,0.055243492126464844,
2749,-4.823639392852783,0.055890560150146484,
2750,-4.882190227508545,0.05624818801879883,-0.769461452960968
2751,-4.824342727661133,0.13051795959472656,
2752,-4.888616561889648,0.05543065071105957,
2753,-4.892119407653809,0.05636763572692871,
2754,-4.9084858894348145,0.0565645694732666,
2755,-4.801030158996582,0.05650925636291504,
2756,-4.792264938354492,0.056641340255737305,
2757,-4.787482261657715,0.05649876594543457,
2758,-4.681064128875732,0.055832862854003906,
2759,-4.744320869445801,0.057863473892211914,
2760,-4.69425630569458,0.05783843994140625,-0.8299145102500916
2761,-4.70175838470459,0.12701082229614258,
2762,-4.698575019836426,0.0585935115814209,
2763,-4.672442436218262,0.05595731735229492,
2764,-4.735509872436523,0.056859731674194336,
2765,-4.783575534820557,0.05781412124633789,
2766,-4.6898956298828125,0.0565030574798584,
2767,-4.640623569488525,0.05611562728881836,
2768,-4.770469665527344,0.0574648380279541,
2769,-4.72890043258667,0.05603361129760742,
2770,-4.863379001617432,0.05559134483337402,-0.6219485402107239
2771,-4.720800399780273,0.13126802444458008,
2772,-4.75789213180542,0.05590105056762695,
2773,-4.7127299308776855,0.056897878646850586,
2774,-4.65837287902832,0.058928489685058594,
2775,-4.770364284515381,0.05585050582885742,
2776,-4.665252208709717,0.05685710906982422,
2777,-4.8190789222717285,0.056322336196899414,
2778,-4.904388427734375,0.057970523834228516,
2779,-4.923978328704834,0.05612063407897949,
2780,-4.9003777503967285,0.056520938873291016,-0.787832498550415
2781,-4.839198589324951,0.1310269832611084,
2782,-4.952604293823242,0.056157827377319336,
2783,-4.714468955993652,0.05747652053833008,
2784,-4.89939022064209,0.05713391304016113,
2785,-4.805510520935059,0.05570030212402344,
2786,-4.810510635375977,0.05705523490905762,
2787,-4.7775163650512695,0.05825400352478027,
2788,-4.870876312255859,0.05560302734375,
2789,-4.876442909240723,0.05651688575744629,
2790,-4.950107097625732,0.05910778045654297,-0.9241471290588379
2791,-4.777928829193115,0.1316988468170166,
2792,-4.809526443481445,0.056058406829833984,
2793,-4.872089385986328,0.057327985763549805,
2794,-4.899343490600586,0.05695223808288574,
2795,-4.894861698150635,0.05653524398803711,
2796,-4.744518280029297,0.05789017677307129,
2797,-4.725097179412842,0.05826520919799805,
2798,-4.697971343994141,0.05681157112121582,
2799,-4.7622880935668945,0.055947303771972656,
2800,-4.833674430847168,0.056710004806518555,-0.7555484771728516
2801,-4.736024856567383,0.1280198097229004,
2802,-4.771114349365234,0.05756735801696777,
2803,-4.963508605957031,0.0579686164855957,
2804,-4.794102668762207,0.05600905418395996,
2805,-4.610561370849609,0.05756020545959473,
2806,-4.759580135345459,0.05812525749206543,
2807,-4.768969535827637,0.057969093322753906,
2808,-4.800432205200195,0.05605363845825195,
2809,-4.954029083251953,0.056954383850097656,
2810,-4.714970111846924,0.05613088607788086,-0.8295100927352905
2811,-4.5817461013793945,0.1311192512512207,
2812,-4.634284973144531,0.05697798728942871,
2813,-4.812857151031494,0.05656743049621582,
2814,-4.772179126739502,0.05716085433959961,
2815,-4.762351989746094,0.05580568313598633,
2816,-4.8591790199279785,0.05756998062133789,
2817,-4.874732971191406,0.05613851547241211,
2818,-4.736281394958496,0.057717323303222656,
2819,-4.898802757263184,0.05800127983093262,
2820,-4.786128520965576,0.0580141544342041,-0.7914466857910156
2821,-4.8508124351501465,0.13182783126831055,
2822,-4.7142744064331055,0.05821681022644043,
2823,-4.809536933898926,0.05590033531188965,
2824,-4.902911186218262,0.05592060089111328,
2825,-4.8588690757751465,0.057215213775634766,
2826,-4.909155368804932,0.05524253845214844,
2827,-4.76112174987793,0.05495500564575195,
2828,-4.688517093658447,0.056397438049316406,
2829,-4.845645904541016,0.05502963066101074,
2830,-4.7842206954956055,0.05503344535827637,-0.9322066307067871
2831,-4.761288642883301,0.12983441352844238,
2832,-4.619917869567871,0.05568718910217285,
2833,-4.854179382324219,0.05643033981323242,
2834,-4.984988689422607,0.058408260345458984,
2835,-4.647141456604004,0.0583033561706543,
2836,-4.7231903076171875,0.056278228759765625,
2837,-4.791997909545898,0.05703020095825195,
2838,-4.668245792388916,0.05785560607910156,
2839,-4.763994216918945,0.056644439697265625,
2840,-4.830844879150391,0.056330204010009766,-0.7481465339660645
2841,-4.925847053527832,0.263355016708374,
2842,-4.9641923904418945,0.05630826950073242,
2843,-5.006118297576904,0.05653095245361328,
2844,-4.882992744445801,0.05608344078063965,
2845,-4.730217933654785,0.056101083755493164,
2846,-4.76625919342041,0.05694150924682617,
2847,-4.744761943817139,0.05507850646972656,
2848,-4.890160083770752,0.05764341354370117,
2849,-4.735099792480469,0.05816531181335449,
2850,-4.766855239868164,0.055937767028808594,-0.7775868773460388
2851,-4.71987247467041,0.1290888786315918,
2852,-4.787807941436768,0.05519390106201172,
2853,-4.732911109924316,0.05511951446533203,
2854,-4.787665367126465,0.05614185333251953,
2855,-4.742349624633789,0.05640268325805664,
2856,-4.817537307739258,0.055657148361206055,
2857,-4.736104965209961,0.05765223503112793,
2858,-4.769111633300781,0.057666778564453125,
2859,-4.893127918243408,0.05630135536193848,
2860,-4.780068397521973,0.05675697326660156,-0.750418484210968
2861,-4.774110317230225,0.13084769248962402,
2862,-4.904110908508301,0.05622601509094238,
2863,-4.902880668640137,0.06007504463195801,
2864,-4.8145928382873535,0.05661344528198242,
2865,-4.680822372436523,0.056539297103881836,
2866,-4.719207763671875,0.055734872817993164,
2867,-4.880092620849609,0.057604074478149414,
2868,-4.93057918548584,0.05586361885070801,
2869,-4.894086837768555,0.056638240814208984,
2870,-4.855784893035889,0.058499813079833984,-0.7125489115715027
2871,-4.861103057861328,0.13036704063415527,
2872,-4.803214073181152,0.056214094161987305,
2873,-4.880398750305176,0.05687212944030762,
2874,-4.865910053253174,0.05643415451049805,
2875,-5.055375099182129,0.056302785873413086,
2876,-4.987045764923096,0.05699634552001953,
2877,-4.749536991119385,0.05598735809326172,
2878,-4.773088455200195,0.056771039962768555,
2879,-4.880062103271484,0.057161808013916016,
2880,-4.914935111999512,0.056432247161865234,-0.6556605696678162
2881,-4.783929824829102,0.12976908683776855,
2882,-4.658108234405518,0.05614018440246582,
2883,-4.799538612365723,0.05606436729431152,
2884,-4.862402439117432,0.056081295013427734,
2885,-4.847692012786865,0.05869603157043457,
2886,-4.787153244018555,0.0570681095123291,
2887,-4.764614105224609,0.056303977966308594,
2888,-4.838244438171387,0.05599808692932129,
2889,-4.748621940612793,0.05754709243774414,
2890,-4.761832237243652,0.055741310119628906,-0.6860135793685913
2891,-4.809228897094727,0.12878680229187012,
2892,-4.8086934089660645,0.05590701103210449,
2893,-4.813697814941406,0.05592226982116699,
2894,-4.966466903686523,0.05802345275878906,
2895,-4.904497146606445,0.05691385269165039,
2896,-4.751210689544678,0.056554317474365234,
2897,-4.86494255065918,0.05684781074523926,
2898,-4.906957626342773,0.05884408950805664,
2899,-4.918056011199951,0.05681324005126953,
2900,-4.81497859954834,0.05646014213562012,-0.8672686815261841
2901,-4.697259902954102,0.12971258163452148,
2902,-4.859657287597656,0.05687570571899414,
2903,-4.830483913421631,0.05781078338623047,
2904,-4.717187404632568,0.05765080451965332,
2905,-4.729206085205078,0.056502342224121094,
2906,-4.892788410186768,0.05731916427612305,
2907,-4.918338775634766,0.05863332748413086,
2908,-4.63884162902832,0.05684041976928711,
2909,-4.71744441986084,0.05594778060913086,
2910,-4.933114051818848,0.05713367462158203,-0.7477930784225464
2911,-4.863368988037109,0.12832880020141602,
2912,-4.832818031311035,0.057923078536987305,
2913,-4.731377124786377,0.05666756629943848,
2914,-4.916446685791016,0.0566864013671875,
2915,-4.663990497589111,0.05815625190734863,
2916,-4.7773566246032715,0.056618690490722656,
2917,-4.833725452423096,0.056288957595825195,
2918,-4.754400253295898,0.056435585021972656,
2919,-4.811553001403809,0.05822157859802246,
2920,-4.888822555541992,0.05636191368103027,-0.6729284524917603
2921,-5.005147933959961,0.13029098510742188,
2922,-5.033963203430176,0.057509660720825195,
2923,-4.878483295440674,0.05634570121765137,
2924,-4.971834182739258,0.056305885314941406,
2925,-4.8638763427734375,0.0576176643371582,
2926,-4.860732078552246,0.055013418197631836,
2927,-4.890161991119385,0.0570378303527832,
2928,-5.00354528427124,0.05769920349121094,
2929,-4.89578914642334,0.05655932426452637,
2930,-5.038603782653809,0.05741524696350098,-0.7600964307785034
2931,-5.030989170074463,0.12938213348388672,
2932,-4.887925148010254,0.05604219436645508,
2933,-4.816672325134277,0.05727529525756836,
2934,-4.7962775230407715,0.05591320991516113,
2935,-4.8920063972473145,0.05702495574951172,
2936,-4.942000389099121,0.05731344223022461,
2937,-4.894366264343262,0.05671048164367676,
2938,-4.897790431976318,0.05573773384094238,
2939,-4.848989486694336,0.0561213493347168,
2940,-4.975518226623535,0.0554661750793457,-0.6899290680885315
2941,-5.063606262207031,0.12803983688354492,
2942,-4.718722820281982,0.05714678764343262,
2943,-4.800868034362793,0.05597043037414551,
2944,-4.930919647216797,0.05718088150024414,
2945,-4.871170997619629,0.05786561965942383,
2946,-4.633318901062012,0.056053876876831055,
2947,-4.751063346862793,0.056005239486694336,
2948,-4.990898132324219,0.059059858322143555,
2949,-4.812842845916748,0.05775046348571777,
2950,-4.692231178283691,0.0575869083404541,-0.8904647827148438
2951,-4.716740608215332,0.12883687019348145,
2952,-4.934442043304443,0.05686354637145996,
2953,-4.767228126525879,0.05567789077758789,
2954,-4.849606513977051,0.056298255920410156,
2955,-4.837791919708252,0.05791282653808594,
2956,-4.9775543212890625,0.05623316764831543,
2957,-4.912330150604248,0.05590462684631348,
2958,-4.8699750900268555,0.05770158767700195,
2959,-4.959765434265137,0.05692553520202637,
2960,-4.871435165405273,0.05637073516845703,-0.8858376741409302
2961,-4.866725444793701,0.1286633014678955,
2962,-4.966981887817383,0.057004451751708984,
2963,-4.798130035400391,0.058222055435180664,
2964,-4.840747833251953,0.05683779716491699,
2965,-4.756874084472656,0.05566811561584473,
2966,-4.9912590980529785,0.05654788017272949,
2967,-5.004612922668457,0.05607867240905762,
2968,-4.868737697601318,0.05590987205505371,
2969,-4.841324806213379,0.05616307258605957,
2970,-4.865756511688232,0.05494356155395508,-0.8919500708580017
2971,-4.991615295410156,0.2720468044281006,
2972,-4.81056022644043,0.0588533878326416,
2973,-4.795010089874268,0.05832624435424805,
2974,-4.9471588134765625,0.05621671676635742,
2975,-4.856091022491455,0.056108713150024414,
2976,-4.941423416137695,0.057741403579711914,
2977,-4.893220901489258,0.05665469169616699,
2978,-4.899474620819092,0.056543588638305664,
2979,-5.095258712768555,0.05768132209777832,
2980,-4.857819557189941,0.05651259422302246,-0.7554131746292114
2981,-4.8506669998168945,0.13172316551208496,
2982,-4.825078964233398,0.05733323097229004,
2983,-4.900230407714844,0.056618452072143555,
2984,-4.999668121337891,0.05646157264709473,
2985,-5.035166263580322,0.057314395904541016,
2986,-4.930671215057373,0.0554356575012207,
2987,-4.71519136428833,0.05550074577331543,
2988,-4.658647537231445,0.0576784610748291,
2989,-4.700705528259277,0.05687570571899414,
2990,-4.730621337890625,0.05610084533691406,-0.8482789993286133
2991,-4.6795735359191895,0.13069415092468262,
2992,-4.686542987823486,0.05604290962219238,
2993,-4.6458539962768555,0.056955575942993164,
2994,-4.723154067993164,0.05821657180786133,
2995,-4.732566833496094,0.05719637870788574,
2996,-4.662436485290527,0.05651211738586426,
2997,-4.808333396911621,0.05751657485961914,
2998,-4.771305084228516,0.05829596519470215,
2999,-4.918708801269531,0.05783438682556152,
3000,-4.754705429077148,0.05670762062072754,-0.7143771052360535
3001,-4.8386921882629395,0.12858033180236816,
3002,-5.031477928161621,0.05647778511047363,
3003,-4.911555767059326,0.056884765625,
3004,-4.862091064453125,0.05740642547607422,
3005,-5.105051040649414,0.05681657791137695,
3006,-4.856294631958008,0.05693674087524414,
3007,-4.6547064781188965,0.05835103988647461,
3008,-4.799017429351807,0.056049346923828125,
3009,-4.907169342041016,0.056131839752197266,
3010,-4.925534248352051,0.05827164649963379,-0.7979671359062195
3011,-4.7037153244018555,0.13436651229858398,
3012,-4.820974349975586,0.0573735237121582,
3013,-4.867542743682861,0.05590176582336426,
3014,-4.911379337310791,0.05636882781982422,
3015,-4.726856231689453,0.05757761001586914,
3016,-4.681847095489502,0.05592775344848633,
3017,-4.743412971496582,0.055873870849609375,
3018,-4.710153102874756,0.05701565742492676,
3019,-4.795389175415039,0.05590057373046875,
3020,-5.007884979248047,0.05598568916320801,-0.5729471445083618
3021,-4.948734283447266,0.13040924072265625,
3022,-4.954255104064941,0.055967092514038086,
3023,-5.049559593200684,0.057360172271728516,
3024,-4.908265113830566,0.05690336227416992,
3025,-4.979152679443359,0.055739641189575195,
3026,-5.046265602111816,0.05711174011230469,
3027,-4.956951141357422,0.05795097351074219,
3028,-5.041248321533203,0.05621170997619629,
3029,-5.007830619812012,0.05664682388305664,
3030,-5.033472061157227,0.05843329429626465,-0.6052460074424744
3031,-4.9363250732421875,0.12764549255371094,
3032,-4.940802574157715,0.057192325592041016,
3033,-4.9167585372924805,0.05704927444458008,
3034,-4.94917106628418,0.05590534210205078,
3035,-4.822880744934082,0.05663561820983887,
3036,-5.049620628356934,0.057376861572265625,
3037,-5.031229496002197,0.05648636817932129,
3038,-4.972393989562988,0.05632376670837402,
3039,-4.834735870361328,0.05787348747253418,
3040,-4.907599449157715,0.0554502010345459,-0.780559778213501
3041,-5.0641374588012695,0.12807416915893555,
3042,-4.7774505615234375,0.05610489845275879,
3043,-4.924468040466309,0.0571599006652832,
3044,-4.903646945953369,0.05833077430725098,
3045,-4.896967887878418,0.05624961853027344,
3046,-4.834145545959473,0.05660128593444824,
3047,-4.814571857452393,0.05668187141418457,
3048,-4.836616039276123,0.05532526969909668,
3049,-4.8610358238220215,0.055045127868652344,
3050,-4.885148048400879,0.057108163833618164,-0.7251900434494019
3051,-4.824031829833984,0.12762045860290527,
3052,-4.7532854080200195,0.055785179138183594,
3053,-4.934840202331543,0.057476043701171875,
3054,-4.788025856018066,0.05661630630493164,
3055,-5.030943393707275,0.05702090263366699,
3056,-4.878334045410156,0.0572054386138916,
3057,-4.787657737731934,0.056191205978393555,
3058,-4.886470794677734,0.05681633949279785,
3059,-4.760222434997559,0.0575406551361084,
3060,-5.0209808349609375,0.05586075782775879,-0.7954479455947876
3061,-4.883871078491211,0.1292717456817627,
3062,-4.841635704040527,0.056879281997680664,
3063,-5.012420177459717,0.05649828910827637,
3064,-4.876341819763184,0.0579986572265625,
3065,-4.885306358337402,0.056067705154418945,
3066,-4.7783098220825195,0.05598020553588867,
3067,-4.8243842124938965,0.05795931816101074,
3068,-5.020008563995361,0.056128740310668945,
3069,-4.979636192321777,0.05642580986022949,
3070,-4.9373579025268555,0.058284759521484375,-0.721848726272583
3071,-4.890714168548584,0.12962865829467773,
3072,-4.962845802307129,0.057240962982177734,
3073,-4.878960609436035,0.05778026580810547,
3074,-4.976229190826416,0.05594134330749512,
3075,-4.894266128540039,0.055233001708984375,
3076,-4.902620315551758,0.05599093437194824,
3077,-5.018840789794922,0.055509328842163086,
3078,-4.771676540374756,0.0568387508392334,
3079,-4.991401195526123,0.05489087104797363,
3080,-4.814762115478516,0.05733036994934082,-0.7620728015899658
3081,-4.9033708572387695,0.12932848930358887,
3082,-4.85066556930542,0.05602526664733887,
3083,-5.007809638977051,0.05702924728393555,
3084,-4.889102458953857,0.05664944648742676,
3085,-4.960690498352051,0.056667327880859375,
3086,-4.894843578338623,0.05699348449707031,
3087,-4.899433135986328,0.05548834800720215,
3088,-4.848813056945801,0.05556321144104004,
3089,-4.8541131019592285,0.05751752853393555,
3090,-4.860254764556885,0.058531999588012695,-0.6743159890174866
3091,-4.63311767578125,0.2706429958343506,
3092,-4.935479640960693,0.05508875846862793,
3093,-4.880921840667725,0.05829358100891113,
3094,-4.92040491104126,0.05611681938171387,
3095,-4.917214870452881,0.05654644966125488,
3096,-4.795397758483887,0.057372093200683594,
3097,-4.97983455657959,0.056447744369506836,
3098,-4.82553243637085,0.05616331100463867,
3099,-4.940700054168701,0.058344125747680664,
3100,-4.921792984008789,0.05738115310668945,-0.6955242156982422
3101,-4.839362621307373,0.12827777862548828,
3102,-4.765440940856934,0.05798768997192383,
3103,-5.010621070861816,0.0565793514251709,
3104,-4.861568450927734,0.05590939521789551,
3105,-4.832146644592285,0.05668783187866211,
3106,-4.765345573425293,0.05622076988220215,
3107,-4.975966453552246,0.056371450424194336,
3108,-4.821586608886719,0.056890010833740234,
3109,-4.985842704772949,0.05576968193054199,
3110,-5.03006649017334,0.05646657943725586,-0.822217583656311
3111,-4.965909957885742,0.1291968822479248,
3112,-4.941830635070801,0.05503654479980469,
3113,-4.9915666580200195,0.05664873123168945,
3114,-4.947410583496094,0.05686306953430176,
3115,-4.970118522644043,0.05681490898132324,
3116,-5.042276859283447,0.05772995948791504,
3117,-5.091070652008057,0.05644631385803223,
3118,-4.966870307922363,0.055734872817993164,
3119,-5.075762748718262,0.05786871910095215,
3120,-5.058979034423828,0.05762887001037598,-0.7079777717590332
3121,-4.934889793395996,0.1309959888458252,
3122,-4.847043037414551,0.0571749210357666,
3123,-4.8510870933532715,0.05697488784790039,
3124,-4.898062705993652,0.056267499923706055,
3125,-5.038933753967285,0.056578874588012695,
3126,-4.945335865020752,0.055881500244140625,
3127,-4.9940948486328125,0.05547928810119629,
3128,-4.745357990264893,0.05734086036682129,
3129,-4.825211048126221,0.05810260772705078,
3130,-4.844247817993164,0.05720806121826172,-0.7452038526535034
3131,-4.918816566467285,0.1303713321685791,
3132,-4.796523094177246,0.05866241455078125,
3133,-4.736044406890869,0.056293487548828125,
3134,-4.9327545166015625,0.05688118934631348,
3135,-4.9168477058410645,0.05725860595703125,
3136,-4.890265464782715,0.056812286376953125,
3137,-4.748489856719971,0.056060791015625,
3138,-4.8163042068481445,0.058457374572753906,
3139,-4.968232154846191,0.05902695655822754,
3140,-4.944271087646484,0.056507110595703125,-0.7734646201133728
3141,-4.991336345672607,0.12967801094055176,
3142,-4.875489234924316,0.05631661415100098,
3143,-4.875426292419434,0.05633687973022461,
3144,-4.9158172607421875,0.05629587173461914,
3145,-4.997788429260254,0.0573267936706543,
3146,-4.8504791259765625,0.056874990463256836,
3147,-4.9401116371154785,0.055979251861572266,
3148,-4.992458343505859,0.05767989158630371,
3149,-5.057666301727295,0.0575714111328125,
3150,-4.969546318054199,0.05594158172607422,-0.8574668169021606
3151,-4.870716094970703,0.12929797172546387,
3152,-4.893122673034668,0.056124210357666016,
3153,-4.887479782104492,0.05754804611206055,
3154,-4.93295955657959,0.05678439140319824,
3155,-4.728909969329834,0.056343793869018555,
3156,-4.862842082977295,0.05665922164916992,
3157,-5.015620708465576,0.05572366714477539,
3158,-5.0496625900268555,0.05629158020019531,
3159,-4.87677001953125,0.05702376365661621,
3160,-4.923717021942139,0.05843210220336914,-1.0071145296096802
3161,-4.892399311065674,0.1353929042816162,
3162,-4.813709259033203,0.05576324462890625,
3163,-5.0291218757629395,0.057285308837890625,
3164,-4.784928321838379,0.058119773864746094,
3165,-4.891570091247559,0.05610466003417969,
3166,-4.94699764251709,0.05688929557800293,
3167,-4.937067031860352,0.05840587615966797,
3168,-4.795515060424805,0.05841565132141113,
3169,-5.040774345397949,0.05586647987365723,
3170,-4.962584972381592,0.05750322341918945,-0.8301182985305786
3171,-5.027815818786621,0.13162851333618164,
3172,-4.93514347076416,0.05616641044616699,
3173,-5.058938980102539,0.05770683288574219,
3174,-4.9646220207214355,0.05719637870788574,
3175,-4.939743518829346,0.057016611099243164,
3176,-4.997663974761963,0.05592989921569824,
3177,-5.157989501953125,0.05661320686340332,
3178,-4.969094276428223,0.05610918998718262,
3179,-4.949917793273926,0.05607104301452637,
3180,-5.0329790115356445,0.058446407318115234,-0.8339537978172302
3181,-5.075079917907715,0.12880492210388184,
3182,-4.842627048492432,0.05635333061218262,
3183,-5.052107810974121,0.057343244552612305,
3184,-5.005769729614258,0.05853152275085449,
3185,-5.055605888366699,0.05754876136779785,
3186,-5.1129608154296875,0.0558934211730957,
3187,-4.904654026031494,0.05560731887817383,
3188,-5.047816276550293,0.05779385566711426,
3189,-5.063571453094482,0.05573773384094238,
3190,-4.954402923583984,0.05634784698486328,-0.916115939617157
3191,-4.90277099609375,0.12823891639709473,
3192,-5.112057685852051,0.05645942687988281,
3193,-5.000626564025879,0.05665302276611328,
3194,-4.966629981994629,0.05593705177307129,
3195,-4.795310974121094,0.05672121047973633,
3196,-4.892202854156494,0.05652761459350586,
3197,-5.058196544647217,0.05589151382446289,
3198,-4.926349639892578,0.05795407295227051,
3199,-5.029299736022949,0.058461666107177734,
3200,-5.056814193725586,0.056452035903930664,-0.6509307026863098
3201,-4.734924793243408,0.12992215156555176,
3202,-4.897542953491211,0.056444406509399414,
3203,-5.029519557952881,0.05603218078613281,
3204,-4.813733100891113,0.05718255043029785,
3205,-4.677274227142334,0.05574822425842285,
3206,-4.722660541534424,0.056288957595825195,
3207,-4.8517866134643555,0.058110713958740234,
3208,-4.8890204429626465,0.05628180503845215,
3209,-4.908262252807617,0.055980682373046875,
3210,-4.88306999206543,0.057729482650756836,-0.8718211054801941
3211,-4.917884826660156,0.1279923915863037,
3212,-4.917000770568848,0.056374311447143555,
3213,-4.955320358276367,0.056989431381225586,
3214,-5.030080318450928,0.05695796012878418,
3215,-5.0436601638793945,0.05630087852478027,
3216,-5.065526008605957,0.057755231857299805,
3217,-4.989466190338135,0.056308746337890625,
3218,-4.887606620788574,0.05626320838928223,
3219,-4.854590892791748,0.05677509307861328,
3220,-4.93255615234375,0.05632209777832031,-0.7535058856010437
3221,-5.073522567749023,0.26784849166870117,
3222,-4.955101490020752,0.05661749839782715,
3223,-4.858192443847656,0.05564260482788086,
3224,-4.88832426071167,0.0561983585357666,
3225,-4.9522552490234375,0.05856609344482422,
3226,-5.078911781311035,0.056001901626586914,
3227,-4.838494300842285,0.05631113052368164,
3228,-5.131755828857422,0.05715584754943848,
3229,-4.906844139099121,0.05589413642883301,
3230,-4.815921783447266,0.05640602111816406,-0.8739071488380432
3231,-4.849448204040527,0.13123250007629395,
3232,-4.96636962890625,0.055816650390625,
3233,-4.966729164123535,0.05629992485046387,
3234,-4.9324188232421875,0.0571596622467041,
3235,-4.914473533630371,0.05639386177062988,
3236,-4.919260025024414,0.057254791259765625,
3237,-5.036499977111816,0.060538291931152344,
3238,-4.896124839782715,0.05619668960571289,
3239,-5.029765605926514,0.05573678016662598,
3240,-5.039741516113281,0.059623003005981445,-0.897536039352417
3241,-4.834490776062012,0.12804770469665527,
3242,-4.792567253112793,0.05620932579040527,
3243,-4.929064750671387,0.056868553161621094,
3244,-5.145991325378418,0.05680346488952637,
3245,-5.1617937088012695,0.05625200271606445,
3246,-5.030420303344727,0.056822776794433594,
3247,-4.974248886108398,0.05665016174316406,
3248,-5.193933963775635,0.05792069435119629,
3249,-4.992714881896973,0.05736231803894043,
3250,-4.947842597961426,0.05579948425292969,-0.7436862587928772
3251,-5.009860038757324,0.13193035125732422,
3252,-4.989645004272461,0.055797576904296875,
3253,-5.157285690307617,0.05601811408996582,
3254,-5.19921350479126,0.055530548095703125,
3255,-5.04417610168457,0.05748891830444336,
3256,-5.01544189453125,0.05530691146850586,
3257,-5.1534929275512695,0.05630326271057129,
3258,-5.087078094482422,0.057908058166503906,
3259,-5.102851867675781,0.05647444725036621,
3260,-4.946723937988281,0.056092023849487305,-0.7787436246871948
3261,-5.0767412185668945,0.13039922714233398,
3262,-5.069371223449707,0.0553433895111084,
3263,-4.986922264099121,0.05686068534851074,
3264,-5.0604705810546875,0.05760598182678223,
3265,-5.083996772766113,0.05555295944213867,
3266,-5.070520401000977,0.056488990783691406,
3267,-4.999427795410156,0.05776524543762207,
3268,-4.963076591491699,0.056743621826171875,
3269,-4.968941688537598,0.056267738342285156,
3270,-4.976237773895264,0.05805778503417969,-0.9439340829849243
3271,-5.048768997192383,0.12866663932800293,
3272,-5.06337833404541,0.05837297439575195,
3273,-4.968260765075684,0.05691266059875488,
3274,-4.935970306396484,0.05781912803649902,
3275,-5.098862648010254,0.05611014366149902,
3276,-5.0114874839782715,0.05572175979614258,
3277,-4.9580841064453125,0.057035207748413086,
3278,-4.951700687408447,0.05603837966918945,
3279,-4.91623067855835,0.0560457706451416,
3280,-4.911764144897461,0.05744361877441406,-1.0462616682052612
3281,-4.990853309631348,0.12961506843566895,
3282,-4.886594772338867,0.05804896354675293,
3283,-5.055347442626953,0.058617591857910156,
3284,-4.955080032348633,0.056272029876708984,
3285,-4.897132396697998,0.05777859687805176,
3286,-4.959672927856445,0.05753207206726074,
3287,-4.987205505371094,0.05837082862854004,
3288,-4.92595911026001,0.05667304992675781,
3289,-5.071962833404541,0.05698823928833008,
3290,-5.1351165771484375,0.05729484558105469,-0.8245609402656555
3291,-4.98131799697876,0.1283247470855713,
3292,-5.044156074523926,0.05673480033874512,
3293,-5.064052581787109,0.05565667152404785,
3294,-5.0551042556762695,0.05563974380493164,
3295,-4.925806999206543,0.05640411376953125,
3296,-4.894362449645996,0.05807065963745117,
3297,-5.071107387542725,0.057059288024902344,
3298,-5.021219253540039,0.0562283992767334,
3299,-5.046042442321777,0.05702972412109375,
3300,-5.013544082641602,0.05692887306213379,-0.788912296295166
3301,-5.055050849914551,0.12897157669067383,
3302,-4.905155181884766,0.056643009185791016,
3303,-5.027336120605469,0.05582094192504883,
3304,-4.950876235961914,0.05614900588989258,
3305,-4.957180023193359,0.05733823776245117,
3306,-5.206723690032959,0.05731487274169922,
3307,-4.935444355010986,0.05672645568847656,
3308,-4.88681697845459,0.05843210220336914,
3309,-4.935417175292969,0.05801105499267578,
3310,-5.0556960105896,0.05802035331726074,-0.8645309209823608
3311,-5.1224870681762695,0.12900161743164062,
3312,-4.9124345779418945,0.05756354331970215,
3313,-5.055919647216797,0.056398630142211914,
3314,-4.991846084594727,0.05666303634643555,
3315,-5.060674667358398,0.05759000778198242,
3316,-4.953719139099121,0.05625438690185547,
3317,-5.067773818969727,0.05637025833129883,
3318,-5.1370134353637695,0.05796647071838379,
3319,-4.89185905456543,0.05623888969421387,
3320,-5.1451311111450195,0.05518174171447754,-0.7897154688835144
3321,-5.064393043518066,0.13036251068115234,
3322,-5.078033924102783,0.056905508041381836,
3323,-5.073176383972168,0.057520151138305664,
3324,-5.145396709442139,0.05631613731384277,
3325,-4.950428009033203,0.05532526969909668,
3326,-5.022387504577637,0.05691075325012207,
3327,-5.049469947814941,0.057155609130859375,
3328,-5.07906436920166,0.05577826499938965,
3329,-5.008918285369873,0.05675196647644043,
3330,-5.130978107452393,0.05676865577697754,-0.8752910494804382
3331,-4.851141452789307,0.12998223304748535,
3332,-4.992582321166992,0.05856132507324219,
3333,-4.9617600440979,0.05794954299926758,
3334,-4.829331398010254,0.05620098114013672,
3335,-4.918206691741943,0.05650019645690918,
3336,-4.89962100982666,0.058267831802368164,
3337,-4.882510185241699,0.05630064010620117,
3338,-5.00595760345459,0.05662870407104492,
3339,-4.991054058074951,0.05752277374267578,
3340,-4.904075622558594,0.056836843490600586,-0.835081160068512
3341,-5.033448696136475,0.13010954856872559,
3342,-5.060301303863525,0.055754899978637695,
3343,-5.129842758178711,0.057642221450805664,
3344,-4.774993896484375,0.05646061897277832,
3345,-4.892265319824219,0.056800127029418945,
3346,-4.978847503662109,0.05798172950744629,
3347,-4.9802446365356445,0.0567476749420166,
3348,-4.966910362243652,0.05626201629638672,
3349,-5.001197814941406,0.05753493309020996,
3350,-4.960075378417969,0.058028459548950195,-0.8307226896286011
3351,-4.97918701171875,0.2524874210357666,
3352,-4.99940299987793,0.05781960487365723,
3353,-5.177579879760742,0.05574440956115723,
3354,-5.165010452270508,0.0557858943939209,
3355,-4.983072757720947,0.05691266059875488,
3356,-4.991682529449463,0.05610513687133789,
3357,-4.996189117431641,0.056145429611206055,
3358,-5.012861251831055,0.05722355842590332,
3359,-5.101707458496094,0.056101322174072266,
3360,-5.11295747756958,0.05565667152404785,-0.8090729117393494
3361,-5.048925399780273,0.12773680686950684,
3362,-4.941394329071045,0.05686497688293457,
3363,-5.015724182128906,0.05690789222717285,
3364,-5.009605407714844,0.05594825744628906,
3365,-4.984469890594482,0.055924177169799805,
3366,-5.208866119384766,0.05688786506652832,
3367,-5.298348903656006,0.05666089057922363,
3368,-5.167339324951172,0.056038618087768555,
3369,-5.092228889465332,0.055747270584106445,
3370,-5.1381683349609375,0.056035518646240234,-0.8086151480674744
3371,-5.134532928466797,0.13287019729614258,
3372,-5.032418251037598,0.05700516700744629,
3373,-5.171880722045898,0.056781768798828125,
3374,-5.041157245635986,0.056585073471069336,
3375,-5.0002241134643555,0.058191537857055664,
3376,-5.086832046508789,0.05609440803527832,
3377,-5.0804643630981445,0.05677604675292969,
3378,-4.939754962921143,0.058019161224365234,
3379,-5.007020950317383,0.057779788970947266,
3380,-4.974112510681152,0.055840253829956055,-0.8169012069702148
3381,-5.12799072265625,0.1317281723022461,
3382,-5.092438697814941,0.05559134483337402,
3383,-4.976012229919434,0.055338382720947266,
3384,-5.188610076904297,0.057562828063964844,
3385,-4.939091682434082,0.05723881721496582,
3386,-5.036942481994629,0.05600762367248535,
3387,-5.133784770965576,0.056278228759765625,
3388,-5.107872486114502,0.057906150817871094,
3389,-5.056736946105957,0.058005571365356445,
3390,-5.075489044189453,0.05651402473449707,-0.9231617450714111
3391,-5.083817481994629,0.13109183311462402,
3392,-4.900052070617676,0.05648326873779297,
3393,-5.033777236938477,0.05681014060974121,
3394,-5.1578521728515625,0.05628085136413574,
3395,-4.9360127449035645,0.05709409713745117,
3396,-5.0567216873168945,0.05552387237548828,
3397,-5.105164051055908,0.05721306800842285,
3398,-5.037837028503418,0.05769014358520508,
3399,-5.179116249084473,0.05638837814331055,
3400,-5.001148700714111,0.05733132362365723,-0.7378257513046265
3401,-4.933080673217773,0.12994170188903809,
3402,-4.984766006469727,0.055823326110839844,
3403,-5.121260643005371,0.05729222297668457,
3404,-5.222906589508057,0.05624580383300781,
3405,-5.094165325164795,0.05672121047973633,
3406,-5.048038482666016,0.05744004249572754,
3407,-5.157338619232178,0.058980464935302734,
3408,-4.981112480163574,0.05588340759277344,
3409,-4.9963884353637695,0.056711435317993164,
3410,-5.101696491241455,0.0574498176574707,-0.7458646893501282
3411,-5.061728000640869,0.12917804718017578,
3412,-4.963062763214111,0.05638718605041504,
3413,-5.133831024169922,0.05745530128479004,
3414,-4.905686378479004,0.05669689178466797,
3415,-4.826984405517578,0.05677390098571777,
3416,-4.909872055053711,0.057875871658325195,
3417,-5.012716770172119,0.05713629722595215,
3418,-5.066592693328857,0.056596994400024414,
3419,-5.119422435760498,0.05794644355773926,
3420,-4.9480366706848145,0.05909228324890137,-0.7673564553260803
3421,-4.896170139312744,0.12853765487670898,
3422,-5.143463134765625,0.056832313537597656,
3423,-5.213934898376465,0.05639386177062988,
3424,-5.154666900634766,0.05600619316101074,
3425,-5.088709831237793,0.05753755569458008,
3426,-5.222189426422119,0.05621790885925293,
3427,-5.129184722900391,0.056235551834106445,
3428,-5.001064300537109,0.05762743949890137,
3429,-5.132651329040527,0.05617713928222656,
3430,-5.124102592468262,0.05616497993469238,-0.7614880800247192
3431,-5.2401814460754395,0.1310899257659912,
3432,-5.180666446685791,0.0561680793762207,
3433,-5.149816036224365,0.05663013458251953,
3434,-5.24268913269043,0.05737805366516113,
3435,-5.1345014572143555,0.05686330795288086,
3436,-5.178776741027832,0.0567014217376709,
3437,-5.118035793304443,0.057427406311035156,
3438,-5.1485443115234375,0.05688023567199707,
3439,-5.245297908782959,0.055803537368774414,
3440,-5.164583206176758,0.05749011039733887,-0.6560957431793213
3441,-5.054137706756592,0.13543939590454102,
3442,-5.267711639404297,0.05701899528503418,
3443,-5.141895771026611,0.05633282661437988,
3444,-5.080388069152832,0.057993173599243164,
3445,-5.053234577178955,0.056888580322265625,
3446,-5.221527576446533,0.0574040412902832,
3447,-5.142632484436035,0.056569814682006836,
3448,-5.205611228942871,0.057642459869384766,
3449,-5.243416786193848,0.05666804313659668,
3450,-5.147955894470215,0.05645346641540527,-0.7650740146636963
3451,-5.082793235778809,0.12759613990783691,
3452,-5.254990100860596,0.05834245681762695,
3453,-5.157975196838379,0.05747652053833008,
3454,-5.103500843048096,0.057861328125,
3455,-5.192792892456055,0.05663585662841797,
3456,-5.061052322387695,0.05687117576599121,
3457,-5.060832977294922,0.05732536315917969,
3458,-4.949750900268555,0.05704784393310547,
3459,-5.117142200469971,0.05706453323364258,
3460,-5.12399959564209,0.05675244331359863,-0.7536226511001587
3461,-5.096687316894531,0.129317045211792,
3462,-5.111474990844727,0.05622673034667969,
3463,-5.172167778015137,0.05707693099975586,
3464,-5.096308708190918,0.05594372749328613,
3465,-4.980855464935303,0.05542421340942383,
3466,-5.1586527824401855,0.05784487724304199,
3467,-5.074178695678711,0.0570526123046875,
3468,-5.253337860107422,0.055454254150390625,
3469,-5.225926876068115,0.05616116523742676,
3470,-5.133048057556152,0.05597329139709473,-0.8037675619125366
3471,-5.100472927093506,0.26886487007141113,
3472,-5.16297721862793,0.05785799026489258,
3473,-5.137399196624756,0.056688547134399414,
3474,-5.185065269470215,0.05607891082763672,
3475,-5.064794540405273,0.05746030807495117,
3476,-5.155974388122559,0.05800318717956543,
3477,-5.031201362609863,0.05639386177062988,
3478,-5.21925687789917,0.05631232261657715,
3479,-5.276090621948242,0.059006690979003906,
3480,-5.056414604187012,0.05803537368774414,-0.931856632232666
3481,-5.050213813781738,0.13026881217956543,
3482,-5.110034942626953,0.056791067123413086,
3483,-5.036592483520508,0.05812501907348633,
3484,-5.221597194671631,0.05690431594848633,
3485,-4.9150071144104,0.0560302734375,
3486,-5.058420658111572,0.05713510513305664,
3487,-5.01872444152832,0.05684185028076172,
3488,-5.0352783203125,0.05670642852783203,
3489,-5.045907974243164,0.056185245513916016,
3490,-5.149058818817139,0.0571599006652832,-0.8785501718521118
3491,-5.059910774230957,0.1289834976196289,
3492,-5.15967321395874,0.057267189025878906,
3493,-5.104191780090332,0.056383371353149414,
3494,-5.156695365905762,0.056321144104003906,
3495,-5.20723819732666,0.05704760551452637,
3496,-5.132580757141113,0.05729413032531738,
3497,-5.193817615509033,0.05732846260070801,
3498,-5.050714492797852,0.05639910697937012,
3499,-5.233022689819336,0.05710649490356445,
3500,-4.995512008666992,0.05754518508911133,-0.7308865189552307
3501,-4.88381290435791,0.1274397373199463,
3502,-5.108874320983887,0.056765079498291016,
3503,-5.016715049743652,0.056560516357421875,
3504,-4.8725504875183105,0.05741524696350098,
3505,-4.911157608032227,0.055950164794921875,
3506,-4.980005264282227,0.055703163146972656,
3507,-5.055424690246582,0.057289838790893555,
3508,-4.949841499328613,0.056975603103637695,
3509,-5.0378193855285645,0.05626082420349121,
3510,-5.01602840423584,0.05669760704040527,-0.9082303047180176
3511,-4.937029838562012,0.1287679672241211,
3512,-5.086832523345947,0.05710721015930176,
3513,-5.018606185913086,0.05834197998046875,
3514,-5.170280456542969,0.056069135665893555,
3515,-5.067451477050781,0.05642890930175781,
3516,-5.2117438316345215,0.057567596435546875,
3517,-4.921791076660156,0.05640101432800293,
3518,-5.131837368011475,0.054752349853515625,
3519,-4.939793109893799,0.057933807373046875,
3520,-5.0931477546691895,0.056678056716918945,-0.7804099917411804
3521,-5.147183895111084,0.13262104988098145,
3522,-5.105771541595459,0.0571439266204834,
3523,-4.9190673828125,0.05718994140625,
3524,-4.975979804992676,0.05620694160461426,
3525,-5.170534610748291,0.05696558952331543,
3526,-5.155600547790527,0.057349443435668945,
3527,-5.10561466217041,0.058577537536621094,
3528,-5.091582298278809,0.05593538284301758,
3529,-5.193366050720215,0.055936336517333984,
3530,-4.973849296569824,0.058847665786743164,-0.9484445452690125
3531,-5.0795440673828125,0.12762832641601562,
3532,-5.189210414886475,0.057077646255493164,
3533,-5.156948566436768,0.0563654899597168,
3534,-5.089576721191406,0.05619621276855469,
3535,-5.021463394165039,0.05746340751647949,
3536,-5.158850193023682,0.058626651763916016,
3537,-5.283423900604248,0.058175086975097656,
3538,-5.079333305358887,0.057005882263183594,
3539,-5.076808929443359,0.056189775466918945,
3540,-5.236530303955078,0.05794644355773926,-0.8350476622581482
3541,-5.140010833740234,0.12774109840393066,
3542,-4.915005207061768,0.05586671829223633,
3543,-5.03853702545166,0.05782437324523926,
3544,-5.038346767425537,0.05734658241271973,
3545,-5.046222686767578,0.05611991882324219,
3546,-5.017167091369629,0.056452035903930664,
3547,-5.108798980712891,0.0561068058013916,
3548,-5.0825114250183105,0.05561256408691406,
3549,-5.12751579284668,0.05700564384460449,
3550,-5.141690254211426,0.0566713809967041,-0.8689857125282288
3551,-5.224362373352051,0.1260213851928711,
3552,-4.995294094085693,0.05752205848693848,
3553,-5.0021562576293945,0.056116580963134766,
3554,-5.033668518066406,0.05688786506652832,
3555,-5.029198169708252,0.05495810508728027,
3556,-5.178951263427734,0.056497812271118164,
3557,-5.018780708312988,0.05573916435241699,
3558,-5.125436782836914,0.05603790283203125,
3559,-5.111084461212158,0.05575442314147949,
3560,-5.093457221984863,0.05815720558166504,-0.8428847193717957
3561,-5.083894729614258,0.1292276382446289,
3562,-5.184279918670654,0.05599212646484375,
3563,-5.338089942932129,0.05806541442871094,
3564,-5.248059272766113,0.0562131404876709,
3565,-4.925667762756348,0.05696678161621094,
3566,-4.974020481109619,0.05840730667114258,
3567,-4.928477764129639,0.05785036087036133,
3568,-4.869749069213867,0.05693459510803223,
3569,-4.840583801269531,0.056593894958496094,
3570,-5.107986927032471,0.0582730770111084,-0.905415952205658
3571,-5.207508087158203,0.12865042686462402,
3572,-5.062026023864746,0.057492971420288086,
3573,-4.973059177398682,0.05679678916931152,
3574,-5.079931259155273,0.056006431579589844,
3575,-5.2162933349609375,0.05699777603149414,
3576,-5.037984371185303,0.05476832389831543,
3577,-4.854656219482422,0.05628061294555664,
3578,-5.076427936553955,0.057683467864990234,
3579,-5.331393718719482,0.05694913864135742,
3580,-5.075796127319336,0.05594348907470703,-0.6926596164703369
3581,-5.115231037139893,0.12831926345825195,
3582,-5.128477096557617,0.055999755859375,
3583,-5.112076282501221,0.05704689025878906,
3584,-5.133218765258789,0.0569915771484375,
3585,-5.091167449951172,0.05588221549987793,
3586,-5.2197465896606445,0.056138038635253906,
3587,-5.232995986938477,0.05864119529724121,
3588,-5.233508110046387,0.0569000244140625,
3589,-5.169656753540039,0.05589032173156738,
3590,-5.06626033782959,0.057370662689208984,-0.9151997566223145
3591,-5.167050361633301,0.12967467308044434,
3592,-5.203998565673828,0.05620288848876953,
3593,-5.3270063400268555,0.058196067810058594,
3594,-5.095522403717041,0.0575871467590332,
3595,-5.095853805541992,0.05639338493347168,
3596,-5.14312744140625,0.05665779113769531,
3597,-5.090093612670898,0.05727887153625488,
3598,-5.142980575561523,0.05650186538696289,
3599,-5.328907012939453,0.056403160095214844,
3600,-5.171290874481201,0.05822944641113281,-0.8557476997375488
3601,-5.123122215270996,0.2786388397216797,
3602,-5.244649887084961,0.05640530586242676,
3603,-5.207512378692627,0.056183576583862305,
3604,-5.275261878967285,0.0558624267578125,
3605,-5.204572677612305,0.05627083778381348,
3606,-5.18195915222168,0.05668020248413086,
3607,-5.227087020874023,0.05678701400756836,
3608,-5.168513298034668,0.05679750442504883,
3609,-5.13074254989624,0.05698871612548828,
3610,-5.215364456176758,0.0560305118560791,-0.7483072280883789
3611,-5.11124324798584,0.13139033317565918,
3612,-5.215539455413818,0.05609703063964844,
3613,-5.275726318359375,0.056147098541259766,
3614,-5.108247756958008,0.05772757530212402,
3615,-4.950876235961914,0.05718278884887695,
3616,-5.07872200012207,0.05627703666687012,
3617,-5.2667670249938965,0.056726932525634766,
3618,-4.996084213256836,0.05838489532470703,
3619,-4.830084800720215,0.05656599998474121,
3620,-4.8674445152282715,0.058292388916015625,-0.714353621006012
3621,-4.957546234130859,0.13140463829040527,
3622,-4.898920059204102,0.055954933166503906,
3623,-4.967602729797363,0.05674314498901367,
3624,-4.899733543395996,0.05720710754394531,
3625,-5.045394420623779,0.0565495491027832,
3626,-5.19843053817749,0.05639815330505371,
3627,-5.103034496307373,0.05709028244018555,
3628,-4.959466934204102,0.05801963806152344,
3629,-5.12460470199585,0.0565037727355957,
3630,-5.078581809997559,0.05707406997680664,-0.7717741131782532
3631,-5.132617473602295,0.1285722255706787,
3632,-5.2500104904174805,0.05716586112976074,
3633,-5.183206081390381,0.0564877986907959,
3634,-5.2154927253723145,0.05724000930786133,
3635,-5.203203201293945,0.05501747131347656,
3636,-5.071264743804932,0.055161476135253906,
3637,-5.172026634216309,0.0554659366607666,
3638,-5.183750152587891,0.05637073516845703,
3639,-5.1606597900390625,0.05455183982849121,
3640,-5.239011764526367,0.0568242073059082,-0.828223705291748
3641,-5.234339714050293,0.12748265266418457,
3642,-5.159053802490234,0.05536341667175293,
3643,-5.1246771812438965,0.05607271194458008,
3644,-5.218456268310547,0.057877540588378906,
3645,-5.212867259979248,0.05553412437438965,
3646,-5.201838493347168,0.05559253692626953,
3647,-5.120194435119629,0.05741262435913086,
3648,-5.097647666931152,0.0588986873626709,
3649,-5.122220039367676,0.058005332946777344,
3650,-5.118078231811523,0.05672121047973633,-0.7948839068412781
3651,-5.077969551086426,0.13143229484558105,
3652,-5.150135040283203,0.05646085739135742,
3653,-5.09501314163208,0.05852866172790527,
3654,-4.979751110076904,0.05653572082519531,
3655,-5.125002384185791,0.058188676834106445,
3656,-5.079431533813477,0.05582094192504883,
3657,-5.277469635009766,0.05583643913269043,
3658,-5.157729148864746,0.05646657943725586,
3659,-5.197924613952637,0.05651092529296875,
3660,-5.072651386260986,0.05641055107116699,-0.831175684928894
3661,-5.248729705810547,0.1304032802581787,
3662,-5.159489631652832,0.05572652816772461,
3663,-5.147543907165527,0.0570225715637207,
3664,-5.3621296882629395,0.05868816375732422,
3665,-5.16548490524292,0.0559391975402832,
3666,-5.29256534576416,0.0563807487487793,
3667,-5.236484527587891,0.05707359313964844,
3668,-5.261605262756348,0.05733942985534668,
3669,-5.18693208694458,0.055963993072509766,
3670,-5.252658843994141,0.05759143829345703,-0.8578410744667053
3671,-5.256377220153809,0.13541841506958008,
3672,-5.10929536819458,0.05738401412963867,
3673,-5.24302864074707,0.05687451362609863,
3674,-5.278613090515137,0.05761289596557617,
3675,-5.241696357727051,0.05821061134338379,
3676,-5.282721042633057,0.05838584899902344,
3677,-5.184871673583984,0.05610394477844238,
3678,-5.097132682800293,0.05627918243408203,
3679,-5.200502395629883,0.05780148506164551,
3680,-5.141844749450684,0.05555081367492676,-0.807243824005127
3681,-5.089240074157715,0.1316077709197998,
3682,-5.028266429901123,0.05852842330932617,
3683,-5.063129425048828,0.055602073669433594,
3684,-5.09327507019043,0.057473182678222656,
3685,-5.249004364013672,0.05659675598144531,
3686,-5.109577655792236,0.058028459548950195,
3687,-5.196918964385986,0.05545210838317871,
3688,-5.178793907165527,0.056118011474609375,
3689,-5.295277118682861,0.05740857124328613,
3690,-5.02489709854126,0.05743718147277832,-0.9674034118652344
3691,-5.142801284790039,0.13041973114013672,
3692,-5.07906436920166,0.05776262283325195,
3693,-5.209872245788574,0.056014299392700195,
3694,-5.132328033447266,0.05671954154968262,
3695,-5.23126745223999,0.057646989822387695,
3696,-5.123220443725586,0.056566715240478516,
3697,-5.027669906616211,0.05667376518249512,
3698,-5.149231910705566,0.058138370513916016,
3699,-5.318544387817383,0.05751967430114746,
3700,-5.220782279968262,0.05630898475646973,-0.9003141522407532
3701,-5.173883438110352,0.13137245178222656,
3702,-5.255947113037109,0.054898738861083984,
3703,-5.353625774383545,0.05582737922668457,
3704,-5.245878219604492,0.057602643966674805,
3705,-5.233646392822266,0.057121992111206055,
3706,-5.172000408172607,0.05650663375854492,
3707,-5.255699634552002,0.05769991874694824,
3708,-5.202837944030762,0.05696749687194824,
3709,-5.303447246551514,0.0560150146484375,
3710,-5.214885711669922,0.05773591995239258,-0.79615718126297
3711,-5.171290874481201,0.12734365463256836,
3712,-5.309424877166748,0.0565485954284668,
3713,-5.148665428161621,0.05705738067626953,
3714,-5.311131477355957,0.05630779266357422,
3715,-5.310924530029297,0.05698871612548828,
3716,-5.1622514724731445,0.05810427665710449,
3717,-5.1311421394348145,0.055642127990722656,
3718,-5.19825553894043,0.05696249008178711,
3719,-5.170804023742676,0.05684971809387207,
3720,-5.157323837280273,0.056250572204589844,-0.9102590084075928
3721,-5.168190956115723,0.2676277160644531,
3722,-5.171290397644043,0.05775785446166992,
3723,-5.154544830322266,0.055574655532836914,
3724,-5.153581619262695,0.05732607841491699,
3725,-5.064188003540039,0.05827069282531738,
3726,-5.383121490478516,0.05609393119812012,
3727,-5.2271833419799805,0.05558037757873535,
3728,-5.019664287567139,0.056981563568115234,
3729,-5.121608257293701,0.05601668357849121,
3730,-5.164942741394043,0.057066917419433594,-0.990738034248352
3731,-5.218588352203369,0.12821578979492188,
3732,-5.300502777099609,0.05663037300109863,
3733,-5.271283149719238,0.05904865264892578,
3734,-5.0199174880981445,0.0569148063659668,
3735,-5.22598934173584,0.05582594871520996,
3736,-5.01259708404541,0.05591869354248047,
3737,-4.928435802459717,0.05629396438598633,
3738,-4.963625431060791,0.05687975883483887,
3739,-5.1073198318481445,0.05789351463317871,
3740,-5.152523994445801,0.05806612968444824,-0.8814364075660706
3741,-5.056872367858887,0.12857747077941895,
3742,-5.230196475982666,0.05830550193786621,
3743,-5.0343451499938965,0.0555272102355957,
3744,-5.166121006011963,0.05645155906677246,
3745,-5.139948844909668,0.0576016902923584,
3746,-5.282295227050781,0.056670188903808594,
3747,-5.214158535003662,0.056909799575805664,
3748,-5.114727020263672,0.05671572685241699,
3749,-5.177691459655762,0.055557966232299805,
3750,-5.170783042907715,0.05576634407043457,-0.8954868316650391
3751,-5.130183219909668,0.12526464462280273,
3752,-5.311845302581787,0.05762457847595215,
3753,-5.248033046722412,0.05690455436706543,
3754,-5.249879837036133,0.05581831932067871,
3755,-5.1988043785095215,0.057299137115478516,
3756,-5.21713399887085,0.05657362937927246,
3757,-5.261539459228516,0.05594491958618164,
3758,-5.236956596374512,0.05620241165161133,
3759,-5.191152572631836,0.05628252029418945,
3760,-5.321573257446289,0.05585217475891113,-0.7601218223571777
3761,-5.179896354675293,0.1270005702972412,
3762,-5.0580034255981445,0.056351661682128906,
3763,-5.064645290374756,0.0567624568939209,
3764,-5.164890289306641,0.05595660209655762,
3765,-5.046144485473633,0.05657196044921875,
3766,-5.25531005859375,0.057554006576538086,
3767,-5.259688377380371,0.057517290115356445,
3768,-5.146577835083008,0.056174278259277344,
3769,-5.191501140594482,0.05706310272216797,
3770,-5.210272789001465,0.05777859687805176,-0.9019513130187988
3771,-5.077462196350098,0.13287806510925293,
3772,-5.19092321395874,0.057172298431396484,
3773,-5.2220611572265625,0.05662941932678223,
3774,-5.119470119476318,0.056182861328125,
3775,-5.060136795043945,0.0557703971862793,
3776,-5.240668296813965,0.05852532386779785,
3777,-5.278116226196289,0.05764913558959961,
3778,-5.105798721313477,0.056532859802246094,
3779,-5.1516923904418945,0.057250022888183594,
3780,-5.393939018249512,0.05627918243408203,-0.7414674162864685
3781,-5.308770656585693,0.12957334518432617,
3782,-5.303091526031494,0.05840730667114258,
3783,-5.287814140319824,0.055845022201538086,
3784,-5.2908477783203125,0.05508732795715332,
3785,-5.245927333831787,0.05650043487548828,
3786,-5.214688301086426,0.057244062423706055,
3787,-5.246901512145996,0.0558164119720459,
3788,-5.228342056274414,0.05714678764343262,
3789,-5.303404808044434,0.05650043487548828,
3790,-5.283562183380127,0.05587625503540039,-0.861877977848053
3791,-5.324137210845947,0.12789273262023926,
3792,-5.1257500648498535,0.0565943717956543,
3793,-5.234792709350586,0.05834674835205078,
3794,-5.382606029510498,0.05800914764404297,
3795,-5.173132419586182,0.05738425254821777,
3796,-5.117313861846924,0.05584406852722168,
3797,-5.125274658203125,0.05694937705993652,
3798,-5.281026840209961,0.05591440200805664,
3799,-5.219489097595215,0.05651116371154785,
3800,-5.297549724578857,0.05761861801147461,-0.8421064615249634
3801,-5.232702732086182,0.12961363792419434,
3802,-5.170646667480469,0.056534528732299805,
3803,-5.295317649841309,0.05800771713256836,
3804,-5.273132801055908,0.05620265007019043,
3805,-5.169145584106445,0.0551607608795166,
3806,-5.270681381225586,0.056592464447021484,
3807,-5.302829742431641,0.056673526763916016,
3808,-5.252242565155029,0.057147979736328125,
3809,-5.249912261962891,0.057019710540771484,
3810,-5.31278133392334,0.05591440200805664,-0.8827776908874512
3811,-5.001906394958496,0.12999629974365234,
3812,-5.088268280029297,0.0555877685546875,
3813,-5.13195276260376,0.056447744369506836,
3814,-5.408342361450195,0.05760693550109863,
3815,-5.226520538330078,0.056262969970703125,
3816,-5.168776512145996,0.05708575248718262,
3817,-5.117035865783691,0.05736827850341797,
3818,-5.248234748840332,0.05739021301269531,
3819,-5.280118942260742,0.056864261627197266,
3820,-5.285277843475342,0.057399749755859375,-0.79805988073349
3821,-5.06714391708374,0.12989401817321777,
3822,-5.301077842712402,0.05627870559692383,
3823,-5.23668098449707,0.058548927307128906,
3824,-5.1627397537231445,0.05522012710571289,
3825,-5.382021903991699,0.05631875991821289,
3826,-5.171192646026611,0.055528879165649414,
3827,-5.219904899597168,0.056055545806884766,
3828,-5.22769832611084,0.0552821159362793,
3829,-5.217135429382324,0.05498766899108887,
3830,-5.181628227233887,0.05675554275512695,-0.8143247961997986
3831,-5.195680618286133,0.12958979606628418,
3832,-5.21653938293457,0.05715346336364746,
3833,-5.271251678466797,0.05721282958984375,
3834,-5.234134674072266,0.0566558837890625,
3835,-5.311863422393799,0.05717778205871582,
3836,-5.1936187744140625,0.05704760551452637,
3837,-5.235823154449463,0.05696296691894531,
3838,-5.260011672973633,0.05617189407348633,
3839,-5.259531021118164,0.05740022659301758,
3840,-5.203274250030518,0.05736684799194336,-0.8814577460289001
3841,-5.338139533996582,0.12904596328735352,
3842,-5.320181846618652,0.058489322662353516,
3843,-5.210631847381592,0.057064056396484375,
3844,-5.267335891723633,0.05590248107910156,
3845,-5.265555381774902,0.05613422393798828,
3846,-5.139469623565674,0.057485103607177734,
3847,-5.139919757843018,0.056122541427612305,
3848,-5.243959426879883,0.057161569595336914,
3849,-5.385255813598633,0.05751442909240723,
3850,-5.264448165893555,0.05731034278869629,-0.9617580771446228
3851,-5.259393692016602,0.26857876777648926,
3852,-5.191469192504883,0.05726981163024902,
3853,-5.340973377227783,0.056974172592163086,
3854,-5.361316680908203,0.05650043487548828,
3855,-5.125718116760254,0.05662703514099121,
3856,-5.218477249145508,0.05697917938232422,
3857,-5.206933975219727,0.05615949630737305,
3858,-5.3391218185424805,0.05675482749938965,
3859,-5.275437355041504,0.058165788650512695,
3860,-5.348998069763184,0.05593562126159668,-0.9163472056388855
3861,-5.339817047119141,0.12958765029907227,
3862,-5.122248649597168,0.05615520477294922,
3863,-5.143547534942627,0.057446956634521484,
3864,-5.344204902648926,0.05688166618347168,
3865,-5.155389308929443,0.055089473724365234,
3866,-5.147430896759033,0.05614638328552246,
3867,-5.224133491516113,0.05838727951049805,
3868,-5.319590091705322,0.0567324161529541,
3869,-5.1163129806518555,0.055626869201660156,
3870,-5.195793151855469,0.05732417106628418,-0.7409963011741638
3871,-5.194364070892334,0.1298203468322754,
3872,-5.163724422454834,0.05564999580383301,
3873,-5.112445831298828,0.05793356895446777,
3874,-5.253337383270264,0.05708575248718262,
3875,-5.262029647827148,0.05745887756347656,
3876,-5.179333686828613,0.05719113349914551,
3877,-5.33928918838501,0.05655837059020996,
3878,-5.28386926651001,0.05632829666137695,
3879,-5.336815357208252,0.0578463077545166,
3880,-5.258426666259766,0.056574106216430664,-0.9323304891586304
3881,-5.155509948730469,0.1296701431274414,
3882,-5.2021355628967285,0.05728650093078613,
3883,-5.246526718139648,0.05599331855773926,
3884,-5.2804155349731445,0.05651426315307617,
3885,-5.259047508239746,0.056783199310302734,
3886,-5.2275543212890625,0.05671548843383789,
3887,-5.155302047729492,0.05860185623168945,
3888,-5.10202693939209,0.05723261833190918,
3889,-5.0734686851501465,0.056473493576049805,
3890,-5.35542106628418,0.05684375762939453,-0.7966874837875366
3891,-5.229434013366699,0.12487316131591797,
3892,-5.115108013153076,0.057154178619384766,
3893,-5.211386680603027,0.05745744705200195,
3894,-5.21113395690918,0.057408809661865234,
3895,-5.3183207511901855,0.05619215965270996,
3896,-5.264956474304199,0.05733776092529297,
3897,-5.207185745239258,0.057555198669433594,
3898,-5.384218215942383,0.056778907775878906,
3899,-5.222378253936768,0.05667519569396973,
3900,-5.295992851257324,0.05816245079040527,-0.8419317007064819
3901,-5.228150367736816,0.12723541259765625,
3902,-5.385583877563477,0.056429147720336914,
3903,-5.369811058044434,0.056243181228637695,
3904,-5.433112144470215,0.05639219284057617,
3905,-5.329781532287598,0.057054758071899414,
3906,-5.189215660095215,0.05771136283874512,
3907,-5.40682315826416,0.05552339553833008,
3908,-5.422633171081543,0.05638408660888672,
3909,-5.143136024475098,0.05762767791748047,
3910,-5.1027092933654785,0.05675077438354492,-0.9021455645561218
3911,-5.362654685974121,0.13097500801086426,
3912,-5.25601863861084,0.05744481086730957,
3913,-5.165460586547852,0.05602097511291504,
3914,-5.288068771362305,0.05677604675292969,
3915,-5.306035041809082,0.057211875915527344,
3916,-5.159938335418701,0.05692887306213379,
3917,-5.050704002380371,0.055753231048583984,
3918,-5.132792949676514,0.05716657638549805,
3919,-5.399380683898926,0.05762982368469238,
3920,-5.3846001625061035,0.05633854866027832,-0.775681734085083
3921,-5.106325626373291,0.12804126739501953,
3922,-5.332715034484863,0.05642366409301758,
3923,-5.403092384338379,0.056894540786743164,
3924,-5.405549049377441,0.05617690086364746,
3925,-5.231741905212402,0.05681014060974121,
3926,-5.4072980880737305,0.056952476501464844,
3927,-5.237701416015625,0.055754661560058594,
3928,-5.328695297241211,0.056183815002441406,
3929,-5.395925521850586,0.056021690368652344,
3930,-5.325882434844971,0.05668497085571289,-0.8057985901832581
3931,-5.345779895782471,0.13182401657104492,
3932,-5.429588317871094,0.056052446365356445,
3933,-5.316432952880859,0.0559689998626709,
3934,-5.335114479064941,0.05769824981689453,
3935,-5.316904544830322,0.05764317512512207,
3936,-5.245160102844238,0.056832075119018555,
3937,-5.322297096252441,0.05637836456298828,
3938,-5.210415363311768,0.057326316833496094,
3939,-5.368643760681152,0.05716204643249512,
3940,-5.379304885864258,0.05609750747680664,-0.9401004314422607
3941,-5.163596153259277,0.13177776336669922,
3942,-5.280368804931641,0.05682015419006348,
3943,-5.274848461151123,0.05629372596740723,
3944,-5.26011323928833,0.057616472244262695,
3945,-5.3472580909729,0.05696415901184082,
3946,-5.210877418518066,0.05690360069274902,
3947,-5.333782196044922,0.05661940574645996,
3948,-5.329650402069092,0.0577387809753418,
3949,-5.215170860290527,0.05534625053405762,
3950,-5.134797096252441,0.05670166015625,-0.8660358786582947
3951,-5.2502641677856445,0.13532757759094238,
3952,-5.013617515563965,0.05614304542541504,
3953,-5.144401550292969,0.05601859092712402,
3954,-5.118212699890137,0.05766034126281738,
3955,-5.18226957321167,0.05739402770996094,
3956,-5.134767055511475,0.056185007095336914,
3957,-5.168826580047607,0.056509971618652344,
3958,-5.229394435882568,0.05733680725097656,
3959,-5.279326438903809,0.05703234672546387,
3960,-5.125423431396484,0.05608391761779785,-0.8237953186035156
3961,-5.275721073150635,0.131392240524292,
3962,-5.193964958190918,0.0560758113861084,
3963,-5.232646942138672,0.05578207969665527,
3964,-5.2753753662109375,0.05892515182495117,
3965,-5.215619087219238,0.05600690841674805,
3966,-5.3009114265441895,0.05602574348449707,
3967,-5.125838756561279,0.05714011192321777,
3968,-5.329699993133545,0.05588173866271973,
3969,-5.027714729309082,0.05642437934875488,
3970,-5.138797760009766,0.05774354934692383,-0.9175258278846741
3971,-5.133874893188477,0.13044500350952148,
3972,-5.162187099456787,0.05715441703796387,
3973,-5.262429237365723,0.05716228485107422,
3974,-5.3096818923950195,0.056009531021118164,
3975,-5.3671345710754395,0.0567173957824707,
3976,-5.597414970397949,0.056516408920288086,
3977,-5.264081954956055,0.05540347099304199,
3978,-5.176759243011475,0.05555844306945801,
3979,-5.290215015411377,0.05750012397766113,
3980,-5.194267272949219,0.20029568672180176,-0.7522343993186951
3981,-5.1906843185424805,0.13371539115905762,
3982,-5.476468086242676,0.056359291076660156,
3983,-5.3427605628967285,0.05683541297912598,
3984,-5.486995220184326,0.05609631538391113,
3985,-5.296848773956299,0.056014060974121094,
3986,-5.34646463394165,0.05663347244262695,
3987,-5.365042686462402,0.05611538887023926,
3988,-5.2548346519470215,0.056455135345458984,
3989,-5.30454683303833,0.05938720703125,
3990,-5.341851711273193,0.056565046310424805,-0.7125206589698792
3991,-5.346473217010498,0.13179659843444824,
3992,-5.374123573303223,0.05660057067871094,
3993,-5.367403030395508,0.05524563789367676,
3994,-5.401433944702148,0.05666756629943848,
3995,-5.3246893882751465,0.05799412727355957,
3996,-5.453265190124512,0.05696582794189453,
3997,-5.323154926300049,0.05671358108520508,
3998,-5.40902042388916,0.056392669677734375,
3999,-5.340221405029297,0.0571589469909668,
4000,-5.316540718078613,0.05586099624633789,-0.928882360458374
4001,-5.345554828643799,0.1266477108001709,
4002,-5.2986979484558105,0.05623340606689453,
4003,-5.339052200317383,0.057317256927490234,
4004,-5.30245304107666,0.05630946159362793,
4005,-5.353982925415039,0.056197166442871094,
4006,-5.229277610778809,0.05781269073486328,
4007,-5.0025200843811035,0.05703282356262207,
4008,-5.069215774536133,0.05614304542541504,
4009,-5.217815399169922,0.05702376365661621,
4010,-5.0300822257995605,0.05682516098022461,-0.9032130241394043
4011,-5.141022205352783,0.1283864974975586,
4012,-5.240374565124512,0.058670997619628906,
4013,-5.39536190032959,0.056082725524902344,
4014,-5.365029335021973,0.056442975997924805,
4015,-5.194757461547852,0.056847572326660156,
4016,-5.232641220092773,0.055119991302490234,
4017,-5.270289897918701,0.056292057037353516,
4018,-5.3081254959106445,0.05819821357727051,
4019,-5.267784595489502,0.05724477767944336,
4020,-5.444063186645508,0.05603504180908203,-0.775316596031189
4021,-5.37935209274292,0.1278984546661377,
4022,-5.27609395980835,0.05601692199707031,
4023,-5.269054412841797,0.05790972709655762,
4024,-5.3132476806640625,0.05657958984375,
4025,-5.299757957458496,0.055695295333862305,
4026,-5.225351333618164,0.057295799255371094,
4027,-5.409551620483398,0.05696845054626465,
4028,-5.274389743804932,0.05634927749633789,
4029,-5.339818954467773,0.056939125061035156,
4030,-5.228788375854492,0.05695319175720215,-0.8345988392829895
4031,-5.331467151641846,0.12836813926696777,
4032,-5.308058261871338,0.05754661560058594,
4033,-5.180971622467041,0.056116342544555664,
4034,-5.2695465087890625,0.056311845779418945,
4035,-5.281381130218506,0.05794548988342285,
4036,-5.358333110809326,0.05509781837463379,
4037,-5.494729995727539,0.05567336082458496,
4038,-5.322159290313721,0.057714223861694336,
4039,-5.228427886962891,0.05686593055725098,
4040,-5.349516868591309,0.05654025077819824,-0.8980658054351807
4041,-5.234384059906006,0.13131237030029297,
4042,-5.295405387878418,0.056725502014160156,
4043,-5.302186012268066,0.05597972869873047,
4044,-5.318851947784424,0.058196067810058594,
4045,-5.295477390289307,0.05690646171569824,
4046,-5.411688804626465,0.05638909339904785,
4047,-5.194251537322998,0.05601310729980469,
4048,-5.011593818664551,0.056723833084106445,
4049,-5.132259368896484,0.05706644058227539,
4050,-5.225990295410156,0.05712270736694336,-0.8812013864517212
4051,-5.27595329284668,0.12761807441711426,
4052,-5.239662170410156,0.05772662162780762,
4053,-5.261021614074707,0.05630040168762207,
4054,-5.110771179199219,0.05681562423706055,
4055,-5.349559783935547,0.05599832534790039,
4056,-5.305068492889404,0.05742359161376953,
4057,-5.2398576736450195,0.05797433853149414,
4058,-5.421757221221924,0.05690264701843262,
4059,-5.338016986846924,0.05583667755126953,
4060,-5.345742225646973,0.057645320892333984,-0.8705418109893799
4061,-5.389322280883789,0.1291801929473877,
4062,-5.212351322174072,0.05692648887634277,
4063,-5.164564609527588,0.05573153495788574,
4064,-5.463532447814941,0.05569720268249512,
4065,-5.241085052490234,0.05729985237121582,
4066,-5.20180082321167,0.056725263595581055,
4067,-5.132480621337891,0.05706381797790527,
4068,-5.23409366607666,0.05634355545043945,
4069,-5.224557399749756,0.057149410247802734,
4070,-5.239480495452881,0.057122230529785156,-0.8645563125610352
4071,-5.2380523681640625,0.12815237045288086,
4072,-5.192675590515137,0.055925607681274414,
4073,-5.113694190979004,0.0554964542388916,
4074,-5.320063591003418,0.05655860900878906,
4075,-5.464090347290039,0.05624222755432129,
4076,-5.2263994216918945,0.05749154090881348,
4077,-5.217514991760254,0.05677199363708496,
4078,-5.2566633224487305,0.05594515800476074,
4079,-5.450940132141113,0.05733513832092285,
4080,-5.354210376739502,0.05640292167663574,-0.7703905701637268
4081,-5.28925895690918,0.1325373649597168,
4082,-5.2282562255859375,0.056850433349609375,
4083,-5.391690254211426,0.05622386932373047,
4084,-5.104720115661621,0.05713009834289551,
4085,-5.207681655883789,0.05678224563598633,
4086,-5.368684768676758,0.056136131286621094,
4087,-5.284018516540527,0.05598902702331543,
4088,-5.336485385894775,0.056951284408569336,
4089,-5.259132385253906,0.05825018882751465,
4090,-5.446308612823486,0.055811166763305664,-0.9392670392990112
4091,-5.363326072692871,0.13082575798034668,
4092,-5.3875346183776855,0.05698251724243164,
4093,-5.3175506591796875,0.0558621883392334,
4094,-5.5075225830078125,0.056192874908447266,
4095,-5.146891117095947,0.05709648132324219,
4096,-5.065156936645508,0.05614614486694336,
4097,-5.130888938903809,0.05639934539794922,
4098,-5.189827919006348,0.05828261375427246,
4099,-5.275177001953125,0.05815577507019043,
4100,-5.301568984985352,0.055727243423461914,-0.8541377186775208
4101,-5.48184061050415,0.2644078731536865,
4102,-5.4442243576049805,0.05619192123413086,
4103,-5.464748859405518,0.05818533897399902,
4104,-5.276027679443359,0.057198286056518555,
4105,-5.329628944396973,0.055631160736083984,
4106,-5.438625335693359,0.05630850791931152,
4107,-5.234862804412842,0.05813312530517578,
4108,-5.206339359283447,0.05703425407409668,
4109,-5.334784507751465,0.0551605224609375,
4110,-5.487512588500977,0.05543327331542969,-0.9173300266265869
4111,-5.11344051361084,0.13325929641723633,
4112,-5.425534248352051,0.0563511848449707,
4113,-5.457637786865234,0.056838274002075195,
4114,-5.153748512268066,0.05593562126159668,
4115,-5.2315826416015625,0.055863142013549805,
4116,-5.335308074951172,0.05660414695739746,
4117,-5.334473609924316,0.05546116828918457,
4118,-5.278290748596191,0.057738304138183594,
4119,-5.259132385253906,0.056261301040649414,
4120,-5.2522687911987305,0.05544686317443848,-0.8478346467018127
4121,-5.221513271331787,0.130082368850708,
4122,-5.236088752746582,0.05637693405151367,
4123,-5.226323127746582,0.05671095848083496,
4124,-5.260539531707764,0.05785727500915527,
4125,-5.250429153442383,0.056938886642456055,
4126,-5.350496292114258,0.056319236755371094,
4127,-5.3605122566223145,0.05683708190917969,
4128,-5.47841215133667,0.05741262435913086,
4129,-5.4474921226501465,0.05664873123168945,
4130,-5.406015396118164,0.055947065353393555,-0.8422438502311707
4131,-5.413145065307617,0.12842226028442383,
4132,-5.3836750984191895,0.05611014366149902,
4133,-5.483028411865234,0.05733466148376465,
4134,-5.358712196350098,0.057470083236694336,
4135,-5.488842010498047,0.05578136444091797,
4136,-5.411837577819824,0.05778217315673828,
4137,-5.341184616088867,0.0562286376953125,
4138,-5.264893531799316,0.05622529983520508,
4139,-5.296103477478027,0.05576348304748535,
4140,-5.480323791503906,0.05787944793701172,-1.0556674003601074
4141,-5.3898115158081055,0.13224029541015625,
4142,-5.382576942443848,0.05720329284667969,
4143,-5.435890197753906,0.058721303939819336,
4144,-5.244090557098389,0.05654406547546387,
4145,-5.3437042236328125,0.055881500244140625,
4146,-5.454744338989258,0.05633258819580078,
4147,-5.3682355880737305,0.05618119239807129,
4148,-5.207807540893555,0.056368112564086914,
4149,-5.3757781982421875,0.056012868881225586,
4150,-5.409567356109619,0.05739784240722656,-0.9121427536010742
4151,-5.369343280792236,0.1282491683959961,
4152,-5.275347709655762,0.056932926177978516,
4153,-5.311448097229004,0.05692934989929199,
4154,-5.33210563659668,0.05671858787536621,
4155,-5.2208452224731445,0.05594944953918457,
4156,-5.430451393127441,0.05810904502868652,
4157,-5.3778533935546875,0.05820894241333008,
4158,-5.390272617340088,0.055509090423583984,
4159,-5.5005598068237305,0.056406259536743164,
4160,-5.419469356536865,0.058381080627441406,-0.862377405166626
4161,-5.213423728942871,0.13042235374450684,
4162,-5.342389106750488,0.0572667121887207,
4163,-5.316624641418457,0.056413888931274414,
4164,-5.357561111450195,0.056113481521606445,
4165,-5.311164855957031,0.05734753608703613,
4166,-5.334751605987549,0.0581052303314209,
4167,-5.38877010345459,0.05647397041320801,
4168,-5.317422866821289,0.057228803634643555,
4169,-5.358636856079102,0.05549430847167969,
4170,-5.3498382568359375,0.05647850036621094,-0.895240306854248
4171,-5.454180717468262,0.12851858139038086,
4172,-5.4732666015625,0.056168317794799805,
4173,-5.418570518493652,0.05733036994934082,
4174,-5.238099575042725,0.05714917182922363,
4175,-5.367611408233643,0.056423187255859375,
4176,-5.506905555725098,0.05785655975341797,
4177,-5.459516525268555,0.05562329292297363,
4178,-5.34594202041626,0.0551607608795166,
4179,-5.291417598724365,0.057436466217041016,
4180,-5.153500080108643,0.056365013122558594,-0.9099465608596802
4181,-5.293624401092529,0.13193249702453613,
4182,-5.476637840270996,0.05717301368713379,
4183,-5.5686445236206055,0.057219505310058594,
4184,-5.366044044494629,0.056000471115112305,
4185,-5.2700653076171875,0.057067155838012695,
4186,-5.169889450073242,0.056333303451538086,
4187,-5.201608657836914,0.05692625045776367,
4188,-5.3221893310546875,0.05839085578918457,
4189,-5.203319549560547,0.05590176582336426,
4190,-5.402713298797607,0.05812788009643555,-0.7875693440437317
4191,-5.239423751831055,0.13096046447753906,
4192,-5.352618217468262,0.0560002326965332,
4193,-5.331933498382568,0.05640101432800293,
4194,-5.285958766937256,0.05684661865234375,
4195,-5.295231819152832,0.05636787414550781,
4196,-5.394783973693848,0.056989431381225586,
4197,-5.332411766052246,0.057518959045410156,
4198,-5.2757158279418945,0.056481361389160156,
4199,-5.523773193359375,0.05580949783325195,
4200,-5.350217819213867,0.05756044387817383,-0.7341523766517639
4201,-5.2436041831970215,0.13101744651794434,
4202,-5.423694610595703,0.05628013610839844,
4203,-5.339941024780273,0.05807185173034668,
4204,-5.5024542808532715,0.059468984603881836,
4205,-5.229389190673828,0.055666446685791016,
4206,-5.1353020668029785,0.05755352973937988,
4207,-5.2597479820251465,0.05780196189880371,
4208,-5.201800346374512,0.05597114562988281,
4209,-5.159838676452637,0.05624723434448242,
4210,-5.145410537719727,0.05871081352233887,-0.7610937356948853
4211,-5.206355094909668,0.1304924488067627,
4212,-5.226449966430664,0.057166099548339844,
4213,-5.155978202819824,0.05579996109008789,
4214,-5.336424827575684,0.05645442008972168,
4215,-5.337067604064941,0.0561676025390625,
4216,-5.323333263397217,0.05857515335083008,
4217,-5.414324760437012,0.057000160217285156,
4218,-5.413841724395752,0.05622124671936035,
4219,-5.565703392028809,0.05806875228881836,
4220,-5.335360050201416,0.056871891021728516,-0.881507933139801
4221,-5.410316467285156,0.1308302879333496,
4222,-5.296203136444092,0.057787418365478516,
4223,-5.344902992248535,0.056340932846069336,
4224,-5.2397260665893555,0.056580543518066406,
4225,-5.351862907409668,0.05756998062133789,
4226,-5.334895610809326,0.05706501007080078,
4227,-5.367434501647949,0.056021928787231445,
4228,-5.320181369781494,0.06047391891479492,
4229,-5.319382190704346,0.05778908729553223,
4230,-5.4115309715271,0.06006193161010742,-0.7840661406517029
4231,-5.307394981384277,0.2642524242401123,
4232,-5.417364120483398,0.05662059783935547,
4233,-5.224165916442871,0.05614876747131348,
4234,-5.327602386474609,0.05624246597290039,
4235,-5.214622497558594,0.05682373046875,
4236,-5.432489395141602,0.05530405044555664,
4237,-5.340755462646484,0.05657815933227539,
4238,-5.3575639724731445,0.05727958679199219,
4239,-5.421592712402344,0.05636191368103027,
4240,-5.581606388092041,0.05625629425048828,-0.8328545093536377
4241,-5.511726379394531,0.131758451461792,
4242,-5.359356880187988,0.05649924278259277,
4243,-5.340174674987793,0.056310176849365234,
4244,-5.5301361083984375,0.05697226524353027,
4245,-5.4762115478515625,0.056894779205322266,
4246,-5.464085102081299,0.05529165267944336,
4247,-5.321385860443115,0.05794215202331543,
4248,-5.317849159240723,0.0576932430267334,
4249,-5.388090133666992,0.05646681785583496,
4250,-5.376880645751953,0.0560605525970459,-0.7601538896560669
4251,-5.520787239074707,0.13085293769836426,
4252,-5.502156734466553,0.055823326110839844,
4253,-5.461695194244385,0.056522369384765625,
4254,-5.296627521514893,0.055983781814575195,
4255,-5.31355619430542,0.0559389591217041,
4256,-5.3458638191223145,0.05788397789001465,
4257,-5.261104106903076,0.05909848213195801,
4258,-5.462651252746582,0.05598855018615723,
4259,-5.373828887939453,0.05666756629943848,
4260,-5.247319221496582,0.057837724685668945,-0.8397597670555115
4261,-5.40755558013916,0.12986016273498535,
4262,-5.29340934753418,0.055989980697631836,
4263,-5.261353492736816,0.05756115913391113,
4264,-5.187402248382568,0.057390689849853516,
4265,-5.372570514678955,0.056583404541015625,
4266,-5.270401954650879,0.05612754821777344,
4267,-5.299356460571289,0.057541608810424805,
4268,-5.286203384399414,0.05611109733581543,
4269,-5.458127975463867,0.05692267417907715,
4270,-5.256024360656738,0.055768728256225586,-0.923936128616333
4271,-5.2511796951293945,0.13104605674743652,
4272,-5.252396583557129,0.05762887001037598,
4273,-5.377743721008301,0.056542158126831055,
4274,-5.321453094482422,0.056353092193603516,
4275,-5.221844673156738,0.05730772018432617,
4276,-5.273617744445801,0.057710886001586914,
4277,-5.538501739501953,0.05643486976623535,
4278,-5.376898288726807,0.05580306053161621,
4279,-5.173860549926758,0.05749154090881348,
4280,-5.196541786193848,0.05583834648132324,-0.8077512979507446
4281,-5.397391319274902,0.13147258758544922,
4282,-5.415853500366211,0.05717658996582031,
4283,-5.262503623962402,0.05818033218383789,
4284,-5.165199279785156,0.05689597129821777,
4285,-5.456838607788086,0.05591177940368652,
4286,-5.339133262634277,0.05654740333557129,
4287,-5.332883834838867,0.05602622032165527,
4288,-5.259307861328125,0.05530881881713867,
4289,-5.386919021606445,0.05763411521911621,
4290,-5.374414920806885,0.056633949279785156,-0.7948276400566101
4291,-5.5240278244018555,0.13022494316101074,
4292,-5.284524917602539,0.05852961540222168,
4293,-5.291532516479492,0.05770063400268555,
4294,-5.411146640777588,0.056051015853881836,
4295,-5.31781005859375,0.05705904960632324,
4296,-5.34040641784668,0.05735158920288086,
4297,-5.392434597015381,0.05587339401245117,
4298,-5.417269706726074,0.056679487228393555,
4299,-5.421145439147949,0.05768632888793945,
4300,-5.4141621589660645,0.05587601661682129,-0.943032443523407
4301,-5.263845443725586,0.13042616844177246,
4302,-5.335201740264893,0.05611610412597656,
4303,-5.511465549468994,0.056729793548583984,
4304,-5.458191871643066,0.05798745155334473,
4305,-5.160296440124512,0.057005882263183594,
4306,-5.157668113708496,0.05592846870422363,
4307,-5.2345051765441895,0.05685853958129883,
4308,-5.111059188842773,0.05830192565917969,
4309,-5.248933792114258,0.05653071403503418,
4310,-5.265444278717041,0.055890798568725586,-0.799329400062561
4311,-5.332398891448975,0.1290745735168457,
4312,-5.385765552520752,0.05635404586791992,
4313,-5.325344085693359,0.05716252326965332,
4314,-5.3520307540893555,0.055907249450683594,
4315,-5.309475898742676,0.05711030960083008,
4316,-5.446599960327148,0.055742740631103516,
4317,-5.572287559509277,0.05637645721435547,
4318,-5.389918804168701,0.05628323554992676,
4319,-5.4656782150268555,0.05738353729248047,
4320,-5.49299430847168,0.056452035903930664,-0.7998504042625427
4321,-5.52683162689209,0.13373494148254395,
4322,-5.393369674682617,0.057720184326171875,
4323,-5.287383556365967,0.05684399604797363,
4324,-5.436908721923828,0.05648040771484375,
4325,-5.429136276245117,0.0575559139251709,
4326,-5.210359573364258,0.05798602104187012,
4327,-5.355420112609863,0.05696296691894531,
4328,-5.4903693199157715,0.05649685859680176,
4329,-5.517856121063232,0.05814719200134277,
4330,-5.428188323974609,0.05710792541503906,-0.9676035642623901
4331,-5.2742695808410645,0.12901997566223145,
4332,-5.343262672424316,0.05802297592163086,
4333,-5.406335830688477,0.055505990982055664,
4334,-5.333850860595703,0.056157588958740234,
4335,-5.367672443389893,0.057546138763427734,
4336,-5.519850730895996,0.05703473091125488,
4337,-5.613597393035889,0.05628681182861328,
4338,-5.288663864135742,0.05844593048095703,
4339,-5.357817649841309,0.05802798271179199,
4340,-5.339287757873535,0.056444406509399414,-0.9937589168548584
4341,-5.480408668518066,0.13124561309814453,
4342,-5.474600791931152,0.05653548240661621,
4343,-5.52107572555542,0.055793046951293945,
4344,-5.38294792175293,0.056578874588012695,
4345,-5.466185092926025,0.05658721923828125,
4346,-5.218822479248047,0.055358171463012695,
4347,-5.319920539855957,0.056997060775756836,
4348,-5.4328508377075195,0.057065725326538086,
4349,-5.413339138031006,0.0564119815826416,
4350,-5.311687469482422,0.056764841079711914,-0.8792333602905273
4351,-5.438011169433594,0.2639923095703125,
4352,-5.447458267211914,0.0568997859954834,
4353,-5.265590667724609,0.05733537673950195,
4354,-5.353031158447266,0.056606292724609375,
4355,-5.407767295837402,0.05594182014465332,
4356,-5.38725471496582,0.057015180587768555,
4357,-5.143095970153809,0.057564496994018555,
4358,-5.225247383117676,0.056351661682128906,
4359,-5.460671424865723,0.05664181709289551,
4360,-5.510883331298828,0.05645418167114258,-0.8528586626052856
4361,-5.383903503417969,0.12897229194641113,
4362,-5.205251693725586,0.055951595306396484,
4363,-5.338845252990723,0.05679583549499512,
4364,-5.40003776550293,0.05651283264160156,
4365,-5.296888828277588,0.05605936050415039,
4366,-5.328182220458984,0.05827689170837402,
4367,-5.178293228149414,0.05639147758483887,
4368,-5.220935344696045,0.05673551559448242,
4369,-5.206545829772949,0.056595563888549805,
4370,-5.181912422180176,0.05636167526245117,-0.7358372211456299
4371,-5.263460636138916,0.13026738166809082,
4372,-5.272452354431152,0.05672121047973633,
4373,-5.200775146484375,0.05692934989929199,
4374,-5.333113670349121,0.056344032287597656,
4375,-5.404543876647949,0.05706977844238281,
4376,-5.278876781463623,0.05631828308105469,
4377,-5.152744293212891,0.05626344680786133,
4378,-5.231320858001709,0.05766177177429199,
4379,-5.253508567810059,0.05669260025024414,
4380,-5.200990200042725,0.05649685859680176,-0.9139653444290161
4381,-4.838444709777832,0.13043808937072754,
4382,-5.017329692840576,0.05632495880126953,
4383,-5.070923805236816,0.05611681938171387,
4384,-5.170220851898193,0.059342384338378906,
4385,-5.149647235870361,0.05769968032836914,
4386,-5.235443115234375,0.05590486526489258,
4387,-5.322556495666504,0.0563206672668457,
4388,-5.131836891174316,0.05737709999084473,
4389,-5.257789611816406,0.056531429290771484,
4390,-5.135819911956787,0.05614900588989258,-0.9313352704048157
4391,-5.182252883911133,0.13465595245361328,
4392,-5.189740180969238,0.05907607078552246,
4393,-5.249846458435059,0.055709123611450195,
4394,-5.18028450012207,0.05673384666442871,
4395,-5.296322345733643,0.057533979415893555,
4396,-5.298572540283203,0.05679059028625488,
4397,-5.257521629333496,0.056188344955444336,
4398,-5.253383636474609,0.0581965446472168,
4399,-5.310983657836914,0.056699514389038086,
4400,-5.462651252746582,0.055718421936035156,-0.7589604258537292
4401,-5.439731597900391,0.13084006309509277,
4402,-5.306199073791504,0.0575404167175293,
4403,-5.251619338989258,0.05733656883239746,
4404,-5.396100997924805,0.055983781814575195,
4405,-5.447592735290527,0.05811619758605957,
4406,-5.297108173370361,0.05624794960021973,
4407,-5.133401393890381,0.05651497840881348,
4408,-5.277780532836914,0.0572812557220459,
4409,-5.365075588226318,0.05629467964172363,
4410,-5.480020523071289,0.057683706283569336,-0.9005914330482483
4411,-5.389150619506836,0.12990570068359375,
4412,-5.226803779602051,0.05622291564941406,
4413,-5.5443525314331055,0.057196855545043945,
4414,-5.551898956298828,0.057465314865112305,
4415,-5.398069381713867,0.057390689849853516,
4416,-5.332034111022949,0.05703258514404297,
4417,-5.61760950088501,0.057213783264160156,
4418,-5.3775739669799805,0.05591130256652832,
4419,-5.411650657653809,0.05615830421447754,
4420,-5.499192237854004,0.05717897415161133,-0.7679089307785034
4421,-5.469590187072754,0.13013911247253418,
4422,-5.469565391540527,0.05681133270263672,
4423,-5.469836235046387,0.05768752098083496,
4424,-5.400972366333008,0.05629253387451172,
4425,-5.692989349365234,0.05641770362854004,
4426,-5.587632179260254,0.056465864181518555,
4427,-5.336918830871582,0.055684566497802734,
4428,-5.453444957733154,0.05670022964477539,
4429,-5.636948585510254,0.05892133712768555,
4430,-5.4619059562683105,0.05706620216369629,-0.9065313935279846
4431,-5.478259086608887,0.13184237480163574,
4432,-5.593274116516113,0.05709028244018555,
4433,-5.583925247192383,0.05780339241027832,
4434,-5.391629695892334,0.0561215877532959,
4435,-5.370384216308594,0.05757546424865723,
4436,-5.3614912033081055,0.05774211883544922,
4437,-5.516351699829102,0.05666637420654297,
4438,-5.37867546081543,0.05634164810180664,
4439,-5.322475433349609,0.05797529220581055,
4440,-5.286259651184082,0.056282997131347656,-0.7781628966331482
4441,-5.240222930908203,0.1299877166748047,
4442,-5.267925262451172,0.056468963623046875,
4443,-5.3888139724731445,0.056191205978393555,
4444,-5.313813209533691,0.05698513984680176,
4445,-5.647173881530762,0.05618429183959961,
4446,-5.416389465332031,0.05673718452453613,
4447,-5.292086601257324,0.05725455284118652,
4448,-5.336789131164551,0.05632591247558594,
4449,-5.274604797363281,0.05492734909057617,
4450,-5.410809516906738,0.055992841720581055,-0.8725847005844116
4451,-5.3953094482421875,0.12979650497436523,
4452,-5.406261920928955,0.056937456130981445,
4453,-5.553836822509766,0.05561208724975586,
4454,-5.465713024139404,0.05545616149902344,
4455,-5.393288612365723,0.05724334716796875,
4456,-5.492650985717773,0.05709052085876465,
4457,-5.633318901062012,0.05543255805969238,
4458,-5.355382919311523,0.05660724639892578,
4459,-5.373346328735352,0.05556654930114746,
4460,-5.428226470947266,0.05764269828796387,-0.8027914762496948
4461,-5.184157371520996,0.13503313064575195,
4462,-5.308313846588135,0.05698108673095703,
4463,-5.1344404220581055,0.056784868240356445,
4464,-5.32830810546875,0.057533979415893555,
4465,-5.242171287536621,0.05787062644958496,
4466,-5.447202682495117,0.056737661361694336,
4467,-5.436132431030273,0.055962562561035156,
4468,-5.30210542678833,0.05806255340576172,
4469,-5.1045942306518555,0.05832409858703613,
4470,-5.201145648956299,0.05685138702392578,-0.7747576236724854
4471,-5.501579761505127,0.13203668594360352,
4472,-5.549446105957031,0.057596445083618164,
4473,-5.3863205909729,0.05642509460449219,
4474,-5.516338348388672,0.057952165603637695,
4475,-5.548566818237305,0.05826854705810547,
4476,-5.432572841644287,0.05752420425415039,
4477,-5.194129943847656,0.055815935134887695,
4478,-5.37558650970459,0.05813264846801758,
4479,-5.457673072814941,0.05611729621887207,
4480,-5.352217674255371,0.056326866149902344,-0.8247100710868835
4481,-5.501330375671387,0.27275943756103516,
4482,-5.377246856689453,0.05748701095581055,
4483,-5.370168685913086,0.056147098541259766,
4484,-5.209384918212891,0.057061195373535156,
4485,-5.354007720947266,0.05772733688354492,
4486,-5.292468070983887,0.05598592758178711,
4487,-5.314301490783691,0.05632638931274414,
4488,-5.343697547912598,0.05719757080078125,
4489,-5.487649440765381,0.05599379539489746,
4490,-5.38255500793457,0.05658245086669922,-0.8286905884742737
4491,-5.399899005889893,0.12903785705566406,
4492,-5.481490612030029,0.057236671447753906,
4493,-5.623129844665527,0.05720233917236328,
4494,-5.349160194396973,0.057532548904418945,
4495,-5.4188618659973145,0.05756664276123047,
4496,-5.28737735748291,0.05726194381713867,
4497,-5.373133182525635,0.05678439140319824,
4498,-5.215782642364502,0.056194305419921875,
4499,-5.263138771057129,0.05752134323120117,
4500,-5.45127010345459,0.05757904052734375,-0.7591050267219543
4501,-5.582704067230225,0.12883424758911133,
4502,-5.341494083404541,0.05819296836853027,
4503,-5.350722312927246,0.05664849281311035,
4504,-5.395201683044434,0.05591607093811035,
4505,-5.509060859680176,0.05566048622131348,
4506,-5.326251983642578,0.0578920841217041,
4507,-5.445905685424805,0.056513309478759766,
4508,-5.4956464767456055,0.056203365325927734,
4509,-5.590791702270508,0.05719757080078125,
4510,-5.39210319519043,0.056360483169555664,-1.0352177619934082
4511,-5.281630516052246,0.13082313537597656,
4512,-5.3600358963012695,0.05844235420227051,
4513,-5.548632621765137,0.05728960037231445,
4514,-5.681384563446045,0.05771160125732422,
4515,-5.416709899902344,0.05727243423461914,
4516,-5.431957721710205,0.058199167251586914,
4517,-5.424719333648682,0.05630826950073242,
4518,-5.51068115234375,0.05723142623901367,
4519,-5.653202056884766,0.05740094184875488,
4520,-5.487635135650635,0.05722546577453613,-0.797991156578064
4521,-5.461090564727783,0.1293349266052246,
4522,-5.362637519836426,0.05636143684387207,
4523,-5.365891456604004,0.05688738822937012,
4524,-5.449576377868652,0.055747270584106445,
4525,-5.523105621337891,0.05625724792480469,
4526,-5.402048110961914,0.055304527282714844,
4527,-5.556037902832031,0.05603837966918945,
4528,-5.602695465087891,0.05781435966491699,
4529,-5.398868560791016,0.05779767036437988,
4530,-5.565009117126465,0.056023597717285156,-0.7880205512046814
4531,-5.526477813720703,0.13299989700317383,
4532,-5.469522476196289,0.058039188385009766,
4533,-5.341586112976074,0.05720806121826172,
4534,-5.68499755859375,0.05676436424255371,
4535,-5.55178165435791,0.05771589279174805,
4536,-5.646244049072266,0.05818796157836914,
4537,-5.53907585144043,0.05619311332702637,
4538,-5.320316314697266,0.05617380142211914,
4539,-5.339171409606934,0.057176828384399414,
4540,-5.558642864227295,0.05639529228210449,-0.8235450983047485
4541,-5.469569206237793,0.13516902923583984,
4542,-5.343111038208008,0.05804443359375,
4543,-5.499451637268066,0.05620241165161133,
4544,-5.449499130249023,0.05678749084472656,
4545,-5.480014801025391,0.05751967430114746,
4546,-5.361001014709473,0.056691646575927734,
4547,-5.454982757568359,0.05623459815979004,
4548,-5.37645959854126,0.057383060455322266,
4549,-5.330671310424805,0.05798625946044922,
4550,-5.2401509284973145,0.05620169639587402,-0.8139522075653076
4551,-5.373493194580078,0.13109207153320312,
4552,-5.43815803527832,0.05833840370178223,
4553,-5.3816070556640625,0.056891679763793945,
4554,-5.332479476928711,0.057051658630371094,
4555,-5.460619926452637,0.05840039253234863,
4556,-5.283296585083008,0.05493450164794922,
4557,-5.426545143127441,0.05578947067260742,
4558,-5.303178310394287,0.05758237838745117,
4559,-5.49616813659668,0.05599808692932129,
4560,-5.3767571449279785,0.05596494674682617,-0.8868933320045471
4561,-5.458432197570801,0.12975811958312988,
4562,-5.43833065032959,0.0563960075378418,
4563,-5.6848249435424805,0.057764291763305664,
4564,-5.483641624450684,0.05532693862915039,
4565,-5.587352752685547,0.055504560470581055,
4566,-5.6637468338012695,0.05783414840698242,
4567,-5.666634559631348,0.0567169189453125,
4568,-5.468440055847168,0.0561518669128418,
4569,-5.646934509277344,0.05694437026977539,
4570,-5.638978958129883,0.057497262954711914,-0.784314751625061
4571,-5.595482349395752,0.13216328620910645,
4572,-5.494912147521973,0.05723381042480469,
4573,-5.475072860717773,0.056617021560668945,
4574,-5.565482139587402,0.05655360221862793,
4575,-5.457091331481934,0.05622267723083496,
4576,-5.470205307006836,0.056308746337890625,
4577,-5.4327850341796875,0.057320356369018555,
4578,-5.542618751525879,0.05605602264404297,
4579,-5.348878860473633,0.05710649490356445,
4580,-5.4973907470703125,0.05729389190673828,-0.793866753578186
4581,-5.5167388916015625,0.1269528865814209,
4582,-5.410830497741699,0.0570826530456543,
4583,-5.359570503234863,0.05662083625793457,
4584,-5.360851287841797,0.05572342872619629,
4585,-5.426088333129883,0.056911468505859375,
4586,-5.355154037475586,0.05550193786621094,
4587,-5.518540382385254,0.05575919151306152,
4588,-5.282408237457275,0.05714774131774902,
4589,-5.550103664398193,0.055640459060668945,
4590,-5.2980852127075195,0.05563688278198242,-0.751056432723999
4591,-5.459942817687988,0.13004493713378906,
4592,-5.3822221755981445,0.05655717849731445,
4593,-5.224116802215576,0.05653810501098633,
4594,-5.3126983642578125,0.057671308517456055,
4595,-5.402182579040527,0.05632901191711426,
4596,-5.253800392150879,0.0555872917175293,
4597,-5.284821510314941,0.05636405944824219,
4598,-5.3551788330078125,0.055815696716308594,
4599,-5.3949666023254395,0.056586503982543945,
4600,-5.416843414306641,0.05776333808898926,-0.9303867816925049
4601,-5.546358108520508,0.2634012699127197,
4602,-5.48651647567749,0.05606865882873535,
4603,-5.429254531860352,0.05561184883117676,
4604,-5.5595903396606445,0.05700850486755371,
4605,-5.495623588562012,0.056610822677612305,
4606,-5.459547996520996,0.055318355560302734,
4607,-5.546785354614258,0.057030439376831055,
4608,-5.50556755065918,0.056314706802368164,
4609,-5.50957727432251,0.057291507720947266,
4610,-5.399598598480225,0.057386159896850586,-0.7477369904518127
4611,-5.342297077178955,0.13277649879455566,
4612,-5.344179153442383,0.0569155216217041,
4613,-5.447340488433838,0.05734682083129883,
4614,-5.6064863204956055,0.05762362480163574,
4615,-5.334043502807617,0.05744123458862305,
4616,-5.398237228393555,0.05562448501586914,
4617,-5.427802562713623,0.056706905364990234,
4618,-5.624322891235352,0.055799007415771484,
4619,-5.515472412109375,0.055983781814575195,
4620,-5.612807273864746,0.05595231056213379,-0.8227500319480896
4621,-5.624094486236572,0.1289680004119873,
4622,-5.423507213592529,0.05765795707702637,
4623,-5.420297145843506,0.059010982513427734,
4624,-5.514538764953613,0.05700564384460449,
4625,-5.511784553527832,0.056023597717285156,
4626,-5.613893985748291,0.05721116065979004,
4627,-5.51813268661499,0.056694984436035156,
4628,-5.579316139221191,0.05618786811828613,
4629,-5.421131134033203,0.05762600898742676,
4630,-5.452897071838379,0.05698537826538086,-0.8217984437942505
4631,-5.409250259399414,0.13045549392700195,
4632,-5.384866237640381,0.05723762512207031,
4633,-5.4266486167907715,0.05642890930175781,
4634,-5.693596839904785,0.05666327476501465,
4635,-5.375921249389648,0.05875682830810547,
4636,-5.396206378936768,0.0580747127532959,
4637,-5.443559646606445,0.05645251274108887,
4638,-5.510181903839111,0.05567574501037598,
4639,-5.583682060241699,0.05695796012878418,
4640,-5.6150054931640625,0.05675077438354492,-0.7775859832763672
4641,-5.526473045349121,0.13064956665039062,
4642,-5.374305248260498,0.056912899017333984,
4643,-5.529058456420898,0.05688047409057617,
4644,-5.401369571685791,0.056525468826293945,
4645,-5.35591983795166,0.05745196342468262,
4646,-5.616999626159668,0.057614803314208984,
4647,-5.521881103515625,0.055945634841918945,
4648,-5.327198028564453,0.0565953254699707,
4649,-5.575316905975342,0.0580899715423584,
4650,-5.312150001525879,0.05671286582946777,-0.7283973097801208
4651,-5.484394073486328,0.13221478462219238,
4652,-5.484184741973877,0.058795928955078125,
4653,-5.47074031829834,0.0568537712097168,
4654,-5.343273639678955,0.05691075325012207,
4655,-5.440613746643066,0.056815147399902344,
4656,-5.502697944641113,0.057390689849853516,
4657,-5.6636643409729,0.056976318359375,
4658,-5.523937225341797,0.057199716567993164,
4659,-5.158257484436035,0.05566263198852539,
4660,-5.043429374694824,0.05693936347961426,-0.8196192979812622
4661,-5.396007061004639,0.13034439086914062,
4662,-5.512155532836914,0.05786871910095215,
4663,-5.487920761108398,0.054802656173706055,
4664,-5.394688606262207,0.05528879165649414,
4665,-5.618228912353516,0.05595684051513672,
4666,-5.610495567321777,0.05507946014404297,
4667,-5.496325492858887,0.0559844970703125,
4668,-5.461708068847656,0.058022499084472656,
4669,-5.460195541381836,0.05641007423400879,
4670,-5.615225791931152,0.056235313415527344,-0.8044573664665222
4671,-5.625555515289307,0.13167834281921387,
4672,-5.756461143493652,0.05620694160461426,
4673,-5.462397575378418,0.05648922920227051,
4674,-5.642158508300781,0.05762839317321777,
4675,-5.410916328430176,0.0557703971862793,
4676,-5.548861503601074,0.05652308464050293,
4677,-5.622011184692383,0.05767226219177246,
4678,-5.410670280456543,0.056098222732543945,
4679,-5.475203990936279,0.05710792541503906,
4680,-5.47507381439209,0.057196855545043945,-0.7632055878639221
4681,-5.436722755432129,0.1287391185760498,
4682,-5.59951114654541,0.05688977241516113,
4683,-5.508937835693359,0.0574796199798584,
4684,-5.643024921417236,0.056246042251586914,
4685,-5.622622489929199,0.05638718605041504,
4686,-5.365922451019287,0.05839848518371582,
4687,-5.38176965713501,0.056182146072387695,
4688,-5.358822822570801,0.055959463119506836,
4689,-5.497495651245117,0.05663466453552246,
4690,-5.618032932281494,0.05788397789001465,-0.7908178567886353
4691,-5.381331443786621,0.12951087951660156,
4692,-5.453516006469727,0.057898521423339844,
4693,-5.3880767822265625,0.05612754821777344,
4694,-5.432582855224609,0.05736279487609863,
4695,-5.4090375900268555,0.057585716247558594,
4696,-5.506690979003906,0.05708765983581543,
4697,-5.365335941314697,0.05584597587585449,
4698,-5.433226585388184,0.056005239486694336,
4699,-5.410224914550781,0.05666303634643555,
4700,-5.428977012634277,0.056099653244018555,-0.8921080231666565
4701,-5.60151481628418,0.12989044189453125,
4702,-5.564903259277344,0.05586409568786621,
4703,-5.492786407470703,0.056943655014038086,
4704,-5.316179275512695,0.05701303482055664,
4705,-5.573540687561035,0.05644035339355469,
4706,-5.431222438812256,0.05726933479309082,
4707,-5.504971027374268,0.056458234786987305,
4708,-5.369850158691406,0.0555422306060791,
4709,-5.3891448974609375,0.05803942680358887,
4710,-5.39865255355835,0.05492234230041504,-0.7888596057891846
4711,-5.32164192199707,0.12586498260498047,
4712,-5.386321067810059,0.05498790740966797,
4713,-5.386527061462402,0.05561351776123047,
4714,-5.527103900909424,0.05799102783203125,
4715,-5.489420413970947,0.056044578552246094,
4716,-5.502714157104492,0.056584835052490234,
4717,-5.436071395874023,0.05659198760986328,
4718,-5.562549591064453,0.05635380744934082,
4719,-5.641683578491211,0.055559635162353516,
4720,-5.554828643798828,0.058064937591552734,-0.8463945388793945
4721,-5.724998950958252,0.1279296875,
4722,-5.518144607543945,0.057553768157958984,
4723,-5.418848991394043,0.05567646026611328,
4724,-5.467471122741699,0.05683541297912598,
4725,-5.526474952697754,0.057596445083618164,
4726,-5.578141689300537,0.05679941177368164,
4727,-5.5264692306518555,0.05578303337097168,
4728,-5.694680213928223,0.056941986083984375,
4729,-5.425463676452637,0.05522871017456055,
4730,-5.595833778381348,0.05548405647277832,-0.7686446309089661
4731,-5.606363296508789,0.2612783908843994,
4732,-5.527438163757324,0.0578768253326416,
4733,-5.443110942840576,0.05848813056945801,
4734,-5.682027816772461,0.05687355995178223,
4735,-5.483473777770996,0.05652737617492676,
4736,-5.5535993576049805,0.05760979652404785,
4737,-5.703141689300537,0.05615711212158203,
4738,-5.66773796081543,0.0572049617767334,
4739,-5.692582130432129,0.05816292762756348,
4740,-5.502411842346191,0.057872772216796875,-0.8319171667098999
4741,-5.550838470458984,0.13045811653137207,
4742,-5.516786575317383,0.056426286697387695,
4743,-5.409616947174072,0.055745601654052734,
4744,-5.331090450286865,0.05608034133911133,
4745,-5.600330352783203,0.057549476623535156,
4746,-5.5918965339660645,0.05790591239929199,
4747,-5.460149765014648,0.05585050582885742,
4748,-5.400470733642578,0.05649971961975098,
4749,-5.499104022979736,0.05725717544555664,
4750,-5.50616455078125,0.05627298355102539,-0.7289654612541199
4751,-5.313202381134033,0.1310722827911377,
4752,-5.446605682373047,0.05688047409057617,
4753,-5.647747039794922,0.056329965591430664,
4754,-5.5210652351379395,0.05721616744995117,
4755,-5.498213768005371,0.05557513236999512,
4756,-5.500796794891357,0.05632805824279785,
4757,-5.68725061416626,0.05740547180175781,
4758,-5.461899757385254,0.05723118782043457,
4759,-5.505176544189453,0.05588412284851074,
4760,-5.413296699523926,0.056403398513793945,-0.7620822787284851
4761,-5.5393242835998535,0.1314544677734375,
4762,-5.526228427886963,0.05712556838989258,
4763,-5.4508585929870605,0.055760860443115234,
4764,-5.382992744445801,0.0576777458190918,
4765,-5.488946914672852,0.055674076080322266,
4766,-5.551487922668457,0.05674886703491211,
4767,-5.31998872756958,0.05803275108337402,
4768,-5.408316612243652,0.05565357208251953,
4769,-5.406885147094727,0.05608940124511719,
4770,-5.553436279296875,0.05827927589416504,-0.7623108625411987
4771,-5.573375701904297,0.12972354888916016,
4772,-5.466531753540039,0.056632280349731445,
4773,-5.493070602416992,0.0580897331237793,
4774,-5.524787425994873,0.055402278900146484,
4775,-5.422394752502441,0.05637621879577637,
4776,-5.438754081726074,0.056142568588256836,
4777,-5.580418586730957,0.05645012855529785,
4778,-5.508157253265381,0.05721616744995117,
4779,-5.465487003326416,0.05823516845703125,
4780,-5.488077163696289,0.05843663215637207,-0.8715574741363525
4781,-5.548863410949707,0.13122153282165527,
4782,-5.500450134277344,0.05755186080932617,
4783,-5.441872596740723,0.05816245079040527,
4784,-5.462215423583984,0.057702064514160156,
4785,-5.6314005851745605,0.05680084228515625,
4786,-5.666452407836914,0.05691266059875488,
4787,-5.511549472808838,0.05777406692504883,
4788,-5.547785758972168,0.058506011962890625,
4789,-5.726033687591553,0.05723714828491211,
4790,-5.652286052703857,0.0565180778503418,-0.896314263343811
4791,-5.360055446624756,0.13128972053527832,
4792,-5.413536071777344,0.056910037994384766,
4793,-5.575239181518555,0.0565190315246582,
4794,-5.468800067901611,0.0572352409362793,
4795,-5.552750110626221,0.055850982666015625,
4796,-5.417901992797852,0.05649375915527344,
4797,-5.607457160949707,0.055673837661743164,
4798,-5.421135902404785,0.05784320831298828,
4799,-5.523638725280762,0.05716276168823242,
4800,-5.419707775115967,0.057816267013549805,-0.7963359355926514
4801,-5.430912017822266,0.1345958709716797,
4802,-5.564580917358398,0.05680561065673828,
4803,-5.503643035888672,0.05608630180358887,
4804,-5.5733489990234375,0.05669140815734863,
4805,-5.380842208862305,0.05701446533203125,
4806,-5.664854049682617,0.05641913414001465,
4807,-5.500854969024658,0.056971073150634766,
4808,-5.4277448654174805,0.05696749687194824,
4809,-5.503576278686523,0.05614185333251953,
4810,-5.387044906616211,0.05700373649597168,-0.818268895149231
4811,-5.5659284591674805,0.1274125576019287,
4812,-5.508358478546143,0.056107282638549805,
4813,-5.378655433654785,0.05739426612854004,
4814,-5.391746520996094,0.0561981201171875,
4815,-5.468520164489746,0.05741405487060547,
4816,-5.7082414627075195,0.05741620063781738,
4817,-5.593498706817627,0.05543851852416992,
4818,-5.346229076385498,0.056162118911743164,
4819,-5.462744235992432,0.057082176208496094,
4820,-5.474550247192383,0.056441545486450195,-0.8041406273841858
4821,-5.545938491821289,0.1322166919708252,
4822,-5.5857648849487305,0.05719780921936035,
4823,-5.712862968444824,0.05550742149353027,
4824,-5.533130168914795,0.056561946868896484,
4825,-5.586984157562256,0.05724191665649414,
4826,-5.618211269378662,0.05647873878479004,
4827,-5.393770217895508,0.0568242073059082,
4828,-5.545279502868652,0.05750608444213867,
4829,-5.697916507720947,0.05870652198791504,
4830,-5.584486961364746,0.05525040626525879,-0.8288130164146423
4831,-5.754856586456299,0.1274714469909668,
4832,-5.482600688934326,0.05558133125305176,
4833,-5.593998908996582,0.05617499351501465,
4834,-5.525470733642578,0.05804085731506348,
4835,-5.623332977294922,0.055672407150268555,
4836,-5.6694722175598145,0.05716562271118164,
4837,-5.798095703125,0.05768132209777832,
4838,-5.658934116363525,0.0554044246673584,
4839,-5.798006057739258,0.05512523651123047,
4840,-5.563665866851807,0.05767202377319336,-0.8407101631164551
4841,-5.725314140319824,0.12844562530517578,
4842,-5.597095966339111,0.057573795318603516,
4843,-5.634233474731445,0.05606722831726074,
4844,-5.514894485473633,0.05604267120361328,
4845,-5.528244495391846,0.056791067123413086,
4846,-5.545321941375732,0.05580782890319824,
4847,-5.473068714141846,0.05606651306152344,
4848,-5.527362823486328,0.05806303024291992,
4849,-5.552481174468994,0.0562891960144043,
4850,-5.498243808746338,0.05622529983520508,-0.7863426804542542
4851,-5.62967586517334,0.13148283958435059,
4852,-5.555657386779785,0.05838584899902344,
4853,-5.55543327331543,0.0557708740234375,
4854,-5.45059871673584,0.05681753158569336,
4855,-5.630318641662598,0.05595111846923828,
4856,-5.690948486328125,0.056629180908203125,
4857,-5.396482467651367,0.056661367416381836,
4858,-5.4897589683532715,0.057787418365478516,
4859,-5.535594940185547,0.05609631538391113,
4860,-5.466164588928223,0.16912245750427246,-0.8864522576332092
4861,-5.427618980407715,0.13230419158935547,
4862,-5.319225788116455,0.05855584144592285,
4863,-5.5193867683410645,0.05756378173828125,
4864,-5.59831428527832,0.0579686164855957,
4865,-5.4471893310546875,0.05636262893676758,
4866,-5.55039119720459,0.05611753463745117,
4867,-5.445424556732178,0.05760455131530762,
4868,-5.381710529327393,0.05499005317687988,
4869,-5.21213436126709,0.057050228118896484,
4870,-5.157547950744629,0.05631828308105469,-0.9712386727333069
4871,-5.221686363220215,0.1290583610534668,
4872,-5.288993835449219,0.055902957916259766,
4873,-5.32668924331665,0.05561566352844238,
4874,-5.384063720703125,0.057416439056396484,
4875,-5.370940208435059,0.05728912353515625,
4876,-5.284264087677002,0.055942535400390625,
4877,-5.171902656555176,0.05488252639770508,
4878,-5.183341979980469,0.05735969543457031,
4879,-5.263863563537598,0.05548858642578125,
4880,-5.272272109985352,0.05745053291320801,-0.8287525773048401
4881,-5.364573955535889,0.12952065467834473,
4882,-5.4431586265563965,0.057166337966918945,
4883,-5.577434539794922,0.057390689849853516,
4884,-5.514815330505371,0.056233882904052734,
4885,-5.525043487548828,0.05627584457397461,
4886,-5.47791862487793,0.057982444763183594,
4887,-5.501759052276611,0.05776548385620117,
4888,-5.6470818519592285,0.05648064613342285,
4889,-5.480120658874512,0.05637502670288086,
4890,-5.59067964553833,0.057393550872802734,-0.8296424746513367
4891,-5.4397382736206055,0.13118410110473633,
4892,-5.466768264770508,0.05539965629577637,
4893,-5.446464538574219,0.05742383003234863,
4894,-5.352862358093262,0.0570070743560791,
4895,-5.366206169128418,0.05575156211853027,
4896,-5.456770420074463,0.056041717529296875,
4897,-5.3888702392578125,0.05637645721435547,
4898,-5.322619915008545,0.05630302429199219,
4899,-5.312762260437012,0.057543039321899414,
4900,-5.458702564239502,0.05657553672790527,-0.8613494038581848
4901,-5.41684627532959,0.12985944747924805,
4902,-5.362644195556641,0.05632519721984863,
4903,-5.338587760925293,0.05647778511047363,
4904,-5.337291717529297,0.05640769004821777,
4905,-5.5388922691345215,0.058661699295043945,
4906,-5.440619468688965,0.0565037727355957,
4907,-5.573728084564209,0.056171417236328125,
4908,-5.409168243408203,0.05740475654602051,
4909,-5.6342082023620605,0.05952787399291992,
4910,-5.565820693969727,0.057204484939575195,-0.8783127069473267
4911,-5.541045188903809,0.13014006614685059,
4912,-5.439547538757324,0.057977914810180664,
4913,-5.540113925933838,0.056345224380493164,
4914,-5.49887752532959,0.05452728271484375,
4915,-5.593901634216309,0.05628252029418945,
4916,-5.408365249633789,0.05536174774169922,
4917,-5.458816051483154,0.05686616897583008,
4918,-5.551527976989746,0.057168006896972656,
4919,-5.331811904907227,0.05729174613952637,
4920,-5.315170764923096,0.055881500244140625,-0.7440455555915833
4921,-5.450307846069336,0.1320028305053711,
4922,-5.591485500335693,0.056197404861450195,
4923,-5.444597244262695,0.05680704116821289,
4924,-5.504827499389648,0.05576491355895996,
4925,-5.601449012756348,0.05681180953979492,
4926,-5.416718482971191,0.05707907676696777,
4927,-5.58799934387207,0.05607914924621582,
4928,-5.474058151245117,0.05655717849731445,
4929,-5.492215156555176,0.0578005313873291,
4930,-5.492592811584473,0.05718660354614258,-0.7962588667869568
4931,-5.534175872802734,0.13200902938842773,
4932,-5.358343124389648,0.05759382247924805,
4933,-5.527547836303711,0.05573773384094238,
4934,-5.647823333740234,0.0556640625,
4935,-5.519396781921387,0.05829167366027832,
4936,-5.732054710388184,0.056299686431884766,
4937,-5.474722862243652,0.05601859092712402,
4938,-5.4173688888549805,0.057242393493652344,
4939,-5.439496040344238,0.056136369705200195,
4940,-5.5061845779418945,0.056082963943481445,-0.8688174486160278
4941,-5.623533248901367,0.12788677215576172,
4942,-5.583456039428711,0.05679464340209961,
4943,-5.622391700744629,0.05768942832946777,
4944,-5.543794631958008,0.0579681396484375,
4945,-5.300808906555176,0.056368112564086914,
4946,-5.550724983215332,0.05612587928771973,
4947,-5.574086666107178,0.058135986328125,
4948,-5.726177215576172,0.0573887825012207,
4949,-5.603299140930176,0.05726027488708496,
4950,-5.619525909423828,0.05659127235412598,-0.7758557200431824
4951,-5.471343040466309,0.12780046463012695,
4952,-5.463064193725586,0.05793929100036621,
4953,-5.551292896270752,0.057007551193237305,
4954,-5.552131652832031,0.05603361129760742,
4955,-5.516624927520752,0.056676626205444336,
4956,-5.526403903961182,0.057294607162475586,
4957,-5.429488182067871,0.056180477142333984,
4958,-5.626025199890137,0.057581186294555664,
4959,-5.654265880584717,0.05697512626647949,
4960,-5.5681376457214355,0.05625581741333008,-0.7649238109588623
4961,-5.647275924682617,0.13009142875671387,
4962,-5.552640438079834,0.05570864677429199,
4963,-5.6443681716918945,0.056142568588256836,
4964,-5.526522636413574,0.055609703063964844,
4965,-5.5317463874816895,0.057282209396362305,
4966,-5.371488571166992,0.05626177787780762,
4967,-5.578546524047852,0.05701398849487305,
4968,-5.679446220397949,0.05791282653808594,
4969,-5.486997604370117,0.05660653114318848,
4970,-5.611295223236084,0.056581735610961914,-0.7383391261100769
4971,-5.507026195526123,0.1309220790863037,
4972,-5.597663879394531,0.057074546813964844,
4973,-5.634034156799316,0.05606842041015625,
4974,-5.6148786544799805,0.05862259864807129,
4975,-5.611751079559326,0.056618452072143555,
4976,-5.61336612701416,0.05630087852478027,
4977,-5.586726665496826,0.056803226470947266,
4978,-5.572197914123535,0.05774736404418945,
4979,-5.6330647468566895,0.05631661415100098,
4980,-5.613859176635742,0.05701875686645508,-0.8585146069526672
4981,-5.645113468170166,0.26261210441589355,
4982,-5.552126884460449,0.0570831298828125,
4983,-5.371017932891846,0.05739879608154297,
4984,-5.50080680847168,0.05620312690734863,
4985,-5.535572052001953,0.05511283874511719,
4986,-5.463239669799805,0.0554349422454834,
4987,-5.489309310913086,0.055507659912109375,
4988,-5.634511470794678,0.05659651756286621,
4989,-5.542064666748047,0.056478023529052734,
4990,-5.540805816650391,0.05587315559387207,-0.8563376069068909
4991,-5.4644269943237305,0.12699508666992188,
4992,-5.62547492980957,0.055429697036743164,
4993,-5.42299222946167,0.05748558044433594,
4994,-5.528566360473633,0.05931448936462402,
4995,-5.739320755004883,0.056505441665649414,
4996,-5.524535179138184,0.05660700798034668,
4997,-5.497227668762207,0.0584871768951416,
4998,-5.620223045349121,0.05769991874694824,
4999,-5.60029411315918,0.05533194541931152,
5000,-5.610684871673584,0.05726504325866699,-0.7813113331794739
5001,-5.388339996337891,0.13109159469604492,
5002,-5.558896064758301,0.05590629577636719,
5003,-5.569604873657227,0.05800151824951172,
5004,-5.682707786560059,0.058000802993774414,
5005,-5.615592956542969,0.05597376823425293,
5006,-5.701521873474121,0.05638909339904785,
5007,-5.39621639251709,0.057741403579711914,
5008,-5.525333881378174,0.056215763092041016,
5009,-5.434330463409424,0.0559999942779541,
5010,-5.520149230957031,0.057068824768066406,-0.8867495656013489
5011,-5.5105791091918945,0.1298072338104248,
5012,-5.473677635192871,0.056748390197753906,
5013,-5.653348922729492,0.05540943145751953,
5014,-5.428340911865234,0.05559182167053223,
5015,-5.412619590759277,0.056183815002441406,
5016,-5.685555458068848,0.05501198768615723,
5017,-5.469911575317383,0.05547046661376953,
5018,-5.640614986419678,0.05805397033691406,
5019,-5.556330680847168,0.05558419227600098,
5020,-5.62969970703125,0.05440545082092285,-0.7668362855911255
5021,-5.405068397521973,0.13120555877685547,
5022,-5.509810447692871,0.05548572540283203,
5023,-5.497011184692383,0.05705904960632324,
5024,-5.527712345123291,0.056299448013305664,
5025,-5.694206237792969,0.055640459060668945,
5026,-5.589587688446045,0.05799388885498047,
5027,-5.553632736206055,0.05825614929199219,
5028,-5.6112060546875,0.05651354789733887,
5029,-5.540980339050293,0.05647444725036621,
5030,-5.597383499145508,0.057329416275024414,-0.8260089159011841
5031,-5.47457218170166,0.1308155059814453,
5032,-5.647886276245117,0.056694984436035156,
5033,-5.629559516906738,0.05620741844177246,
5034,-5.6461896896362305,0.055951595306396484,
5035,-5.548890113830566,0.0567927360534668,
5036,-5.43634557723999,0.05692696571350098,
5037,-5.475861072540283,0.05515170097351074,
5038,-5.641899108886719,0.05667877197265625,
5039,-5.420291900634766,0.055797576904296875,
5040,-5.66349983215332,0.05602431297302246,-0.7725906372070312
5041,-5.648428440093994,0.13100934028625488,
5042,-5.561748504638672,0.0559239387512207,
5043,-5.6432671546936035,0.05657672882080078,
5044,-5.689152717590332,0.05728578567504883,
5045,-5.633779525756836,0.0559229850769043,
5046,-5.503543853759766,0.05536842346191406,
5047,-5.578221321105957,0.05613851547241211,
5048,-5.655590057373047,0.05571246147155762,
5049,-5.650855541229248,0.057558536529541016,
5050,-5.5809221267700195,0.05637478828430176,-0.9710650444030762
5051,-5.700740337371826,0.1315321922302246,
5052,-5.734499931335449,0.05691266059875488,
5053,-5.635807037353516,0.055732011795043945,
5054,-5.632869720458984,0.055963754653930664,
5055,-5.450760364532471,0.05782270431518555,
5056,-5.5499372482299805,0.05748343467712402,
5057,-5.681478500366211,0.05622386932373047,
5058,-5.404721260070801,0.05685830116271973,
5059,-5.590104579925537,0.0563960075378418,
5060,-5.593821048736572,0.057076215744018555,-1.0053956508636475
5061,-5.661235809326172,0.12870264053344727,
5062,-5.535186767578125,0.05597281455993652,
5063,-5.671488285064697,0.05742692947387695,
5064,-5.483577728271484,0.056212663650512695,
5065,-5.559277534484863,0.05635356903076172,
5066,-5.440594673156738,0.058150291442871094,
5067,-5.594557762145996,0.05829572677612305,
5068,-5.560626983642578,0.05600309371948242,
5069,-5.47647762298584,0.05612468719482422,
5070,-5.606667518615723,0.05795860290527344,-0.7977608442306519
5071,-5.564624786376953,0.12881779670715332,
5072,-5.605111122131348,0.056238651275634766,
5073,-5.502429008483887,0.056514739990234375,
5074,-5.411852836608887,0.05597400665283203,
5075,-5.684263229370117,0.0586240291595459,
5076,-5.588807106018066,0.05756378173828125,
5077,-5.54267692565918,0.05613255500793457,
5078,-5.687722206115723,0.055971622467041016,
5079,-5.6845502853393555,0.05563831329345703,
5080,-5.532788276672363,0.05655360221862793,-0.9280664920806885
5081,-5.7013726234436035,0.131927490234375,
5082,-5.5680341720581055,0.05657696723937988,
5083,-5.556913375854492,0.056549787521362305,
5084,-5.822001934051514,0.056616783142089844,
5085,-5.615139484405518,0.05504131317138672,
5086,-5.517000675201416,0.05622267723083496,
5087,-5.581357955932617,0.05727195739746094,
5088,-5.642617702484131,0.0567018985748291,
5089,-5.618589878082275,0.05582594871520996,
5090,-5.846805572509766,0.05677223205566406,-1.0532608032226562
5091,-5.646975517272949,0.1299138069152832,
5092,-5.646007537841797,0.05449986457824707,
5093,-5.635648727416992,0.0545501708984375,
5094,-5.614950656890869,0.05463528633117676,
5095,-5.530984878540039,0.057286739349365234,
5096,-5.6197967529296875,0.05612754821777344,
5097,-5.697054386138916,0.05543351173400879,
5098,-5.550107002258301,0.05692338943481445,
5099,-5.362133502960205,0.0565953254699707,
5100,-5.5020246505737305,0.05578303337097168,-0.9504764080047607
5101,-5.486387252807617,0.13242864608764648,
5102,-5.471343040466309,0.05428743362426758,
5103,-5.739564418792725,0.05626559257507324,
5104,-5.525859832763672,0.05682516098022461,
5105,-5.609230995178223,0.05619502067565918,
5106,-5.4399518966674805,0.05614018440246582,
5107,-5.553125858306885,0.05727219581604004,
5108,-5.6185688972473145,0.05638766288757324,
5109,-5.738804817199707,0.05589938163757324,
5110,-5.5771589279174805,0.0563199520111084,-0.9304536581039429
5111,-5.651071548461914,0.26811909675598145,
5112,-5.835020542144775,0.055451393127441406,
5113,-5.324945449829102,0.05510282516479492,
5114,-5.516155242919922,0.0572659969329834,
5115,-5.554146766662598,0.05648660659790039,
5116,-5.502326011657715,0.05834650993347168,
5117,-5.338388442993164,0.056595563888549805,
5118,-5.492829322814941,0.05650639533996582,
5119,-5.430924415588379,0.05670166015625,
5120,-5.646683692932129,0.05646538734436035,-0.8070945739746094
5121,-5.508579730987549,0.12964415550231934,
5122,-5.694614887237549,0.05550885200500488,
5123,-5.587172985076904,0.05569720268249512,
5124,-5.785228729248047,0.056420087814331055,
5125,-5.682614326477051,0.05809354782104492,
5126,-5.488640785217285,0.05672717094421387,
5127,-5.490720272064209,0.05608057975769043,
5128,-5.592104911804199,0.057585716247558594,
5129,-5.469605445861816,0.05604815483093262,
5130,-5.5439958572387695,0.05630016326904297,-0.785256028175354
5131,-5.498128890991211,0.13195252418518066,
5132,-5.502309799194336,0.05597686767578125,
5133,-5.395209312438965,0.05691695213317871,
5134,-5.5561017990112305,0.056334733963012695,
5135,-5.747795581817627,0.0544590950012207,
5136,-5.619132995605469,0.056221723556518555,
5137,-5.730585098266602,0.05629134178161621,
5138,-5.6100335121154785,0.05615353584289551,
5139,-5.61613130569458,0.056946754455566406,
5140,-5.648828029632568,0.05912137031555176,-0.7127186059951782
5141,-5.501287937164307,0.12746953964233398,
5142,-5.540318012237549,0.057572126388549805,
5143,-5.682623386383057,0.055576324462890625,
5144,-5.811652183532715,0.05733776092529297,
5145,-5.614354610443115,0.05733513832092285,
5146,-5.560185432434082,0.05615735054016113,
5147,-5.472364902496338,0.055942535400390625,
5148,-5.55940580368042,0.05725526809692383,
5149,-5.4912309646606445,0.058125972747802734,
5150,-5.503633975982666,0.05707240104675293,-0.8762473464012146
5151,-5.612910270690918,0.13221144676208496,
5152,-5.71997594833374,0.055962562561035156,
5153,-5.492558479309082,0.05628657341003418,
5154,-5.551891326904297,0.05598330497741699,
5155,-5.471789836883545,0.05737423896789551,
5156,-5.586261749267578,0.05716395378112793,
5157,-5.656647682189941,0.05607008934020996,
5158,-5.645132064819336,0.05678224563598633,
5159,-5.629241943359375,0.056357622146606445,
5160,-5.753681182861328,0.055745840072631836,-0.8569900393486023
5161,-5.69792366027832,0.12970781326293945,
5162,-5.521540641784668,0.057645559310913086,
5163,-5.720759868621826,0.05597639083862305,
5164,-5.535333156585693,0.05841970443725586,
5165,-5.745997428894043,0.05636453628540039,
5166,-5.6756157875061035,0.055971384048461914,
5167,-5.600691795349121,0.057431697845458984,
5168,-5.601927757263184,0.056786298751831055,
5169,-5.511857032775879,0.05591011047363281,
5170,-5.512389659881592,0.05734586715698242,-0.7211706638336182
5171,-5.568140983581543,0.1303868293762207,
5172,-5.6403961181640625,0.05639171600341797,
5173,-5.484819412231445,0.0593259334564209,
5174,-5.608520984649658,0.05645132064819336,
5175,-5.542577266693115,0.05643963813781738,
5176,-5.607382774353027,0.05800986289978027,
5177,-5.749346733093262,0.05676698684692383,
5178,-5.7331132888793945,0.05596327781677246,
5179,-5.80268669128418,0.05610060691833496,
5180,-5.675312042236328,0.05605912208557129,-0.8460941314697266
5181,-5.651304244995117,0.12868237495422363,
5182,-5.7291154861450195,0.05642390251159668,
5183,-5.692644119262695,0.05792379379272461,
5184,-5.7998199462890625,0.05600547790527344,
5185,-5.651402473449707,0.05603337287902832,
5186,-5.5447516441345215,0.05716538429260254,
5187,-5.607868671417236,0.05615878105163574,
5188,-5.705853462219238,0.05579495429992676,
5189,-5.593841075897217,0.05666017532348633,
5190,-5.684375762939453,0.05660128593444824,-0.8906798362731934
5191,-5.586291313171387,0.12981605529785156,
5192,-5.639163970947266,0.05762028694152832,
5193,-5.526923179626465,0.05675554275512695,
5194,-5.35246467590332,0.056337594985961914,
5195,-5.459353923797607,0.05859994888305664,
5196,-5.552902698516846,0.05761218070983887,
5197,-5.4568939208984375,0.05599832534790039,
5198,-5.497841835021973,0.057875871658325195,
5199,-5.673200607299805,0.056972503662109375,
5200,-5.480704307556152,0.057416439056396484,-0.8367695212364197
5201,-5.507474899291992,0.13303327560424805,
5202,-5.679078102111816,0.057578086853027344,
5203,-5.549068450927734,0.05622720718383789,
5204,-5.624024868011475,0.05666065216064453,
5205,-5.74140739440918,0.057394981384277344,
5206,-5.630072593688965,0.055660247802734375,
5207,-5.559454917907715,0.05540585517883301,
5208,-5.652087211608887,0.055846452713012695,
5209,-5.523964881896973,0.05593752861022949,
5210,-5.673087120056152,0.05779695510864258,-0.8781414031982422
5211,-5.588728904724121,0.13126850128173828,
5212,-5.519435882568359,0.05587291717529297,
5213,-5.658268928527832,0.05673837661743164,
5214,-5.707737922668457,0.056931257247924805,
5215,-5.5490312576293945,0.055437564849853516,
5216,-5.765618324279785,0.05669093132019043,
5217,-5.653537273406982,0.056737661361694336,
5218,-5.7034711837768555,0.05620741844177246,
5219,-5.691738605499268,0.05606722831726074,
5220,-5.664127826690674,0.057192325592041016,-0.877497673034668
5221,-5.662075996398926,0.1313765048980713,
5222,-5.835369110107422,0.055696964263916016,
5223,-5.682994365692139,0.05665445327758789,
5224,-5.580444812774658,0.056441307067871094,
5225,-5.686906337738037,0.05733466148376465,
5226,-5.590087890625,0.05709958076477051,
5227,-5.767412185668945,0.056395530700683594,
5228,-5.695720195770264,0.056668996810913086,
5229,-5.7266998291015625,0.0572352409362793,
5230,-5.572450637817383,0.055867671966552734,-0.8236157298088074
5231,-5.783278465270996,0.2638092041015625,
5232,-5.83074951171875,0.056616783142089844,
5233,-5.757104873657227,0.05746293067932129,
5234,-5.583390712738037,0.056798696517944336,
5235,-5.559540748596191,0.0555720329284668,
5236,-5.607728481292725,0.056192874908447266,
5237,-5.516875267028809,0.05647563934326172,
5238,-5.532174110412598,0.05750584602355957,
5239,-5.759914875030518,0.05765056610107422,
5240,-5.52984619140625,0.05471634864807129,-0.7964165806770325
5241,-5.5065388679504395,0.12955212593078613,
5242,-5.477524757385254,0.05770158767700195,
5243,-5.628048896789551,0.05639076232910156,
5244,-5.605963706970215,0.056577444076538086,
5245,-5.553244590759277,0.056884765625,
5246,-5.44690465927124,0.05650448799133301,
5247,-5.278477668762207,0.05617880821228027,
5248,-5.621134281158447,0.056838035583496094,
5249,-5.555179595947266,0.05715322494506836,
5250,-5.520942211151123,0.05644559860229492,-0.7873767018318176
5251,-5.581660270690918,0.12962818145751953,
5252,-5.523111343383789,0.056416988372802734,
5253,-5.626143455505371,0.05671286582946777,
5254,-5.566823959350586,0.057221412658691406,
5255,-5.672832489013672,0.058330535888671875,
5256,-5.616372108459473,0.05704069137573242,
5257,-5.659791469573975,0.056029558181762695,
5258,-5.76759147644043,0.055895090103149414,
5259,-5.630586624145508,0.05566596984863281,
5260,-5.62834358215332,0.05712771415710449,-0.797060489654541
5261,-5.612946510314941,0.13295912742614746,
5262,-5.553915023803711,0.05697035789489746,
5263,-5.4601545333862305,0.05646634101867676,
5264,-5.744590759277344,0.057703495025634766,
5265,-5.717869758605957,0.05857110023498535,
5266,-5.62315559387207,0.055879831314086914,
5267,-5.532188415527344,0.05601096153259277,
5268,-5.732233047485352,0.05744481086730957,
5269,-5.607637405395508,0.05740070343017578,
5270,-5.651951789855957,0.05604147911071777,-0.7831668257713318
5271,-5.38111686706543,0.13254618644714355,
5272,-5.659289360046387,0.05706071853637695,
5273,-5.702435493469238,0.05589771270751953,
5274,-5.534828186035156,0.05677962303161621,
5275,-5.556597709655762,0.056627511978149414,
5276,-5.676672458648682,0.05845236778259277,
5277,-5.637640476226807,0.057082414627075195,
5278,-5.7000885009765625,0.05710315704345703,
5279,-5.640047073364258,0.05634927749633789,
5280,-5.587600231170654,0.0563664436340332,-0.7932564616203308
5281,-5.629848480224609,0.1297903060913086,
5282,-5.611445903778076,0.05591845512390137,
5283,-5.525909423828125,0.056490421295166016,
5284,-5.534111022949219,0.057778358459472656,
5285,-5.416597366333008,0.05717778205871582,
5286,-5.542766571044922,0.05592751502990723,
5287,-5.540521621704102,0.05797386169433594,
5288,-5.6053290367126465,0.05805206298828125,
5289,-5.645636558532715,0.05592775344848633,
5290,-5.682587623596191,0.05577707290649414,-0.8053361773490906
5291,-5.897597789764404,0.1312727928161621,
5292,-5.6220808029174805,0.05598926544189453,
5293,-5.623299598693848,0.05684328079223633,
5294,-5.5295634269714355,0.057709693908691406,
5295,-5.5268473625183105,0.05714082717895508,
5296,-5.654016494750977,0.05737018585205078,
5297,-5.682249546051025,0.057828426361083984,
5298,-5.687403678894043,0.056032419204711914,
5299,-5.581113815307617,0.05672311782836914,
5300,-5.827749252319336,0.05775332450866699,-0.7389965057373047
5301,-5.9118194580078125,0.13038158416748047,
5302,-5.659603118896484,0.05860328674316406,
5303,-5.547834873199463,0.056207895278930664,
5304,-5.553896903991699,0.05645394325256348,
5305,-5.646891117095947,0.056351661682128906,
5306,-5.682771682739258,0.05751323699951172,
5307,-5.570099353790283,0.05653572082519531,
5308,-5.689970016479492,0.05634355545043945,
5309,-5.6199631690979,0.056708335876464844,
5310,-5.556458473205566,0.0578920841217041,-0.8144702315330505
5311,-5.752264976501465,0.13093996047973633,
5312,-5.690756320953369,0.056531429290771484,
5313,-5.858797073364258,0.05607748031616211,
5314,-5.667627811431885,0.055776357650756836,
5315,-5.637117862701416,0.05699300765991211,
5316,-5.7631988525390625,0.05612993240356445,
5317,-5.841601371765137,0.056409597396850586,
5318,-5.784088611602783,0.05742311477661133,
5319,-5.557299613952637,0.05631732940673828,
5320,-5.598232746124268,0.05643892288208008,-0.8722479939460754
5321,-5.7421674728393555,0.1304030418395996,
5322,-5.78955078125,0.0563960075378418,
5323,-5.643146514892578,0.05587148666381836,
5324,-5.79769229888916,0.05695772171020508,
5325,-5.55919075012207,0.05658721923828125,
5326,-5.683257102966309,0.05604958534240723,
5327,-5.838764667510986,0.056996822357177734,
5328,-5.751463890075684,0.05611610412597656,
5329,-5.758318901062012,0.05638909339904785,
5330,-5.874588966369629,0.056937217712402344,-0.7982174754142761
5331,-5.590130805969238,0.12734389305114746,
5332,-5.5984954833984375,0.05653262138366699,
5333,-5.825011253356934,0.0550839900970459,
5334,-5.475691795349121,0.05597186088562012,
5335,-5.520011901855469,0.05690622329711914,
5336,-5.583356857299805,0.05665946006774902,
5337,-5.503434181213379,0.056122779846191406,
5338,-5.516484260559082,0.05643606185913086,
5339,-5.489585876464844,0.056520938873291016,
5340,-5.531071662902832,0.05618000030517578,-0.9138473272323608
5341,-5.59782600402832,0.12762975692749023,
5342,-5.540523529052734,0.05613827705383301,
5343,-5.571071624755859,0.05756950378417969,
5344,-5.540829658508301,0.056951284408569336,
5345,-5.494359493255615,0.05606222152709961,
5346,-5.660702228546143,0.05659842491149902,
5347,-5.449522018432617,0.05640125274658203,
5348,-5.605530261993408,0.05727815628051758,
5349,-5.6608052253723145,0.05739331245422363,
5350,-5.662861347198486,0.057564496994018555,-0.9557138681411743
5351,-5.578437328338623,0.2510390281677246,
5352,-5.908428192138672,0.057549476623535156,
5353,-5.763463020324707,0.05708909034729004,
5354,-5.699501991271973,0.055715084075927734,
5355,-5.621407508850098,0.057794809341430664,
5356,-5.641504287719727,0.05735611915588379,
5357,-5.777693748474121,0.05608534812927246,
5358,-5.788351535797119,0.05639910697937012,
5359,-5.667361259460449,0.05657625198364258,
5360,-5.722442626953125,0.05573773384094238,-0.8945655822753906
5361,-5.5783891677856445,0.1326465606689453,
5362,-5.600696086883545,0.05551791191101074,
5363,-5.729839324951172,0.05621957778930664,
5364,-5.616708755493164,0.0567326545715332,
5365,-5.609357833862305,0.056496620178222656,
5366,-5.411142349243164,0.05648207664489746,
5367,-5.495634078979492,0.05739140510559082,
5368,-5.845179080963135,0.056864261627197266,
5369,-5.7270660400390625,0.05597829818725586,
5370,-5.659465789794922,0.05686354637145996,-0.7666597962379456
5371,-5.655356407165527,0.12865543365478516,
5372,-5.667240142822266,0.05648541450500488,
5373,-5.616159915924072,0.056690216064453125,
5374,-5.745090007781982,0.05655312538146973,
5375,-5.606995105743408,0.0581507682800293,
5376,-5.3827667236328125,0.058632850646972656,
5377,-5.401291847229004,0.0568079948425293,
5378,-5.5957841873168945,0.05637049674987793,
5379,-5.663232803344727,0.057559967041015625,
5380,-5.595182418823242,0.05604290962219238,-0.8572062253952026
5381,-5.563664436340332,0.13010001182556152,
5382,-5.495115756988525,0.05819129943847656,
5383,-5.694670677185059,0.05690622329711914,
5384,-5.710312366485596,0.05616593360900879,
5385,-5.650136947631836,0.05731320381164551,
5386,-5.552214622497559,0.056115150451660156,
5387,-5.733952522277832,0.056574344635009766,
5388,-5.7292022705078125,0.056586503982543945,
5389,-5.563005447387695,0.05642390251159668,
5390,-5.886500358581543,0.055803775787353516,-0.8139309883117676
5391,-5.734484672546387,0.13265657424926758,
5392,-5.663053512573242,0.05602669715881348,
5393,-5.792201995849609,0.05601310729980469,
5394,-5.623038291931152,0.05700850486755371,
5395,-5.72066593170166,0.05671858787536621,
5396,-5.763806343078613,0.05592060089111328,
5397,-5.78571891784668,0.056946516036987305,
5398,-5.573234558105469,0.0568089485168457,
5399,-5.711800575256348,0.05661797523498535,
5400,-5.670130252838135,0.056058645248413086,-0.8198310136795044
5401,-5.692874431610107,0.13153696060180664,
5402,-5.792398452758789,0.05550122261047363,
5403,-5.766855716705322,0.0574185848236084,
5404,-5.675966262817383,0.05695033073425293,
5405,-5.662015914916992,0.05615997314453125,
5406,-5.790266990661621,0.055582284927368164,
5407,-5.748612880706787,0.05652356147766113,
5408,-5.7198591232299805,0.056145668029785156,
5409,-5.756458282470703,0.05725574493408203,
5410,-5.706231117248535,0.05727195739746094,-0.8400649428367615
5411,-5.8037919998168945,0.1304316520690918,
5412,-5.644766807556152,0.05687069892883301,
5413,-5.738095283508301,0.05623006820678711,
5414,-5.769640922546387,0.055857181549072266,
5415,-5.696587562561035,0.055304765701293945,
5416,-5.652711868286133,0.05775737762451172,
5417,-5.576192378997803,0.057274580001831055,
5418,-5.805822372436523,0.05580759048461914,
5419,-5.702212810516357,0.05656790733337402,
5420,-5.518372535705566,0.056447505950927734,-0.8630965948104858
5421,-5.755107879638672,0.129288911819458,
5422,-5.658656120300293,0.05738043785095215,
5423,-5.709995746612549,0.056585073471069336,
5424,-5.585444927215576,0.05695390701293945,
5425,-5.647154331207275,0.05664205551147461,
5426,-5.722448825836182,0.05656790733337402,
5427,-5.671874046325684,0.058083295822143555,
5428,-5.5130462646484375,0.05543780326843262,
5429,-5.495808124542236,0.0559382438659668,
5430,-5.560640335083008,0.05727529525756836,-0.8155006766319275
5431,-5.615340232849121,0.13039207458496094,
5432,-5.572843551635742,0.05624270439147949,
5433,-5.5865607261657715,0.057996273040771484,
5434,-5.522541522979736,0.05639314651489258,
5435,-5.73590087890625,0.05666184425354004,
5436,-5.620849132537842,0.05756020545959473,
5437,-5.799452304840088,0.056150197982788086,
5438,-5.703514099121094,0.05690717697143555,
5439,-5.513061046600342,0.05535101890563965,
5440,-5.723899841308594,0.05536246299743652,-0.7681270241737366
5441,-5.526656150817871,0.13224005699157715,
5442,-5.662848472595215,0.05705523490905762,
5443,-5.486821174621582,0.05651426315307617,
5444,-5.524017810821533,0.05603337287902832,
5445,-5.409900665283203,0.056981563568115234,
5446,-5.439210891723633,0.05598735809326172,
5447,-5.585724353790283,0.05511474609375,
5448,-5.623517990112305,0.05749678611755371,
5449,-5.671858787536621,0.05629277229309082,
5450,-5.659679889678955,0.05678081512451172,-0.8951967358589172
5451,-5.557892799377441,0.12925100326538086,
5452,-5.555537223815918,0.05890250205993652,
5453,-5.705922603607178,0.05675053596496582,
5454,-5.611208915710449,0.05771183967590332,
5455,-5.689265251159668,0.05761313438415527,
5456,-5.766506671905518,0.0564882755279541,
5457,-5.613988876342773,0.05704545974731445,
5458,-5.586114883422852,0.059577226638793945,
5459,-5.768554210662842,0.057212114334106445,
5460,-5.7961626052856445,0.056386709213256836,-0.7501332759857178
5461,-5.53607177734375,0.12866449356079102,
5462,-5.337747573852539,0.05533337593078613,
5463,-5.4572672843933105,0.05730700492858887,
5464,-5.5672383308410645,0.05615997314453125,
5465,-5.539324760437012,0.05612444877624512,
5466,-5.326679229736328,0.057562828063964844,
5467,-5.432807922363281,0.05607461929321289,
5468,-5.320801734924316,0.05628156661987305,
5469,-5.482089042663574,0.05751633644104004,
5470,-5.6005659103393555,0.05768895149230957,-0.7617939114570618
5471,-5.385472774505615,0.12950897216796875,
5472,-5.441437244415283,0.05777287483215332,
5473,-5.337153911590576,0.05589413642883301,
5474,-5.740445613861084,0.056731462478637695,
5475,-5.649684906005859,0.05739092826843262,
5476,-5.651673793792725,0.05654025077819824,
5477,-5.520705223083496,0.05590033531188965,
5478,-5.6018500328063965,0.05745387077331543,
5479,-5.660016059875488,0.05658102035522461,
5480,-5.710306644439697,0.057761192321777344,-0.8536390066146851
5481,-5.837996482849121,0.2653212547302246,
5482,-5.757393836975098,0.05585813522338867,
5483,-5.858876705169678,0.057576656341552734,
5484,-5.746923446655273,0.05602073669433594,
5485,-5.4989118576049805,0.05734395980834961,
5486,-5.7070207595825195,0.05654621124267578,
5487,-5.843597412109375,0.055976152420043945,
5488,-5.598078727722168,0.056298255920410156,
5489,-5.555893898010254,0.056589365005493164,
5490,-5.714159965515137,0.05687856674194336,-0.8247931599617004
5491,-5.623648643493652,0.12849926948547363,
5492,-5.644822120666504,0.05820870399475098,
5493,-5.8453593254089355,0.05586409568786621,
5494,-5.820835113525391,0.05689430236816406,
5495,-5.532864570617676,0.057103872299194336,
5496,-5.817582130432129,0.05624580383300781,
5497,-5.791776657104492,0.05562853813171387,
5498,-5.6898698806762695,0.0574650764465332,
5499,-5.707860946655273,0.057733774185180664,
5500,-5.6162519454956055,0.05602741241455078,-0.7717104554176331
5501,-5.750519752502441,0.1275484561920166,
5502,-5.797409534454346,0.05553722381591797,
5503,-5.651246070861816,0.05776238441467285,
5504,-5.654290676116943,0.057013750076293945,
5505,-5.780029296875,0.05551886558532715,
5506,-5.761539459228516,0.05566763877868652,
5507,-5.814742565155029,0.05605149269104004,
5508,-5.7177276611328125,0.055934906005859375,
5509,-5.883472442626953,0.05685734748840332,
5510,-5.84000301361084,0.056989431381225586,-0.7114537954330444
5511,-5.707999229431152,0.13151168823242188,
5512,-5.666081428527832,0.0570526123046875,
5513,-5.7045440673828125,0.056311845779418945,
5514,-5.719445705413818,0.05606222152709961,
5515,-5.6432342529296875,0.057266950607299805,
5516,-5.703125,0.05688810348510742,
5517,-5.438469886779785,0.05572915077209473,
5518,-5.594695091247559,0.05809736251831055,
5519,-5.658576011657715,0.05756497383117676,
5520,-5.6570024490356445,0.05684804916381836,-0.8322246074676514
5521,-5.717177391052246,0.1320188045501709,
5522,-5.757598876953125,0.05866408348083496,
5523,-5.524262428283691,0.055571556091308594,
5524,-5.688777923583984,0.05646848678588867,
5525,-5.743950843811035,0.05744647979736328,
5526,-5.687542915344238,0.05901479721069336,
5527,-5.695186614990234,0.05620002746582031,
5528,-5.696502208709717,0.05744361877441406,
5529,-5.714974403381348,0.058220624923706055,
5530,-5.610808372497559,0.056471824645996094,-0.8525935411453247
5531,-5.497201919555664,0.12897944450378418,
5532,-5.727673530578613,0.058280229568481445,
5533,-5.838832855224609,0.055756568908691406,
5534,-5.651637077331543,0.05671572685241699,
5535,-5.613135814666748,0.056867122650146484,
5536,-5.670048236846924,0.056087493896484375,
5537,-5.70499849319458,0.056868791580200195,
5538,-5.669533729553223,0.05575871467590332,
5539,-5.714501857757568,0.056027889251708984,
5540,-5.5095343589782715,0.0566864013671875,-0.8071205019950867
5541,-5.49851131439209,0.1311025619506836,
5542,-5.566880226135254,0.05578112602233887,
5543,-5.653266906738281,0.05720973014831543,
5544,-5.710175514221191,0.05629873275756836,
5545,-5.62028694152832,0.0559537410736084,
5546,-5.479040622711182,0.05734992027282715,
5547,-5.645066738128662,0.05626797676086426,
5548,-5.516338348388672,0.05601954460144043,
5549,-5.5449419021606445,0.05778932571411133,
5550,-5.617122650146484,0.05672502517700195,-0.8952159285545349
5551,-5.738974571228027,0.12862920761108398,
5552,-5.489568710327148,0.05683565139770508,
5553,-5.530080795288086,0.05569958686828613,
5554,-5.484393119812012,0.0576322078704834,
5555,-5.763419151306152,0.05687236785888672,
5556,-5.492366790771484,0.05516409873962402,
5557,-5.555633544921875,0.05642533302307129,
5558,-5.586766242980957,0.05616950988769531,
5559,-5.725183486938477,0.05551648139953613,
5560,-5.583889961242676,0.05656909942626953,-0.8557741641998291
5561,-5.5654144287109375,0.12824225425720215,
5562,-5.539804935455322,0.057678937911987305,
5563,-5.649946212768555,0.05756735801696777,
5564,-5.721492767333984,0.0560758113861084,
5565,-5.805993556976318,0.057822227478027344,
5566,-5.70248556137085,0.05628180503845215,
5567,-5.627667427062988,0.05720925331115723,
5568,-5.824732303619385,0.05703449249267578,
5569,-5.93768310546875,0.0573267936706543,
5570,-5.679746627807617,0.057035207748413086,-0.8433918952941895
5571,-5.7001495361328125,0.13055014610290527,
5572,-5.872039794921875,0.056586503982543945,
5573,-5.667474269866943,0.0553436279296875,
5574,-5.632966041564941,0.05724978446960449,
5575,-5.679457187652588,0.05669593811035156,
5576,-6.031646251678467,0.05601048469543457,
5577,-5.894567012786865,0.057360172271728516,
5578,-5.768314361572266,0.056076765060424805,
5579,-5.774140357971191,0.05661129951477051,
5580,-5.782438278198242,0.057558298110961914,-0.8458828926086426
5581,-5.776485443115234,0.12789702415466309,
5582,-5.789578437805176,0.056244850158691406,
5583,-5.78781795501709,0.057159423828125,
5584,-5.682277202606201,0.05628490447998047,
5585,-5.574382305145264,0.056394338607788086,
5586,-5.636649131774902,0.05721783638000488,
5587,-5.980169296264648,0.05577349662780762,
5588,-5.773642539978027,0.05583786964416504,
5589,-6.024059772491455,0.05681014060974121,
5590,-5.942823886871338,0.05649566650390625,-0.8355717062950134
5591,-5.784242630004883,0.12918853759765625,
5592,-5.905025959014893,0.05600285530090332,
5593,-5.912671089172363,0.056525230407714844,
5594,-5.6921186447143555,0.057891130447387695,
5595,-5.905884742736816,0.05628323554992676,
5596,-5.75520133972168,0.05613565444946289,
5597,-5.566858291625977,0.05877089500427246,
5598,-5.73429536819458,0.05797863006591797,
5599,-5.7200469970703125,0.05604100227355957,
5600,-5.876996040344238,0.05642437934875488,-0.7989020943641663
5601,-5.693068504333496,0.1324925422668457,
5602,-5.723042011260986,0.05578160285949707,
5603,-5.834197998046875,0.056467294692993164,
5604,-5.732118606567383,0.057021379470825195,
5605,-5.831701278686523,0.056096792221069336,
5606,-5.690765380859375,0.05698704719543457,
5607,-5.686184883117676,0.057054996490478516,
5608,-5.758380889892578,0.05604720115661621,
5609,-5.708332538604736,0.0559229850769043,
5610,-5.742227554321289,0.05916643142700195,-0.7071784138679504
5611,-5.599623680114746,0.26538777351379395,
5612,-5.756275177001953,0.056606292724609375,
5613,-5.674651145935059,0.05577993392944336,
5614,-5.612479209899902,0.055667877197265625,
5615,-5.740304470062256,0.060431718826293945,
5616,-5.729631423950195,0.05724000930786133,
5617,-5.668881893157959,0.05582141876220703,
5618,-5.632515907287598,0.05583763122558594,
5619,-5.635316848754883,0.05669546127319336,
5620,-5.662762641906738,0.05574321746826172,-0.7950124144554138
5621,-5.741523742675781,0.12971162796020508,
5622,-5.764650344848633,0.05699491500854492,
5623,-5.735537528991699,0.055809974670410156,
5624,-5.6647539138793945,0.05727815628051758,
5625,-5.645983695983887,0.05582094192504883,
5626,-5.624306678771973,0.05691099166870117,
5627,-5.600725173950195,0.05670619010925293,
5628,-5.560558795928955,0.058949947357177734,
5629,-5.737438201904297,0.057012081146240234,
5630,-5.79143762588501,0.05656838417053223,-0.8570790886878967
5631,-5.938112258911133,0.13102316856384277,
5632,-6.028411865234375,0.05734705924987793,
5633,-5.723996162414551,0.055853843688964844,
5634,-5.7736077308654785,0.057164907455444336,
5635,-5.7440032958984375,0.056632041931152344,
5636,-5.539491653442383,0.05657958984375,
5637,-5.792835235595703,0.0564885139465332,
5638,-5.611136436462402,0.05790972709655762,
5639,-5.631828308105469,0.05562305450439453,
5640,-5.7651495933532715,0.05696606636047363,-0.7628234028816223
5641,-5.81099796295166,0.1318044662475586,
5642,-5.909082889556885,0.05710434913635254,
5643,-5.7466511726379395,0.05604267120361328,
5644,-5.649754524230957,0.0575718879699707,
5645,-5.774175643920898,0.057471513748168945,
5646,-5.755945682525635,0.056609153747558594,
5647,-5.740500450134277,0.05685782432556152,
5648,-5.844000816345215,0.057669639587402344,
5649,-5.782967567443848,0.05668354034423828,
5650,-5.859301567077637,0.05729937553405762,-0.9140989184379578
5651,-5.654689788818359,0.13245606422424316,
5652,-5.723816394805908,0.05708432197570801,
5653,-5.656529426574707,0.05656909942626953,
5654,-5.498613357543945,0.057718753814697266,
5655,-5.725870132446289,0.05737781524658203,
5656,-5.847068786621094,0.05543351173400879,
5657,-5.715717315673828,0.05605483055114746,
5658,-5.760950088500977,0.05816173553466797,
5659,-5.868769645690918,0.05614781379699707,
5660,-5.702675819396973,0.05637836456298828,-0.8370606899261475
5661,-5.798999786376953,0.1306910514831543,
5662,-5.667873382568359,0.0564723014831543,
5663,-5.577131748199463,0.0563809871673584,
5664,-5.851466178894043,0.05638456344604492,
5665,-5.719519138336182,0.056749820709228516,
5666,-5.7571210861206055,0.05732607841491699,
5667,-5.74257230758667,0.058092355728149414,
5668,-5.554949760437012,0.05666470527648926,
5669,-5.49822998046875,0.05630803108215332,
5670,-5.673803329467773,0.058074951171875,-0.769127607345581
5671,-5.767203330993652,0.13137173652648926,
5672,-5.656467437744141,0.05563521385192871,
5673,-5.678999900817871,0.058237552642822266,
5674,-5.662035942077637,0.056174516677856445,
5675,-5.705018997192383,0.05641031265258789,
5676,-5.859286785125732,0.05801820755004883,
5677,-5.799428939819336,0.05614185333251953,
5678,-5.692394733428955,0.05636167526245117,
5679,-5.794182777404785,0.05659079551696777,
5680,-5.811112403869629,0.05868697166442871,-0.9138484001159668
5681,-5.7821245193481445,0.1327495574951172,
5682,-5.7718825340271,0.056256771087646484,
5683,-5.7018327713012695,0.05752158164978027,
5684,-5.642783164978027,0.05741405487060547,
5685,-5.832833290100098,0.05641627311706543,
5686,-5.802595138549805,0.056928157806396484,
5687,-5.8886003494262695,0.05830025672912598,
5688,-5.837089538574219,0.05684208869934082,
5689,-5.7304158210754395,0.05580759048461914,
5690,-5.781942367553711,0.05740833282470703,-0.8517349362373352
5691,-5.671812057495117,0.1309356689453125,
5692,-5.836889743804932,0.05605173110961914,
5693,-5.851919174194336,0.057483673095703125,
5694,-5.661346912384033,0.05786871910095215,
5695,-5.84584903717041,0.05648207664489746,
5696,-5.818523406982422,0.057311296463012695,
5697,-5.601961612701416,0.057389020919799805,
5698,-5.676318168640137,0.05659174919128418,
5699,-5.584256172180176,0.05743718147277832,
5700,-5.599861145019531,0.057793617248535156,-0.7592872977256775
5701,-5.640439033508301,0.1359546184539795,
5702,-5.6720123291015625,0.05594301223754883,
5703,-5.5759172439575195,0.056593894958496094,
5704,-5.626960754394531,0.05731487274169922,
5705,-5.699207305908203,0.05613374710083008,
5706,-5.80925178527832,0.05629229545593262,
5707,-5.622079849243164,0.05695176124572754,
5708,-5.7601165771484375,0.056476593017578125,
5709,-5.766568183898926,0.05712103843688965,
5710,-5.783456325531006,0.05632758140563965,-0.8613260984420776
5711,-5.410944938659668,0.12799477577209473,
5712,-5.620466709136963,0.05655217170715332,
5713,-5.644011497497559,0.05699443817138672,
5714,-5.739052772521973,0.05551886558532715,
5715,-5.699624061584473,0.056798696517944336,
5716,-5.904598712921143,0.05678081512451172,
5717,-5.798163414001465,0.055979251861572266,
5718,-5.689079761505127,0.05718564987182617,
5719,-5.771864414215088,0.05738520622253418,
5720,-5.665829658508301,0.05595135688781738,-0.7097266912460327
5721,-5.727428436279297,0.13102054595947266,
5722,-5.755634307861328,0.05587005615234375,
5723,-5.826433181762695,0.05604243278503418,
5724,-5.58366060256958,0.057181358337402344,
5725,-5.665354251861572,0.056319236755371094,
5726,-5.859921455383301,0.056990623474121094,
5727,-5.644687652587891,0.05778360366821289,
5728,-5.743612289428711,0.05661463737487793,
5729,-5.804651260375977,0.05609130859375,
5730,-5.6539812088012695,0.05730485916137695,-0.8181655406951904
5731,-5.557135581970215,0.26230907440185547,
5732,-5.686859607696533,0.05776047706604004,
5733,-5.819860935211182,0.055661916732788086,
5734,-5.770031452178955,0.05415678024291992,
5735,-5.812939643859863,0.05511641502380371,
5736,-5.781000137329102,0.05454421043395996,
5737,-5.626258850097656,0.05536174774169922,
5738,-5.779921531677246,0.0550847053527832,
5739,-5.69228458404541,0.05635523796081543,
5740,-5.8584303855896,0.05725431442260742,-0.8362823724746704
5741,-5.631342887878418,0.13064861297607422,
5742,-5.842503070831299,0.05633854866027832,
5743,-5.924539566040039,0.05698108673095703,
5744,-5.732778549194336,0.056064605712890625,
5745,-5.747465133666992,0.05655241012573242,
5746,-5.832082748413086,0.05740022659301758,
5747,-5.775167465209961,0.05775308609008789,
5748,-5.7858123779296875,0.056082725524902344,
5749,-5.78524112701416,0.05674290657043457,
5750,-5.909595489501953,0.055840492248535156,-0.8932805061340332
5751,-5.682355880737305,0.12795495986938477,
5752,-5.613940715789795,0.056438446044921875,
5753,-5.576127052307129,0.05637311935424805,
5754,-5.852821350097656,0.05680680274963379,
5755,-5.82293701171875,0.05667591094970703,
5756,-5.912139415740967,0.05607962608337402,
5757,-5.709569931030273,0.056516408920288086,
5758,-6.007663726806641,0.0572357177734375,
5759,-5.75295352935791,0.05484151840209961,
5760,-5.87265682220459,0.05701875686645508,-0.8898631930351257
5761,-5.83726692199707,0.13502001762390137,
5762,-5.749505043029785,0.05552220344543457,
5763,-5.906557083129883,0.056764841079711914,
5764,-5.903017520904541,0.0561680793762207,
5765,-6.013910293579102,0.05644059181213379,
5766,-5.85407018661499,0.05798983573913574,
5767,-5.811405181884766,0.055741310119628906,
5768,-5.895134449005127,0.056781768798828125,
5769,-5.876099109649658,0.05684804916381836,
5770,-5.772627353668213,0.05918574333190918,-0.842322826385498
5771,-5.848529815673828,0.13753962516784668,
5772,-5.788876533508301,0.05537819862365723,
5773,-5.777810096740723,0.054869890213012695,
5774,-5.654012680053711,0.05651450157165527,
5775,-6.03143310546875,0.056185245513916016,
5776,-5.825626373291016,0.05757403373718262,
5777,-5.773774147033691,0.05763745307922363,
5778,-5.853736877441406,0.056534528732299805,
5779,-5.783021926879883,0.05717921257019043,
5780,-5.85817289352417,0.05823016166687012,-0.899971604347229
5781,-5.7857513427734375,0.12939858436584473,
5782,-5.7733683586120605,0.05720949172973633,
5783,-5.707715034484863,0.05768132209777832,
5784,-5.8853912353515625,0.05612635612487793,
5785,-5.823554039001465,0.05559706687927246,
5786,-5.908712387084961,0.05690336227416992,
5787,-6.02994966506958,0.056780338287353516,
5788,-5.871234893798828,0.05638861656188965,
5789,-5.767120361328125,0.056597232818603516,
5790,-5.705743789672852,0.05878615379333496,-0.8355847597122192
5791,-5.875619411468506,0.12909340858459473,
5792,-5.708675384521484,0.056804656982421875,
5793,-5.7437238693237305,0.0568392276763916,
5794,-5.770376205444336,0.055963993072509766,
5795,-5.725495338439941,0.057547569274902344,
5796,-5.733535289764404,0.05757641792297363,
5797,-5.790820121765137,0.056679725646972656,
5798,-5.734259605407715,0.05706000328063965,
5799,-5.722447395324707,0.05704236030578613,
5800,-5.723608016967773,0.058072805404663086,-0.8940242528915405
5801,-5.666077136993408,0.13356924057006836,
5802,-5.698723793029785,0.057134389877319336,
5803,-5.783743858337402,0.05756020545959473,
5804,-5.706475257873535,0.0572357177734375,
5805,-5.655818939208984,0.05655097961425781,
5806,-5.74053955078125,0.05794191360473633,
5807,-5.827061176300049,0.05709099769592285,
5808,-5.867135047912598,0.05614161491394043,
5809,-5.797107696533203,0.0564723014831543,
5810,-5.793656349182129,0.05793476104736328,-0.836887538433075
5811,-5.820745468139648,0.12990760803222656,
5812,-5.717854976654053,0.05677032470703125,
5813,-5.7984185218811035,0.05523490905761719,
5814,-5.81558084487915,0.05555462837219238,
5815,-5.869047164916992,0.05646514892578125,
5816,-5.802008628845215,0.056160688400268555,
5817,-5.77994441986084,0.05657315254211426,
5818,-5.827451229095459,0.0585935115814209,
5819,-5.672543525695801,0.0564265251159668,
5820,-5.849084854125977,0.056594133377075195,-0.9373354911804199
5821,-5.890710830688477,0.13477110862731934,
5822,-5.921684265136719,0.05781841278076172,
5823,-5.764871120452881,0.05554771423339844,
5824,-5.855177879333496,0.05582427978515625,
5825,-5.925127029418945,0.05840444564819336,
5826,-5.681774616241455,0.056986331939697266,
5827,-5.7241926193237305,0.05548357963562012,
5828,-5.879910469055176,0.05768990516662598,
5829,-5.623807907104492,0.05746316909790039,
5830,-5.763988018035889,0.05600309371948242,-0.7244868874549866
5831,-5.659463882446289,0.1318955421447754,
5832,-5.620898723602295,0.05812358856201172,
5833,-5.654716491699219,0.05611920356750488,
5834,-5.780464172363281,0.05688977241516113,
5835,-5.720577239990234,0.05655932426452637,
5836,-5.654576301574707,0.05645489692687988,
5837,-5.731700420379639,0.057492971420288086,
5838,-5.598127365112305,0.05688786506652832,
5839,-5.701302528381348,0.05570387840270996,
5840,-5.744170188903809,0.056307077407836914,-0.9479100704193115
5841,-5.7092976570129395,0.12864899635314941,
5842,-5.824641227722168,0.05750322341918945,
5843,-5.588031768798828,0.05732250213623047,
5844,-5.457754135131836,0.056210994720458984,
5845,-5.770256042480469,0.05742645263671875,
5846,-5.52943229675293,0.057553768157958984,
5847,-5.7014312744140625,0.05771517753601074,
5848,-5.694343566894531,0.05627775192260742,
5849,-5.687183856964111,0.05530238151550293,
5850,-5.752669811248779,0.05725383758544922,-0.8282853364944458
5851,-5.652209758758545,0.2513923645019531,
5852,-5.612154006958008,0.056646108627319336,
5853,-5.691123962402344,0.057105302810668945,
5854,-5.590182781219482,0.05574154853820801,
5855,-5.624171257019043,0.0570378303527832,
5856,-5.604493141174316,0.057936906814575195,
5857,-5.646622657775879,0.05631208419799805,
5858,-5.627676963806152,0.05496668815612793,
5859,-5.903325080871582,0.05610513687133789,
5860,-5.63010835647583,0.055418968200683594,-0.7930155992507935
5861,-5.759394645690918,0.13434290885925293,
5862,-5.867281436920166,0.05700349807739258,
5863,-5.771535873413086,0.05650067329406738,
5864,-5.745872974395752,0.05726957321166992,
5865,-5.547089576721191,0.0572667121887207,
5866,-5.845314979553223,0.056548118591308594,
5867,-5.982276916503906,0.056229352951049805,
5868,-5.712327003479004,0.0560147762298584,
5869,-5.7807793617248535,0.05643415451049805,
5870,-5.692839622497559,0.05640125274658203,-0.975717306137085
5871,-5.731602191925049,0.12984395027160645,
5872,-5.776051998138428,0.05552792549133301,
5873,-5.646306991577148,0.05773019790649414,
5874,-5.643575668334961,0.05846285820007324,
5875,-5.628944396972656,0.05548977851867676,
5876,-5.695444107055664,0.05719947814941406,
5877,-5.542354583740234,0.057778358459472656,
5878,-5.644777297973633,0.05604267120361328,
5879,-5.600413799285889,0.0570528507232666,
5880,-5.6243791580200195,0.05567646026611328,-0.8410955667495728
5881,-5.609923839569092,0.1297295093536377,
5882,-5.6139421463012695,0.05754256248474121,
5883,-5.631573677062988,0.056249380111694336,
5884,-5.543315410614014,0.056446075439453125,
5885,-5.717616081237793,0.057375431060791016,
5886,-5.752793788909912,0.056589603424072266,
5887,-5.809391021728516,0.0561065673828125,
5888,-5.746814727783203,0.05719590187072754,
5889,-5.681968688964844,0.05603623390197754,
5890,-5.781682968139648,0.05598092079162598,-0.782601535320282
5891,-5.679509162902832,0.13582348823547363,
5892,-5.677304744720459,0.055853843688964844,
5893,-5.637560844421387,0.05573153495788574,
5894,-5.9616007804870605,0.056606292724609375,
5895,-5.740691184997559,0.05790305137634277,
5896,-5.8670196533203125,0.05710172653198242,
5897,-5.9415998458862305,0.05616140365600586,
5898,-5.730818271636963,0.057079315185546875,
5899,-5.648832321166992,0.05687737464904785,
5900,-5.846518516540527,0.05662965774536133,-0.9199374318122864
5901,-5.711100101470947,0.1333940029144287,
5902,-5.725343704223633,0.057526350021362305,
5903,-5.726310729980469,0.055890798568725586,
5904,-5.831226825714111,0.055014848709106445,
5905,-5.73177433013916,0.05656838417053223,
5906,-5.808369159698486,0.056099653244018555,
5907,-5.748991966247559,0.05605316162109375,
5908,-5.842730522155762,0.05778813362121582,
5909,-5.907834529876709,0.056879281997680664,
5910,-5.87968635559082,0.0573427677154541,-0.7951514720916748
5911,-6.110419750213623,0.1332993507385254,
5912,-5.908473014831543,0.056720733642578125,
5913,-5.66032600402832,0.056112051010131836,
5914,-5.709611892700195,0.057369232177734375,
5915,-5.887724876403809,0.05631709098815918,
5916,-5.8584370613098145,0.056125640869140625,
5917,-5.528861999511719,0.05797243118286133,
5918,-5.512795925140381,0.05748438835144043,
5919,-5.327267646789551,0.05726051330566406,
5920,-5.508580684661865,0.0572514533996582,-0.784471333026886
5921,-5.705461025238037,0.12808752059936523,
5922,-5.679653167724609,0.055869340896606445,
5923,-5.821551322937012,0.05829453468322754,
5924,-5.684220314025879,0.056616783142089844,
5925,-5.855093955993652,0.05602860450744629,
5926,-5.747719764709473,0.05715799331665039,
5927,-5.613349914550781,0.057033538818359375,
5928,-5.763759613037109,0.05633139610290527,
5929,-5.7687530517578125,0.057999372482299805,
5930,-5.777955532073975,0.05578207969665527,-0.8039013147354126
5931,-5.8622236251831055,0.13107538223266602,
5932,-5.863922119140625,0.05727028846740723,
5933,-5.689896583557129,0.05685257911682129,
5934,-5.899625301361084,0.05673360824584961,
5935,-5.698083877563477,0.056960105895996094,
5936,-5.790654182434082,0.056550025939941406,
5937,-5.741513729095459,0.05681133270263672,
5938,-5.707698822021484,0.05718350410461426,
5939,-5.855722904205322,0.056824684143066406,
5940,-5.909728050231934,0.05570173263549805,-0.8637757301330566
5941,-5.89345645904541,0.1313323974609375,
5942,-5.920334339141846,0.056900978088378906,
5943,-5.727758407592773,0.05577421188354492,
5944,-5.870748043060303,0.0575556755065918,
5945,-5.626219749450684,0.057320356369018555,
5946,-5.595624923706055,0.05560016632080078,
5947,-5.521003723144531,0.05626678466796875,
5948,-5.421341896057129,0.057233572006225586,
5949,-5.380585670471191,0.05597281455993652,
5950,-5.674798011779785,0.05671882629394531,-0.8124493360519409
5951,-5.710634708404541,0.13045239448547363,
5952,-5.579384803771973,0.05569148063659668,
5953,-5.5220441818237305,0.057737112045288086,
5954,-5.641622543334961,0.05612635612487793,
5955,-5.598008155822754,0.05819296836853027,
5956,-5.561213493347168,0.0559086799621582,
5957,-5.619348049163818,0.057381391525268555,
5958,-5.847726821899414,0.05499863624572754,
5959,-5.69140100479126,0.05704808235168457,
5960,-5.778754234313965,0.05836963653564453,-0.7932440638542175
5961,-5.809869766235352,0.1353001594543457,
5962,-5.8973307609558105,0.05562996864318848,
5963,-5.733779430389404,0.05655622482299805,
5964,-5.706441879272461,0.057114601135253906,
5965,-5.863772392272949,0.05598330497741699,
5966,-5.906221389770508,0.05667591094970703,
5967,-5.77453088760376,0.057759761810302734,
5968,-5.820390224456787,0.05730414390563965,
5969,-5.560474395751953,0.05701780319213867,
5970,-5.8211989402771,0.05549955368041992,-0.689018189907074
5971,-5.773741722106934,0.2730114459991455,
5972,-5.841885566711426,0.05815529823303223,
5973,-5.774568557739258,0.05640983581542969,
5974,-5.692862510681152,0.05714845657348633,
5975,-5.697177886962891,0.0569460391998291,
5976,-5.908858299255371,0.05541110038757324,
5977,-5.666705131530762,0.056472063064575195,
5978,-5.574959754943848,0.0559694766998291,
5979,-5.735878944396973,0.05657052993774414,
5980,-5.896584510803223,0.056952476501464844,-0.8461485505104065
5981,-5.894136428833008,0.13361573219299316,
5982,-5.755279064178467,0.056200265884399414,
5983,-5.675656318664551,0.056989192962646484,
5984,-5.747889041900635,0.055922508239746094,
5985,-5.731285572052002,0.05638742446899414,
5986,-5.91212797164917,0.05615949630737305,
5987,-5.581613540649414,0.05658555030822754,
5988,-5.649753570556641,0.0565037727355957,
5989,-5.7817888259887695,0.05702686309814453,
5990,-5.726774215698242,0.05667519569396973,-0.8634299635887146
5991,-5.692025184631348,0.13054299354553223,
5992,-5.587954521179199,0.05636930465698242,
5993,-5.661080360412598,0.05533576011657715,
5994,-5.904801368713379,0.05599570274353027,
5995,-5.675142765045166,0.05588269233703613,
5996,-5.734938144683838,0.05628490447998047,
5997,-5.818805694580078,0.0566554069519043,
5998,-5.610306739807129,0.05580496788024902,
5999,-5.650734901428223,0.057575225830078125,
6000,-5.8191328048706055,0.05659127235412598,-0.8689533472061157
6001,-5.811676025390625,0.1381075382232666,
6002,-5.873291492462158,0.05809950828552246,
6003,-5.807133674621582,0.05638551712036133,
6004,-5.619285583496094,0.057009220123291016,
6005,-5.6684441566467285,0.05602431297302246,
6006,-5.800968647003174,0.05601954460144043,
6007,-5.761890888214111,0.05571603775024414,
6008,-5.489750385284424,0.057016849517822266,
6009,-5.622157096862793,0.058799028396606445,
6010,-5.6902875900268555,0.057836294174194336,-0.8786735534667969
6011,-5.894863128662109,0.13243436813354492,
6012,-5.732551097869873,0.05711483955383301,
6013,-5.797420024871826,0.05862164497375488,
6014,-5.939614295959473,0.05800628662109375,
6015,-5.737827301025391,0.05792045593261719,
6016,-5.763492584228516,0.05581545829772949,
6017,-5.877884387969971,0.05640721321105957,
6018,-5.784778594970703,0.05665850639343262,
6019,-5.567434310913086,0.05617833137512207,
6020,-5.74365234375,0.05692028999328613,-0.826192319393158
6021,-5.662395477294922,0.12858176231384277,
6022,-5.663913249969482,0.056638479232788086,
6023,-5.80975866317749,0.05638742446899414,
6024,-5.893332481384277,0.05628156661987305,
6025,-5.742236614227295,0.057227134704589844,
6026,-5.809411525726318,0.05616426467895508,
6027,-5.58709716796875,0.05581378936767578,
6028,-5.748089790344238,0.05692911148071289,
6029,-5.699310302734375,0.05717587471008301,
6030,-5.7374467849731445,0.05603194236755371,-0.8568425178527832
6031,-5.782282829284668,0.1326754093170166,
6032,-5.86677360534668,0.059560537338256836,
6033,-5.703549385070801,0.05684494972229004,
6034,-5.731144428253174,0.056446075439453125,
6035,-5.6956329345703125,0.05743050575256348,
6036,-5.683146953582764,0.059342145919799805,
6037,-5.478971004486084,0.05627560615539551,
6038,-5.782693862915039,0.05731391906738281,
6039,-6.010618209838867,0.05742502212524414,
6040,-5.730489253997803,0.056235313415527344,-0.8436917662620544
6041,-5.811028003692627,0.12548446655273438,
6042,-5.946434497833252,0.05562591552734375,
6043,-5.8581390380859375,0.05646562576293945,
6044,-5.820193767547607,0.055544137954711914,
6045,-5.808957099914551,0.05616307258605957,
6046,-5.764540672302246,0.05720043182373047,
6047,-5.7506022453308105,0.05720329284667969,
6048,-5.878281593322754,0.05575990676879883,
6049,-5.868790626525879,0.05653500556945801,
6050,-5.910376071929932,0.05905508995056152,-0.922156810760498
6051,-5.999564170837402,0.12761688232421875,
6052,-5.838367462158203,0.05744504928588867,
6053,-5.930018901824951,0.05676102638244629,
6054,-5.809916019439697,0.05659222602844238,
6055,-5.82196569442749,0.05776858329772949,
6056,-5.827609062194824,0.058608055114746094,
6057,-5.842921257019043,0.056382179260253906,
6058,-5.870214939117432,0.05616044998168945,
6059,-5.889871120452881,0.05771374702453613,
6060,-5.766432762145996,0.05672192573547363,-0.8363803625106812
6061,-5.774636268615723,0.12528133392333984,
6062,-5.746718883514404,0.05616450309753418,
6063,-5.759472370147705,0.05582737922668457,
6064,-5.911798477172852,0.05698370933532715,
6065,-5.996943950653076,0.055629730224609375,
6066,-5.871289253234863,0.05724620819091797,
6067,-5.7501726150512695,0.05751442909240723,
6068,-6.008275985717773,0.056153059005737305,
6069,-5.797907829284668,0.0562596321105957,
6070,-5.716302394866943,0.05707502365112305,-0.8100354075431824
6071,-5.57010555267334,0.13417458534240723,
6072,-5.710407733917236,0.05731391906738281,
6073,-5.650376319885254,0.055611610412597656,
6074,-5.868189811706543,0.05788159370422363,
6075,-5.8476152420043945,0.05769014358520508,
6076,-5.878917217254639,0.05683422088623047,
6077,-5.79582405090332,0.055826663970947266,
6078,-5.892523765563965,0.05823040008544922,
6079,-5.9548749923706055,0.05562114715576172,
6080,-5.918662071228027,0.05687355995178223,-0.8247637152671814
6081,-5.81376838684082,0.13013505935668945,
6082,-5.756653785705566,0.0567934513092041,
6083,-5.879307270050049,0.05787372589111328,
6084,-6.002252101898193,0.05711960792541504,
6085,-5.844634056091309,0.055632591247558594,
6086,-5.8807268142700195,0.05767393112182617,
6087,-5.922840118408203,0.05546998977661133,
6088,-5.727441787719727,0.056096792221069336,
6089,-5.924036502838135,0.055953264236450195,
6090,-5.709712028503418,0.057058095932006836,-0.8330630660057068
6091,-5.829413890838623,0.12541604042053223,
6092,-5.85385799407959,0.057939767837524414,
6093,-5.775836944580078,0.056082725524902344,
6094,-5.781131744384766,0.055686235427856445,
6095,-5.760490894317627,0.05733895301818848,
6096,-5.914830684661865,0.056136369705200195,
6097,-5.7715277671813965,0.0560603141784668,
6098,-5.915672302246094,0.055510759353637695,
6099,-5.993955612182617,0.05630373954772949,
6100,-5.782026767730713,0.05666851997375488,-0.7883063554763794
6101,-5.862407684326172,0.2654743194580078,
6102,-6.003687858581543,0.05612516403198242,
6103,-5.867279052734375,0.05552983283996582,
6104,-5.685029983520508,0.055832624435424805,
6105,-5.737030506134033,0.0571134090423584,
6106,-5.886573791503906,0.057076215744018555,
6107,-5.6280837059021,0.05572032928466797,
6108,-5.790866851806641,0.05659031867980957,
6109,-5.736915588378906,0.0562131404876709,
6110,-5.565907001495361,0.05584406852722168,-0.8287863731384277
6111,-5.699977874755859,0.1330728530883789,
6112,-5.989333152770996,0.055654048919677734,
6113,-5.7947587966918945,0.05574321746826172,
6114,-5.649456024169922,0.05894970893859863,
6115,-5.659570693969727,0.058248281478881836,
6116,-5.795059680938721,0.057135581970214844,
6117,-5.718672752380371,0.05624270439147949,
6118,-5.902357578277588,0.056997060775756836,
6119,-5.72828483581543,0.05756068229675293,
6120,-5.811595916748047,0.056267738342285156,-0.8428743481636047
6121,-5.945988655090332,0.13368606567382812,
6122,-5.94189453125,0.05650162696838379,
6123,-5.835259437561035,0.0552065372467041,
6124,-5.943655967712402,0.0563962459564209,
6125,-5.727522850036621,0.058480024337768555,
6126,-5.856050491333008,0.055581092834472656,
6127,-5.902749061584473,0.055802106857299805,
6128,-5.735452175140381,0.05698251724243164,
6129,-5.876445770263672,0.05586099624633789,
6130,-5.638869285583496,0.05759596824645996,-0.8449990749359131
6131,-5.7064056396484375,0.13488221168518066,
6132,-5.754138946533203,0.056703805923461914,
6133,-5.819830417633057,0.05660724639892578,
6134,-5.5722784996032715,0.05705666542053223,
6135,-6.002668380737305,0.0578310489654541,
6136,-5.740828037261963,0.05524635314941406,
6137,-5.9345197677612305,0.055235862731933594,
6138,-5.811218738555908,0.05610036849975586,
6139,-5.713449478149414,0.05588936805725098,
6140,-5.779031753540039,0.05724906921386719,-0.821690559387207
6141,-5.884085655212402,0.12885832786560059,
6142,-5.588526248931885,0.05604290962219238,
6143,-5.800271987915039,0.05695533752441406,
6144,-5.916812896728516,0.05635428428649902,
6145,-5.90104866027832,0.05728578567504883,
6146,-5.908254623413086,0.0572965145111084,
6147,-5.8171210289001465,0.05746269226074219,
6148,-5.547832489013672,0.05638909339904785,
6149,-5.698359489440918,0.056586503982543945,
6150,-5.810795783996582,0.05733346939086914,-0.7653860449790955
6151,-5.853405952453613,0.12744355201721191,
6152,-5.720264911651611,0.057327985763549805,
6153,-5.862846851348877,0.056693315505981445,
6154,-5.84133243560791,0.05542278289794922,
6155,-5.799533367156982,0.057111501693725586,
6156,-5.6765594482421875,0.05888938903808594,
6157,-5.801797866821289,0.05645608901977539,
6158,-5.874625205993652,0.0558934211730957,
6159,-5.877041339874268,0.056432485580444336,
6160,-5.77958869934082,0.057085275650024414,-0.7967121601104736
6161,-5.929145336151123,0.12964367866516113,
6162,-5.883915901184082,0.05739855766296387,
6163,-5.892777442932129,0.057093143463134766,
6164,-5.757329940795898,0.05626249313354492,
6165,-5.881186485290527,0.05624032020568848,
6166,-5.774962425231934,0.05667686462402344,
6167,-5.9502105712890625,0.05656123161315918,
6168,-5.824483871459961,0.057121992111206055,
6169,-5.671200752258301,0.05440807342529297,
6170,-5.841086387634277,0.05617976188659668,-0.7740956544876099
6171,-5.6979193687438965,0.1326124668121338,
6172,-5.4443745613098145,0.057093143463134766,
6173,-5.72324275970459,0.0560758113861084,
6174,-5.686912536621094,0.05662417411804199,
6175,-5.634453773498535,0.05820178985595703,
6176,-5.723149299621582,0.057767629623413086,
6177,-5.801727294921875,0.055928945541381836,
6178,-5.785496711730957,0.05726218223571777,
6179,-5.828575134277344,0.05497097969055176,
6180,-5.8722639083862305,0.05607724189758301,-0.8374078869819641
6181,-5.853391647338867,0.13417506217956543,
6182,-5.932145118713379,0.05597376823425293,
6183,-5.798114776611328,0.05603432655334473,
6184,-5.774901390075684,0.056353092193603516,
6185,-5.808410167694092,0.056861162185668945,
6186,-5.771945953369141,0.056205034255981445,
6187,-5.8826375007629395,0.056188106536865234,
6188,-5.829801559448242,0.05835723876953125,
6189,-5.787029266357422,0.056389808654785156,
6190,-5.694127082824707,0.05603194236755371,-0.9012930989265442
6191,-5.777531623840332,0.13170170783996582,
6192,-5.779506206512451,0.05607914924621582,
6193,-5.730645179748535,0.0571742057800293,
6194,-5.943192481994629,0.05907893180847168,
6195,-5.750408172607422,0.05734133720397949,
6196,-5.821226119995117,0.056468963623046875,
6197,-5.737820625305176,0.055834054946899414,
6198,-5.736562728881836,0.05597066879272461,
6199,-5.8861565589904785,0.05705690383911133,
6200,-6.068088531494141,0.05703330039978027,-0.8547670841217041
6201,-5.92526912689209,0.1313343048095703,
6202,-5.820315361022949,0.057416439056396484,
6203,-5.808524131774902,0.05708885192871094,
6204,-5.674365997314453,0.05652332305908203,
6205,-5.651764869689941,0.05585789680480957,
6206,-5.916975021362305,0.05730247497558594,
6207,-5.821070671081543,0.05667614936828613,
6208,-5.9341230392456055,0.056627511978149414,
6209,-5.847038269042969,0.05805230140686035,
6210,-5.774971961975098,0.05691671371459961,-0.8167662024497986
6211,-5.776432037353516,0.12741351127624512,
6212,-6.063922882080078,0.055625200271606445,
6213,-5.8098554611206055,0.05441451072692871,
6214,-5.712106704711914,0.05590391159057617,
6215,-5.827400207519531,0.05737662315368652,
6216,-5.634932518005371,0.05506777763366699,
6217,-5.827139854431152,0.05689549446105957,
6218,-5.872945785522461,0.05637502670288086,
6219,-5.908604621887207,0.057044029235839844,
6220,-5.948237895965576,0.057668447494506836,-0.914936363697052
6221,-5.778653144836426,0.26969099044799805,
6222,-5.64093542098999,0.0563201904296875,
6223,-5.823987007141113,0.0582120418548584,
6224,-5.915399551391602,0.056482553482055664,
6225,-5.909754753112793,0.05666232109069824,
6226,-5.703658103942871,0.05772709846496582,
6227,-5.905576229095459,0.057524919509887695,
6228,-5.776689052581787,0.055925607681274414,
6229,-5.740067481994629,0.056577205657958984,
6230,-5.806795597076416,0.05733609199523926,-0.7634673118591309
6231,-5.977372169494629,0.13245630264282227,
6232,-5.819669723510742,0.05731606483459473,
6233,-5.878003120422363,0.0570836067199707,
6234,-5.963736534118652,0.05546236038208008,
6235,-5.696593284606934,0.05636906623840332,
6236,-5.811396598815918,0.05648612976074219,
6237,-5.899872779846191,0.05573415756225586,
6238,-5.949742317199707,0.055617570877075195,
6239,-5.841153144836426,0.05688214302062988,
6240,-5.785001277923584,0.05531144142150879,-0.7965757846832275
6241,-5.790031433105469,0.13382554054260254,
6242,-5.870497703552246,0.057098388671875,
6243,-5.891270160675049,0.0565185546875,
6244,-5.699544906616211,0.05658531188964844,
6245,-5.8266119956970215,0.0574185848236084,
6246,-5.840079307556152,0.055757761001586914,
6247,-5.804856777191162,0.05604434013366699,
6248,-5.858041286468506,0.05779004096984863,
6249,-5.763278961181641,0.05845069885253906,
6250,-5.8345417976379395,0.05685067176818848,-0.8100915551185608
6251,-5.817628860473633,0.13515114784240723,
6252,-5.855507850646973,0.05804252624511719,
6253,-5.677516937255859,0.05678558349609375,
6254,-5.676713943481445,0.05665302276611328,
6255,-5.555441856384277,0.05747580528259277,
6256,-5.53277587890625,0.05656623840332031,
6257,-5.654699325561523,0.05619215965270996,
6258,-5.674186706542969,0.05766129493713379,
6259,-5.550376892089844,0.05762505531311035,
6260,-5.7943034172058105,0.056049346923828125,-0.8303293585777283
6261,-5.87345552444458,0.12871074676513672,
6262,-5.6855926513671875,0.05675315856933594,
6263,-5.784747123718262,0.05616950988769531,
6264,-5.719598770141602,0.056790828704833984,
6265,-5.768261909484863,0.05618476867675781,
6266,-5.7568888664245605,0.05728507041931152,
6267,-5.867336273193359,0.05800771713256836,
6268,-5.738742828369141,0.0586545467376709,
6269,-5.746105194091797,0.05627131462097168,
6270,-5.706736087799072,0.056365013122558594,-0.8229516744613647
6271,-5.941312789916992,0.13078641891479492,
6272,-5.914674758911133,0.0559535026550293,
6273,-5.886879920959473,0.056828975677490234,
6274,-5.9214768409729,0.05812811851501465,
6275,-5.761163711547852,0.055647850036621094,
6276,-5.890200138092041,0.05586409568786621,
6277,-5.78507137298584,0.05603313446044922,
6278,-5.864419460296631,0.05618691444396973,
6279,-5.904570579528809,0.05639362335205078,
6280,-5.859005451202393,0.05561494827270508,-0.7319628596305847
6281,-5.852179527282715,0.1287381649017334,
6282,-5.996527671813965,0.056035757064819336,
6283,-5.975003242492676,0.05765700340270996,
6284,-5.927455425262451,0.055718183517456055,
6285,-6.011425018310547,0.05656599998474121,
6286,-6.0352559089660645,0.05825638771057129,
6287,-5.819668769836426,0.05698728561401367,
6288,-6.072287082672119,0.05655670166015625,
6289,-5.908947944641113,0.0565943717956543,
6290,-5.9369096755981445,0.05592083930969238,-0.786674439907074
6291,-5.7095184326171875,0.1318495273590088,
6292,-5.791189193725586,0.05637049674987793,
6293,-5.815756797790527,0.05682730674743652,
6294,-6.026998519897461,0.05715227127075195,
6295,-5.843657970428467,0.05758833885192871,
6296,-5.7857818603515625,0.055840253829956055,
6297,-5.864727973937988,0.057555198669433594,
6298,-5.771431922912598,0.057004451751708984,
6299,-5.825173377990723,0.0568547248840332,
6300,-5.852630615234375,0.057229042053222656,-0.9183457493782043
6301,-5.912672519683838,0.13561439514160156,
6302,-5.933272361755371,0.055991411209106445,
6303,-5.812811374664307,0.05637502670288086,
6304,-5.558191299438477,0.057105064392089844,
6305,-5.70590877532959,0.057465553283691406,
6306,-5.739062786102295,0.05676674842834473,
6307,-5.868102073669434,0.0570831298828125,
6308,-5.831117630004883,0.0574643611907959,
6309,-5.763477802276611,0.05719161033630371,
6310,-5.888509273529053,0.057959794998168945,-0.8159023523330688
6311,-5.768540382385254,0.1289665699005127,
6312,-5.945077419281006,0.0559544563293457,
6313,-5.88751220703125,0.05628466606140137,
6314,-5.935405731201172,0.056067466735839844,
6315,-5.826817989349365,0.05758190155029297,
6316,-5.933549880981445,0.05700945854187012,
6317,-5.904451370239258,0.05484342575073242,
6318,-5.716306686401367,0.05490517616271973,
6319,-5.8387532234191895,0.05686306953430176,
6320,-5.902800559997559,0.05611109733581543,-0.8875652551651001
6321,-5.616509437561035,0.1351029872894287,
6322,-5.627659320831299,0.05755138397216797,
6323,-5.6351213455200195,0.05722999572753906,
6324,-5.620031356811523,0.05547165870666504,
6325,-5.460306167602539,0.05722928047180176,
6326,-5.9081830978393555,0.05655980110168457,
6327,-5.813632011413574,0.056630849838256836,
6328,-5.817936420440674,0.05708932876586914,
6329,-5.744225978851318,0.05680346488952637,
6330,-5.822821617126465,0.055379390716552734,-0.830917477607727
6331,-6.025986671447754,0.13210439682006836,
6332,-5.583301544189453,0.05553102493286133,
6333,-5.612278461456299,0.05831480026245117,
6334,-5.632448196411133,0.057431936264038086,
6335,-5.675711154937744,0.055968523025512695,
6336,-5.870335102081299,0.05476856231689453,
6337,-5.662784576416016,0.05576181411743164,
6338,-5.772333145141602,0.055646657943725586,
6339,-5.925391674041748,0.0566563606262207,
6340,-5.891188621520996,0.057343482971191406,-0.8364285230636597
6341,-5.793039321899414,0.24610590934753418,
6342,-5.855594158172607,0.05693483352661133,
6343,-5.879390239715576,0.05631303787231445,
6344,-5.822665214538574,0.056642770767211914,
6345,-5.625232696533203,0.05514359474182129,
6346,-5.888956069946289,0.05488729476928711,
6347,-5.911909103393555,0.05615544319152832,
6348,-5.681572914123535,0.055925846099853516,
6349,-5.735266208648682,0.05587029457092285,
6350,-5.695783615112305,0.05802273750305176,-0.8824613690376282
6351,-5.775135040283203,0.13481545448303223,
6352,-5.91500997543335,0.056125640869140625,
6353,-6.041433334350586,0.05644559860229492,
6354,-5.90939998626709,0.056752681732177734,
6355,-6.000343322753906,0.0563511848449707,
6356,-5.876984596252441,0.05632591247558594,
6357,-5.976272106170654,0.05877208709716797,
6358,-5.850765705108643,0.05845928192138672,
6359,-5.973753452301025,0.05550050735473633,
6360,-5.900029182434082,0.05714154243469238,-0.8273871541023254
6361,-5.919991493225098,0.12973475456237793,
6362,-5.904365539550781,0.05663943290710449,
6363,-6.127527236938477,0.05742311477661133,
6364,-6.089723587036133,0.05832481384277344,
6365,-5.999217510223389,0.05634117126464844,
6366,-6.0084452629089355,0.05616021156311035,
6367,-5.791839599609375,0.05719399452209473,
6368,-5.979836940765381,0.05616426467895508,
6369,-5.964800834655762,0.056549072265625,
6370,-5.989946365356445,0.05832791328430176,-0.838576078414917
6371,-5.974620819091797,0.137373685836792,
6372,-5.906187534332275,0.05629158020019531,
6373,-5.921335220336914,0.05696225166320801,
6374,-5.9882731437683105,0.05706167221069336,
6375,-5.858830451965332,0.05798482894897461,
6376,-5.98056697845459,0.05679798126220703,
6377,-6.039444923400879,0.056352853775024414,
6378,-5.760628700256348,0.05759906768798828,
6379,-5.790749549865723,0.05633354187011719,
6380,-5.999931335449219,0.055814504623413086,-0.7910543084144592
6381,-5.971349716186523,0.13410496711730957,
6382,-5.883998870849609,0.05614519119262695,
6383,-5.824265003204346,0.05654406547546387,
6384,-5.886408805847168,0.057848453521728516,
6385,-5.909101963043213,0.0570526123046875,
6386,-5.685052394866943,0.05601167678833008,
6387,-5.678958892822266,0.05751395225524902,
6388,-5.841815948486328,0.05722856521606445,
6389,-5.81266975402832,0.056798696517944336,
6390,-5.804523944854736,0.05591607093811035,-0.855535089969635
6391,-5.819165229797363,0.13556480407714844,
6392,-5.878602504730225,0.05839276313781738,
6393,-5.778848648071289,0.056418657302856445,
6394,-5.753085136413574,0.05540585517883301,
6395,-5.710471153259277,0.0581512451171875,
6396,-5.891870498657227,0.05830073356628418,
6397,-5.685774803161621,0.0572967529296875,
6398,-5.6958088874816895,0.056456804275512695,
6399,-5.81014347076416,0.05819368362426758,
6400,-5.7656402587890625,0.055722951889038086,-0.8715701103210449
6401,-5.765937328338623,0.13261914253234863,
6402,-5.905619144439697,0.05529046058654785,
6403,-5.842902660369873,0.05650472640991211,
6404,-5.908679008483887,0.05651497840881348,
6405,-5.7533674240112305,0.057814598083496094,
6406,-5.826147556304932,0.0573573112487793,
6407,-5.982151031494141,0.056418657302856445,
6408,-5.790956020355225,0.05780315399169922,
6409,-6.1122636795043945,0.05676579475402832,
6410,-5.892555236816406,0.055382728576660156,-0.9213402271270752
6411,-5.6498212814331055,0.13686800003051758,
6412,-5.807019233703613,0.05812335014343262,
6413,-5.730673313140869,0.056914329528808594,
6414,-5.831742286682129,0.05671501159667969,
6415,-5.858765602111816,0.05677151679992676,
6416,-5.874343395233154,0.05704855918884277,
6417,-5.878210067749023,0.0565333366394043,
6418,-5.930085182189941,0.05605030059814453,
6419,-6.038010597229004,0.056630849838256836,
6420,-5.869900703430176,0.05636429786682129,-0.8275531530380249
6421,-5.978634357452393,0.13101816177368164,
6422,-6.041203022003174,0.05610060691833496,
6423,-5.90948486328125,0.05664992332458496,
6424,-5.849648475646973,0.05661153793334961,
6425,-5.657619476318359,0.056740522384643555,
6426,-5.94063663482666,0.05613279342651367,
6427,-5.657656669616699,0.05536389350891113,
6428,-5.844423294067383,0.05675625801086426,
6429,-5.674860000610352,0.05562639236450195,
6430,-5.968743801116943,0.05633831024169922,-0.8232618570327759
6431,-5.921504020690918,0.1341712474822998,
6432,-5.789456367492676,0.05669736862182617,
6433,-5.8346123695373535,0.05608224868774414,
6434,-5.573763370513916,0.05842876434326172,
6435,-5.682816505432129,0.05721163749694824,
6436,-5.751549243927002,0.055663108825683594,
6437,-5.780895233154297,0.05741739273071289,
6438,-5.867426872253418,0.058116912841796875,
6439,-5.959297180175781,0.05629539489746094,
6440,-5.899767875671387,0.05768775939941406,-0.9106404781341553
6441,-5.792871475219727,0.13542938232421875,
6442,-5.979242324829102,0.05615091323852539,
6443,-5.745182991027832,0.05678534507751465,
6444,-5.522939205169678,0.05732917785644531,
6445,-5.720767498016357,0.05731606483459473,
6446,-5.822697639465332,0.05764031410217285,
6447,-5.856557846069336,0.05617928504943848,
6448,-5.687381744384766,0.057357072830200195,
6449,-5.7534894943237305,0.05764126777648926,
6450,-5.893698692321777,0.05589175224304199,-0.8430963158607483
6451,-5.7426629066467285,0.13293981552124023,
6452,-5.782680511474609,0.057265520095825195,
6453,-5.792100429534912,0.05620741844177246,
6454,-5.953500747680664,0.05707144737243652,
6455,-5.696961402893066,0.05718088150024414,
6456,-5.635800361633301,0.05544471740722656,
6457,-5.928863525390625,0.056038856506347656,
6458,-5.940289497375488,0.057654619216918945,
6459,-5.730429649353027,0.05576157569885254,
6460,-5.821318626403809,0.05894589424133301,-0.8467826843261719
6461,-5.994682788848877,0.26416659355163574,
6462,-5.883378505706787,0.056226491928100586,
6463,-5.9535393714904785,0.055913686752319336,
6464,-5.909246921539307,0.05683445930480957,
6465,-5.912879943847656,0.05633044242858887,
6466,-5.8300580978393555,0.056877851486206055,
6467,-5.810926914215088,0.0552363395690918,
6468,-5.995711326599121,0.05498003959655762,
6469,-5.8335490226745605,0.054770708084106445,
6470,-5.9552412033081055,0.055295467376708984,-0.7908149361610413
6471,-5.838163375854492,0.13053178787231445,
6472,-5.804214000701904,0.056130409240722656,
6473,-5.913550853729248,0.05791187286376953,
6474,-5.963351726531982,0.05582308769226074,
6475,-5.837986946105957,0.05658841133117676,
6476,-5.933101654052734,0.056676626205444336,
6477,-5.668910026550293,0.05613899230957031,
6478,-5.852109432220459,0.05640578269958496,
6479,-5.821000099182129,0.05826568603515625,
6480,-5.85872745513916,0.05607175827026367,-0.8525537252426147
6481,-6.006011962890625,0.12759900093078613,
6482,-5.745916366577148,0.056316375732421875,
6483,-5.868358612060547,0.056275367736816406,
6484,-5.908314228057861,0.05713820457458496,
6485,-5.803306579589844,0.0561366081237793,
6486,-6.0070271492004395,0.055762529373168945,
6487,-6.028799057006836,0.056466102600097656,
6488,-5.902652740478516,0.05562543869018555,
6489,-5.866278648376465,0.056359291076660156,
6490,-5.854655742645264,0.05643773078918457,-0.8957524299621582
6491,-5.968903064727783,0.13114285469055176,
6492,-6.0515289306640625,0.058081865310668945,
6493,-6.034786224365234,0.056555747985839844,
6494,-5.93751335144043,0.05640912055969238,
6495,-5.901583671569824,0.05732226371765137,
6496,-6.127748489379883,0.05646157264709473,
6497,-6.04607629776001,0.05602216720581055,
6498,-5.916733741760254,0.05767226219177246,
6499,-5.989226341247559,0.05808520317077637,
6500,-5.9511637687683105,0.056154727935791016,-0.8833306431770325
6501,-5.974785804748535,0.13026905059814453,
6502,-5.904861927032471,0.05719709396362305,
6503,-5.981046676635742,0.05572080612182617,
6504,-6.059695720672607,0.05615806579589844,
6505,-6.053191184997559,0.05770111083984375,
6506,-5.75600528717041,0.05744314193725586,
6507,-5.810508728027344,0.05614805221557617,
6508,-5.801644802093506,0.056601524353027344,
6509,-5.8188982009887695,0.055474042892456055,
6510,-5.754806995391846,0.055129289627075195,-0.8817458152770996
6511,-5.745617389678955,0.1294255256652832,
6512,-5.902225494384766,0.05513310432434082,
6513,-5.989398956298828,0.05760502815246582,
6514,-5.9513115882873535,0.058409690856933594,
6515,-5.825930118560791,0.055953025817871094,
6516,-6.003372669219971,0.05611777305603027,
6517,-5.946191310882568,0.056925058364868164,
6518,-5.9050822257995605,0.05596613883972168,
6519,-5.8953447341918945,0.05663037300109863,
6520,-5.8238115310668945,0.05634021759033203,-0.9622131586074829
6521,-5.936864376068115,0.1346595287322998,
6522,-5.872851371765137,0.05662822723388672,
6523,-5.9296770095825195,0.05795717239379883,
6524,-5.85738468170166,0.05644559860229492,
6525,-5.906732082366943,0.05715775489807129,
6526,-5.857385635375977,0.05758929252624512,
6527,-5.7620744705200195,0.05845308303833008,
6528,-5.8926496505737305,0.05599188804626465,
6529,-5.885834693908691,0.05631566047668457,
6530,-5.896349906921387,0.05712270736694336,-0.8404337763786316
6531,-5.998235702514648,0.13521456718444824,
6532,-5.906076431274414,0.05618906021118164,
6533,-5.87935733795166,0.05812358856201172,
6534,-5.996492385864258,0.05694842338562012,
6535,-5.972295761108398,0.05605030059814453,
6536,-5.652471542358398,0.0570371150970459,
6537,-5.831064224243164,0.0572209358215332,
6538,-5.835092544555664,0.0557246208190918,
6539,-5.925250053405762,0.05633425712585449,
6540,-5.954354763031006,0.05675101280212402,-0.9337233304977417
6541,-6.108916759490967,0.1289660930633545,
6542,-5.950967311859131,0.05661916732788086,
6543,-5.988758563995361,0.05594134330749512,
6544,-5.940552711486816,0.0567927360534668,
6545,-5.874050140380859,0.059020280838012695,
6546,-5.867372512817383,0.05651450157165527,
6547,-5.924490451812744,0.05511784553527832,
6548,-5.859899520874023,0.055849552154541016,
6549,-5.94107723236084,0.057013750076293945,
6550,-5.829893112182617,0.05654096603393555,-0.9381861090660095
6551,-5.872028350830078,0.13272786140441895,
6552,-5.906578063964844,0.0569005012512207,
6553,-5.996284484863281,0.05616164207458496,
6554,-5.937375068664551,0.056331634521484375,
6555,-5.841457843780518,0.05743980407714844,
6556,-6.028311729431152,0.05590391159057617,
6557,-5.823540687561035,0.057410240173339844,
6558,-6.070237159729004,0.05718064308166504,
6559,-5.966752529144287,0.056260108947753906,
6560,-5.966161727905273,0.05649924278259277,-0.8155199885368347
6561,-6.081822395324707,0.1360774040222168,
6562,-5.607789993286133,0.05863380432128906,
6563,-5.820305347442627,0.05556201934814453,
6564,-5.925015449523926,0.055295705795288086,
6565,-5.794702529907227,0.05732870101928711,
6566,-5.837192535400391,0.05596160888671875,
6567,-5.814143180847168,0.0559847354888916,
6568,-5.9244232177734375,0.05683183670043945,
6569,-5.954034805297852,0.05616497993469238,
6570,-6.003609657287598,0.05750417709350586,-0.8295421600341797
6571,-5.868377685546875,0.1356806755065918,
6572,-5.855399131774902,0.055844783782958984,
6573,-5.879977703094482,0.05670952796936035,
6574,-5.818626403808594,0.056563615798950195,
6575,-5.783733367919922,0.05537724494934082,
6576,-5.921442031860352,0.057146310806274414,
6577,-6.012373924255371,0.05681467056274414,
6578,-5.827465057373047,0.05611681938171387,
6579,-5.827500820159912,0.05682635307312012,
6580,-5.777849197387695,0.056752681732177734,-0.8472888469696045
6581,-5.776432037353516,0.269331693649292,
6582,-5.776411533355713,0.05587029457092285,
6583,-5.909809112548828,0.057492733001708984,
6584,-5.840188980102539,0.05550575256347656,
6585,-5.826564311981201,0.05667400360107422,
6586,-5.8942131996154785,0.05512666702270508,
6587,-5.95692253112793,0.05554461479187012,
6588,-5.893800258636475,0.05588698387145996,
6589,-5.981449127197266,0.05543851852416992,
6590,-5.886335372924805,0.055327415466308594,-0.7594518661499023
6591,-5.736573696136475,0.13095760345458984,
6592,-5.819591522216797,0.056463003158569336,
6593,-5.873333930969238,0.057203054428100586,
6594,-5.866645812988281,0.05669879913330078,
6595,-5.866560935974121,0.05573844909667969,
6596,-5.9864654541015625,0.05597734451293945,
6597,-6.078069686889648,0.05616259574890137,
6598,-5.994989395141602,0.055858612060546875,
6599,-5.777641773223877,0.056717634201049805,
6600,-5.911576271057129,0.05521440505981445,-0.8873538970947266
6601,-5.894347667694092,0.13183379173278809,
6602,-5.899181365966797,0.05785775184631348,
6603,-5.854392051696777,0.058088064193725586,
6604,-5.879571914672852,0.05582022666931152,
6605,-5.897765159606934,0.06001591682434082,
6606,-5.916816234588623,0.057077884674072266,
6607,-5.7825798988342285,0.05755448341369629,
6608,-5.85236930847168,0.05713844299316406,
6609,-5.982457160949707,0.05644512176513672,
6610,-5.825605392456055,0.057784080505371094,-0.8717592358589172
6611,-5.896537780761719,0.13156485557556152,
6612,-5.83458137512207,0.05680656433105469,
6613,-5.844117164611816,0.05671048164367676,
6614,-5.867799282073975,0.056716203689575195,
6615,-5.92202091217041,0.05635190010070801,
6616,-5.683725357055664,0.055823326110839844,
6617,-5.70908260345459,0.05867576599121094,
6618,-5.814046859741211,0.0561833381652832,
6619,-6.000709533691406,0.056259870529174805,
6620,-6.050090312957764,0.057662010192871094,-0.7903245687484741
6621,-5.920523643493652,0.12920737266540527,
6622,-5.794236183166504,0.05680394172668457,
6623,-5.87839412689209,0.05746150016784668,
6624,-5.953208923339844,0.057858943939208984,
6625,-5.960032939910889,0.05689191818237305,
6626,-5.961990833282471,0.05718398094177246,
6627,-6.025996208190918,0.057837724685668945,
6628,-5.833534240722656,0.05677223205566406,
6629,-5.8363938331604,0.05589890480041504,
6630,-5.99959659576416,0.05837535858154297,-0.9289841055870056
6631,-5.899621963500977,0.13211774826049805,
6632,-6.137650489807129,0.05644035339355469,
6633,-5.745201110839844,0.0566251277923584,
6634,-5.872311592102051,0.05606985092163086,
6635,-6.010283470153809,0.05655217170715332,
6636,-5.858891010284424,0.058776140213012695,
6637,-5.811335563659668,0.0576932430267334,
6638,-5.83821439743042,0.0564417839050293,
6639,-5.841885566711426,0.05676674842834473,
6640,-5.866253852844238,0.0585019588470459,-0.8795720934867859
6641,-5.938381195068359,0.1332530975341797,
6642,-5.768223762512207,0.05581808090209961,
6643,-5.996075630187988,0.05810904502868652,
6644,-6.0271315574646,0.05691981315612793,
6645,-5.820260047912598,0.05710124969482422,
6646,-5.750621795654297,0.05638432502746582,
6647,-6.029081344604492,0.05649280548095703,
6648,-5.9359130859375,0.05555891990661621,
6649,-5.797396183013916,0.055304527282714844,
6650,-5.905913352966309,0.05829954147338867,-0.8449584245681763
6651,-6.052708625793457,0.13016963005065918,
6652,-6.0451531410217285,0.056828975677490234,
6653,-6.094810485839844,0.055895328521728516,
6654,-5.911416530609131,0.05601382255554199,
6655,-5.775619983673096,0.05542635917663574,
6656,-6.05601167678833,0.05764627456665039,
6657,-5.9006452560424805,0.0576322078704834,
6658,-5.804607391357422,0.05590081214904785,
6659,-5.902987480163574,0.05728411674499512,
6660,-6.052014350891113,0.05692887306213379,-0.833458662033081
6661,-6.008179187774658,0.12820124626159668,
6662,-6.07778263092041,0.05759596824645996,
6663,-6.153586387634277,0.05611467361450195,
6664,-5.942344665527344,0.05651092529296875,
6665,-6.023521900177002,0.05792498588562012,
6666,-5.876694202423096,0.05585074424743652,
6667,-5.981663703918457,0.056600093841552734,
6668,-6.064367771148682,0.05810999870300293,
6669,-5.993558406829834,0.05756711959838867,
6670,-5.91306209564209,0.05644679069519043,-0.9217440485954285
6671,-5.8502349853515625,0.136552095413208,
6672,-6.125126838684082,0.05791902542114258,
6673,-6.113526821136475,0.05643320083618164,
6674,-5.942847728729248,0.05575108528137207,
6675,-5.9593610763549805,0.05736660957336426,
6676,-6.072751045227051,0.057752370834350586,
6677,-5.989742755889893,0.05624651908874512,
6678,-5.895130157470703,0.057311296463012695,
6679,-6.03217077255249,0.05666375160217285,
6680,-6.057252883911133,0.05572962760925293,-0.8549352288246155
6681,-6.003497123718262,0.13273978233337402,
6682,-6.135409355163574,0.05673789978027344,
6683,-5.956314563751221,0.056023359298706055,
6684,-5.924071788787842,0.05782365798950195,
6685,-5.911057949066162,0.05812716484069824,
6686,-5.99131965637207,0.05617570877075195,
6687,-5.998619079589844,0.05533027648925781,
6688,-5.913812160491943,0.05602121353149414,
6689,-6.000130653381348,0.05586528778076172,
6690,-5.793303489685059,0.057300567626953125,-0.8627437949180603
6691,-6.016633033752441,0.12896013259887695,
6692,-5.865897178649902,0.0566401481628418,
6693,-6.027256011962891,0.0577692985534668,
6694,-6.007404327392578,0.05555105209350586,
6695,-5.953915119171143,0.05613231658935547,
6696,-5.920961380004883,0.056874752044677734,
6697,-5.830987930297852,0.05542802810668945,
6698,-5.995410919189453,0.05660414695739746,
6699,-5.836160659790039,0.05648350715637207,
6700,-5.9375152587890625,0.057054758071899414,-0.7897476553916931
6701,-5.980355262756348,0.13132786750793457,
6702,-5.948915004730225,0.05648088455200195,
6703,-5.957152843475342,0.05679059028625488,
6704,-5.97362756729126,0.05786728858947754,
6705,-5.930736541748047,0.05744290351867676,
6706,-5.941386699676514,0.05614805221557617,
6707,-5.886198997497559,0.05729842185974121,
6708,-5.876443862915039,0.05748152732849121,
6709,-5.924602508544922,0.05699563026428223,
6710,-5.947009563446045,0.05612349510192871,-0.7507381439208984
6711,-5.955883979797363,0.26743650436401367,
6712,-6.032340049743652,0.0557551383972168,
6713,-5.7367730140686035,0.05676531791687012,
6714,-5.852568626403809,0.05627775192260742,
6715,-5.982125282287598,0.056227922439575195,
6716,-5.845142841339111,0.05697989463806152,
6717,-6.1207780838012695,0.05546855926513672,
6718,-5.843668460845947,0.0555872917175293,
6719,-5.7762556076049805,0.05707836151123047,
6720,-5.66675329208374,0.0580141544342041,-0.8257546424865723
6721,-5.862775802612305,0.13488364219665527,
6722,-5.872588634490967,0.05686497688293457,
6723,-5.846616744995117,0.05643892288208008,
6724,-5.649355888366699,0.05679464340209961,
6725,-5.878774642944336,0.05744814872741699,
6726,-6.02855920791626,0.056884050369262695,
6727,-5.999034881591797,0.0570375919342041,
6728,-5.825249671936035,0.05764889717102051,
6729,-5.988965034484863,0.05653643608093262,
6730,-5.868210792541504,0.05823945999145508,-0.8374717235565186
6731,-5.949673175811768,0.1304636001586914,
6732,-5.987700462341309,0.05634188652038574,
6733,-5.98976469039917,0.0585935115814209,
6734,-5.95573616027832,0.05630803108215332,
6735,-5.980323314666748,0.05628561973571777,
6736,-6.054919242858887,0.05676674842834473,
6737,-6.026611328125,0.055730342864990234,
6738,-5.987580299377441,0.055940866470336914,
6739,-6.007274627685547,0.0567777156829834,
6740,-6.032715797424316,0.057137489318847656,-0.8292371034622192
6741,-5.83487606048584,0.13239049911499023,
6742,-5.705857276916504,0.056752681732177734,
6743,-5.739654541015625,0.058035850524902344,
6744,-5.862970352172852,0.056464195251464844,
6745,-6.041934013366699,0.05703425407409668,
6746,-5.69624137878418,0.058649539947509766,
6747,-5.694265365600586,0.05690193176269531,
6748,-5.814740180969238,0.05669093132019043,
6749,-5.8888630867004395,0.056580305099487305,
6750,-5.960783004760742,0.0555720329284668,-0.8659418821334839
6751,-5.881015777587891,0.13371539115905762,
6752,-5.828158378601074,0.056807756423950195,
6753,-5.7859601974487305,0.05800604820251465,
6754,-5.983057022094727,0.056781768798828125,
6755,-5.8243794441223145,0.05553913116455078,
6756,-5.943637847900391,0.05733776092529297,
6757,-5.9982147216796875,0.055493831634521484,
6758,-5.906680107116699,0.05735588073730469,
6759,-5.891889572143555,0.056636810302734375,
6760,-5.7710957527160645,0.05592775344848633,-0.9048935174942017
6761,-6.082918167114258,0.13220691680908203,
6762,-5.654905319213867,0.05714154243469238,
6763,-5.637556076049805,0.056134939193725586,
6764,-5.66310977935791,0.0560152530670166,
6765,-5.944022178649902,0.05725216865539551,
6766,-5.904529571533203,0.05968356132507324,
6767,-5.857390403747559,0.05763411521911621,
6768,-5.7770256996154785,0.05677318572998047,
6769,-5.729531764984131,0.056482553482055664,
6770,-5.693985939025879,0.05600094795227051,-0.8400176763534546
6771,-5.612441539764404,0.12958168983459473,
6772,-5.7564873695373535,0.05799698829650879,
6773,-5.813575744628906,0.05643033981323242,
6774,-5.64764928817749,0.056145429611206055,
6775,-5.76055383682251,0.057326555252075195,
6776,-5.851035118103027,0.057860612869262695,
6777,-5.869289398193359,0.05684924125671387,
6778,-5.713781356811523,0.05726504325866699,
6779,-5.914401054382324,0.056960344314575195,
6780,-5.971176624298096,0.05645561218261719,-0.7684687972068787
6781,-5.628424644470215,0.13019728660583496,
6782,-5.648899555206299,0.056197404861450195,
6783,-5.7057785987854,0.05602765083312988,
6784,-5.9503326416015625,0.05749058723449707,
6785,-5.714517116546631,0.05592179298400879,
6786,-5.713776111602783,0.0565793514251709,
6787,-5.705967426300049,0.05713462829589844,
6788,-5.897729873657227,0.05643296241760254,
6789,-5.97871732711792,0.05591559410095215,
6790,-5.971498489379883,0.058531761169433594,-0.8582448959350586
6791,-6.07309627532959,0.1291651725769043,
6792,-5.93801212310791,0.056365251541137695,
6793,-5.930366516113281,0.05788111686706543,
6794,-5.800206184387207,0.05680203437805176,
6795,-5.943229675292969,0.056427717208862305,
6796,-6.109612464904785,0.057067155838012695,
6797,-6.115911483764648,0.05662393569946289,
6798,-5.918120861053467,0.055815935134887695,
6799,-5.98935079574585,0.05740523338317871,
6800,-5.716079235076904,0.05601835250854492,-0.8528326749801636
6801,-5.728947162628174,0.12964701652526855,
6802,-5.8634490966796875,0.057711124420166016,
6803,-6.095560073852539,0.056714773178100586,
6804,-5.911285400390625,0.056766510009765625,
6805,-5.73244571685791,0.0564272403717041,
6806,-5.9659318923950195,0.05630636215209961,
6807,-5.997686862945557,0.05647420883178711,
6808,-5.839776039123535,0.05622458457946777,
6809,-5.876629829406738,0.05617475509643555,
6810,-6.048835754394531,0.057758331298828125,-0.8799335956573486
6811,-5.938144683837891,0.12984204292297363,
6812,-5.856245994567871,0.05697441101074219,
6813,-5.860857009887695,0.05713987350463867,
6814,-5.871809005737305,0.05786919593811035,
6815,-5.759638786315918,0.05644083023071289,
6816,-5.917030334472656,0.05742239952087402,
6817,-5.859448432922363,0.056604623794555664,
6818,-5.7221479415893555,0.05585789680480957,
6819,-5.808006286621094,0.05612039566040039,
6820,-5.803398609161377,0.058608055114746094,-0.8030586242675781
6821,-5.835890769958496,0.13011860847473145,
6822,-5.832666397094727,0.05663108825683594,
6823,-5.94302225112915,0.056279897689819336,
6824,-5.795004844665527,0.05540823936462402,
6825,-5.889439582824707,0.05731511116027832,
6826,-5.878419399261475,0.05674004554748535,
6827,-5.703191757202148,0.05594944953918457,
6828,-5.823904037475586,0.057657718658447266,
6829,-5.845245838165283,0.05701303482055664,
6830,-5.965605735778809,0.05681467056274414,-0.8708728551864624
6831,-5.879524230957031,0.2749631404876709,
6832,-5.983591079711914,0.05676460266113281,
6833,-5.866717338562012,0.05628085136413574,
6834,-6.042661666870117,0.05605173110961914,
6835,-5.8683624267578125,0.05599498748779297,
6836,-5.808802127838135,0.05705547332763672,
6837,-5.68605899810791,0.05565667152404785,
6838,-5.972842216491699,0.056052446365356445,
6839,-6.014960289001465,0.05593466758728027,
6840,-5.667668342590332,0.05585432052612305,-0.7385506629943848
6841,-5.795588493347168,0.13323497772216797,
6842,-5.9421563148498535,0.057283639907836914,
6843,-5.8968610763549805,0.05643486976623535,
6844,-5.684816360473633,0.05666971206665039,
6845,-5.7751007080078125,0.05737781524658203,
6846,-5.9897966384887695,0.05667877197265625,
6847,-5.9656829833984375,0.05620312690734863,
6848,-5.9240803718566895,0.05898427963256836,
6849,-5.961928367614746,0.05598616600036621,
6850,-6.162110328674316,0.0556035041809082,-0.8570859432220459
6851,-6.0342302322387695,0.13125395774841309,
6852,-5.946109771728516,0.05549907684326172,
6853,-5.996894836425781,0.0561981201171875,
6854,-5.988370418548584,0.057088613510131836,
6855,-5.932730197906494,0.057875871658325195,
6856,-5.933295726776123,0.056260108947753906,
6857,-5.942829132080078,0.057854652404785156,
6858,-5.886518478393555,0.056998252868652344,
6859,-6.067472457885742,0.05599403381347656,
6860,-5.897855281829834,0.056977033615112305,-0.7684500813484192
6861,-6.183083534240723,0.13428187370300293,
6862,-6.019338607788086,0.05572056770324707,
6863,-5.738409519195557,0.05526089668273926,
6864,-5.776979446411133,0.0568850040435791,
6865,-5.959847450256348,0.05588555335998535,
6866,-5.971522808074951,0.05668139457702637,
6867,-5.961956977844238,0.05643725395202637,
6868,-5.9228620529174805,0.05805158615112305,
6869,-5.904565334320068,0.056267499923706055,
6870,-6.0996994972229,0.05655360221862793,-0.8440878391265869
6871,-5.981701374053955,0.13231849670410156,
6872,-5.949122428894043,0.055899620056152344,
6873,-6.169232368469238,0.05693674087524414,
6874,-6.072246551513672,0.05651450157165527,
6875,-5.891672134399414,0.05581927299499512,
6876,-5.900169372558594,0.056139230728149414,
6877,-6.016787052154541,0.0553889274597168,
6878,-5.883880138397217,0.05635666847229004,
6879,-5.9408040046691895,0.057158708572387695,
6880,-5.878133773803711,0.056494951248168945,-0.8197886347770691
6881,-5.93289041519165,0.13155031204223633,
6882,-6.088834762573242,0.05820512771606445,
6883,-5.831162452697754,0.05683422088623047,
6884,-5.880465030670166,0.056295156478881836,
6885,-5.970719337463379,0.05706453323364258,
6886,-6.081911087036133,0.05556488037109375,
6887,-5.914205551147461,0.05651211738586426,
6888,-5.946835517883301,0.05855298042297363,
6889,-5.76206111907959,0.05763435363769531,
6890,-5.892101287841797,0.05633997917175293,-0.845757007598877
6891,-6.065378665924072,0.1326744556427002,
6892,-5.891541004180908,0.05601787567138672,
6893,-5.873685836791992,0.05533885955810547,
6894,-5.978216171264648,0.05782437324523926,
6895,-5.947626113891602,0.057428836822509766,
6896,-5.860814094543457,0.058912038803100586,
6897,-5.949246406555176,0.05640912055969238,
6898,-5.8504414558410645,0.057137489318847656,
6899,-5.957000255584717,0.058233022689819336,
6900,-5.90115213394165,0.05658602714538574,-0.8455479741096497
6901,-5.977521896362305,0.13001275062561035,
6902,-6.045248031616211,0.05807232856750488,
6903,-5.931888580322266,0.056015968322753906,
6904,-6.068739891052246,0.0559239387512207,
6905,-5.9181108474731445,0.059085845947265625,
6906,-6.037951469421387,0.05590105056762695,
6907,-5.777523517608643,0.05562329292297363,
6908,-5.855048179626465,0.05807805061340332,
6909,-5.92507791519165,0.05629682540893555,
6910,-5.802917957305908,0.05673956871032715,-0.7763179540634155
6911,-5.888829231262207,0.13074707984924316,
6912,-5.7883734703063965,0.05713009834289551,
6913,-5.773470878601074,0.05683636665344238,
6914,-5.657807350158691,0.05768132209777832,
6915,-5.8960700035095215,0.05676388740539551,
6916,-5.728061676025391,0.05686807632446289,
6917,-5.723465442657471,0.0573124885559082,
6918,-5.8372673988342285,0.05720996856689453,
6919,-6.014206409454346,0.05616569519042969,
6920,-5.922463417053223,0.05604219436645508,-0.8320037126541138
6921,-5.88191032409668,0.13500404357910156,
6922,-5.83933162689209,0.05798912048339844,
6923,-5.862113952636719,0.05714535713195801,
6924,-5.932255744934082,0.05684971809387207,
6925,-5.830007553100586,0.056873321533203125,
6926,-5.930355072021484,0.05638694763183594,
6927,-6.096010208129883,0.056121110916137695,
6928,-6.057461738586426,0.05723118782043457,
6929,-5.976659774780273,0.056587934494018555,
6930,-5.8487958908081055,0.056475162506103516,-0.7386552095413208
6931,-5.8555779457092285,0.132615327835083,
6932,-5.799708366394043,0.05623936653137207,
6933,-5.875058650970459,0.05687522888183594,
6934,-5.970704078674316,0.0581052303314209,
6935,-5.814857006072998,0.05721545219421387,
6936,-5.999177932739258,0.05585002899169922,
6937,-5.8376054763793945,0.0551300048828125,
6938,-5.827132225036621,0.05879998207092285,
6939,-5.779519081115723,0.056473731994628906,
6940,-5.873218536376953,0.055831193923950195,-0.8449581265449524
6941,-6.0199174880981445,0.13002514839172363,
6942,-5.987990379333496,0.0566258430480957,
6943,-5.870541095733643,0.05598759651184082,
6944,-5.6707763671875,0.057158708572387695,
6945,-5.768806457519531,0.05594205856323242,
6946,-5.9878129959106445,0.05638456344604492,
6947,-5.80580472946167,0.0576174259185791,
6948,-5.768459320068359,0.05602121353149414,
6949,-5.787458419799805,0.05662822723388672,
6950,-5.912182807922363,0.05662226676940918,-0.7851847410202026
6951,-6.061783313751221,0.2696647644042969,
6952,-5.853470802307129,0.05735898017883301,
6953,-5.918440818786621,0.05654716491699219,
6954,-5.942273139953613,0.05705761909484863,
6955,-5.688491344451904,0.0558011531829834,
6956,-5.628548622131348,0.057084083557128906,
6957,-5.675533294677734,0.05621218681335449,
6958,-5.645975589752197,0.05564689636230469,
6959,-5.777124881744385,0.056210994720458984,
6960,-5.948278903961182,0.0575871467590332,-0.9128748774528503
6961,-5.746886730194092,0.1304013729095459,
6962,-5.741077423095703,0.055771827697753906,
6963,-5.720369815826416,0.05437445640563965,
6964,-5.785678863525391,0.05616021156311035,
6965,-5.7954583168029785,0.057907819747924805,
6966,-5.927506446838379,0.05608248710632324,
6967,-5.929177284240723,0.05674266815185547,
6968,-5.710683822631836,0.057141780853271484,
6969,-5.863259792327881,0.05582880973815918,
6970,-5.8640265464782715,0.056352853775024414,-0.8914675712585449
6971,-6.015091419219971,0.13395404815673828,
6972,-5.8677754402160645,0.05577397346496582,
6973,-6.168313980102539,0.05687427520751953,
6974,-6.135133266448975,0.057678937911987305,
6975,-6.04900598526001,0.05629587173461914,
6976,-5.931822776794434,0.05626654624938965,
6977,-5.961357116699219,0.056990623474121094,
6978,-5.940737247467041,0.056363582611083984,
6979,-5.849843502044678,0.05616950988769531,
6980,-5.716405868530273,0.05686688423156738,-0.7227147817611694
6981,-5.817569732666016,0.13143134117126465,
6982,-5.835915565490723,0.05698585510253906,
6983,-5.695779800415039,0.05808281898498535,
6984,-5.692979335784912,0.057897329330444336,
6985,-5.959689140319824,0.0568232536315918,
6986,-5.781345367431641,0.05669426918029785,
6987,-5.875837326049805,0.05782961845397949,
6988,-5.768739700317383,0.05667757987976074,
6989,-6.044759750366211,0.055922508239746094,
6990,-6.027736663818359,0.05679059028625488,-0.7806804776191711
6991,-5.842453956604004,0.13032102584838867,
6992,-5.728756904602051,0.05781149864196777,
6993,-5.8592047691345215,0.05771899223327637,
6994,-5.898338794708252,0.05652451515197754,
6995,-5.877475738525391,0.05641984939575195,
6996,-5.827280044555664,0.056812286376953125,
6997,-5.972381591796875,0.05620312690734863,
6998,-5.967266082763672,0.0577082633972168,
6999,-5.819720268249512,0.057486772537231445,
7000,-5.858087539672852,0.057053565979003906,-0.7687873244285583
7001,-6.031472206115723,0.13248014450073242,
7002,-6.065847873687744,0.05831408500671387,
7003,-5.901908874511719,0.055745601654052734,
7004,-5.739967346191406,0.0549168586730957,
7005,-5.825418949127197,0.05666518211364746,
7006,-5.96455192565918,0.05636405944824219,
7007,-5.933177947998047,0.05634021759033203,
7008,-5.894948959350586,0.05742788314819336,
7009,-5.941188812255859,0.05568838119506836,
7010,-5.7568583488464355,0.0558011531829834,-0.8996222019195557
7011,-5.868995666503906,0.12720131874084473,
7012,-5.8797760009765625,0.057501792907714844,
7013,-6.135365962982178,0.057946205139160156,
7014,-6.007623672485352,0.05649757385253906,
7015,-5.994049072265625,0.0558168888092041,
7016,-6.090090751647949,0.05772042274475098,
7017,-5.9018120765686035,0.05771803855895996,
7018,-5.826932907104492,0.05580639839172363,
7019,-5.807453632354736,0.05633544921875,
7020,-5.855213165283203,0.05809926986694336,-0.7762327194213867
7021,-5.8665313720703125,0.13086175918579102,
7022,-5.783481597900391,0.05695509910583496,
7023,-5.787263870239258,0.05764436721801758,
7024,-5.777592182159424,0.05664825439453125,
7025,-5.95095682144165,0.05752062797546387,
7026,-5.8906121253967285,0.05772686004638672,
7027,-5.787649154663086,0.056659698486328125,
7028,-5.777289390563965,0.056691884994506836,
7029,-5.874853134155273,0.05740070343017578,
7030,-5.873769283294678,0.05689525604248047,-0.7728126049041748
7031,-5.789020538330078,0.13004302978515625,
7032,-5.923236846923828,0.057875871658325195,
7033,-6.136463165283203,0.05713224411010742,
7034,-6.090346336364746,0.05656266212463379,
7035,-6.0751495361328125,0.05732989311218262,
7036,-6.063777923583984,0.05593299865722656,
7037,-5.9125213623046875,0.05656576156616211,
7038,-5.9728851318359375,0.057875871658325195,
7039,-5.888368129730225,0.057088375091552734,
7040,-6.002666473388672,0.056020259857177734,-0.8123994469642639
7041,-5.951323986053467,0.13380932807922363,
7042,-5.971451759338379,0.056696414947509766,
7043,-6.06510591506958,0.05618143081665039,
7044,-6.113104820251465,0.05533337593078613,
7045,-5.928470611572266,0.05640769004821777,
7046,-5.954593658447266,0.05525779724121094,
7047,-5.9470062255859375,0.05573081970214844,
7048,-5.825966835021973,0.0575716495513916,
7049,-5.885210037231445,0.0567319393157959,
7050,-5.948779106140137,0.05676150321960449,-0.8107014894485474
7051,-6.046647071838379,0.1305396556854248,
7052,-5.690927505493164,0.05602240562438965,
7053,-5.893119812011719,0.0549321174621582,
7054,-5.859282970428467,0.05724740028381348,
7055,-6.026071071624756,0.055335044860839844,
7056,-5.928008079528809,0.056340694427490234,
7057,-5.85502290725708,0.057770490646362305,
7058,-5.8344831466674805,0.0557405948638916,
7059,-5.807229995727539,0.056156158447265625,
7060,-5.740006446838379,0.05638384819030762,-0.8303256630897522
7061,-5.784915447235107,0.1293506622314453,
7062,-5.97518253326416,0.05860590934753418,
7063,-5.665208339691162,0.057314157485961914,
7064,-5.842446327209473,0.05767011642456055,
7065,-5.955686569213867,0.05591249465942383,
7066,-5.925577163696289,0.05652213096618652,
7067,-5.717220783233643,0.05572223663330078,
7068,-5.921934127807617,0.05716657638549805,
7069,-5.82584285736084,0.05731844902038574,
7070,-6.082179069519043,0.05646324157714844,-0.7803390026092529
7071,-5.991713047027588,0.12984061241149902,
7072,-6.022791862487793,0.05824589729309082,
7073,-5.9309258460998535,0.055696964263916016,
7074,-6.042364597320557,0.05716252326965332,
7075,-6.082585334777832,0.05804109573364258,
7076,-5.949153900146484,0.057001352310180664,
7077,-6.018948554992676,0.055969953536987305,
7078,-5.885270118713379,0.05737018585205078,
7079,-5.95608377456665,0.05617356300354004,
7080,-6.033516883850098,0.05564236640930176,-0.8110225200653076
7081,-5.953705787658691,0.2688932418823242,
7082,-6.343916893005371,0.05612778663635254,
7083,-6.156989097595215,0.05835890769958496,
7084,-6.052947998046875,0.0583188533782959,
7085,-6.024589538574219,0.05594325065612793,
7086,-6.091586589813232,0.05667877197265625,
7087,-5.999013900756836,0.057587385177612305,
7088,-6.041934013366699,0.056740760803222656,
7089,-6.137984275817871,0.05673408508300781,
7090,-6.113079071044922,0.05570387840270996,-0.8203738927841187
7091,-6.006628036499023,0.1286635398864746,
7092,-6.0267839431762695,0.05691981315612793,
7093,-5.938755989074707,0.05852484703063965,
7094,-6.017003059387207,0.05811810493469238,
7095,-5.855117321014404,0.05755043029785156,
7096,-5.92145299911499,0.05680513381958008,
7097,-5.815218925476074,0.05562186241149902,
7098,-5.932210445404053,0.05651402473449707,
7099,-5.938559532165527,0.05745744705200195,
7100,-5.914765357971191,0.05568552017211914,-0.905022144317627
7101,-6.000657081604004,0.12963438034057617,
7102,-5.8531646728515625,0.056127071380615234,
7103,-5.957250118255615,0.05749320983886719,
7104,-5.98013162612915,0.05693364143371582,
7105,-5.830870151519775,0.05550050735473633,
7106,-5.717346668243408,0.056842803955078125,
7107,-5.788958549499512,0.05629563331604004,
7108,-5.854413986206055,0.05532646179199219,
7109,-5.815605640411377,0.05776619911193848,
7110,-6.0066938400268555,0.05757403373718262,-0.831605851650238
7111,-6.059956073760986,0.13068604469299316,
7112,-5.999650001525879,0.05741548538208008,
7113,-5.859214782714844,0.05592942237854004,
7114,-5.780920505523682,0.05652260780334473,
7115,-5.918838024139404,0.05703854560852051,
7116,-5.792425155639648,0.057497501373291016,
7117,-5.69423770904541,0.05631232261657715,
7118,-6.069128036499023,0.05767202377319336,
7119,-6.003604888916016,0.05655956268310547,
7120,-5.757501602172852,0.0565183162689209,-0.6842173933982849
7121,-5.842160224914551,0.1337599754333496,
7122,-6.013371467590332,0.05696249008178711,
7123,-6.059750080108643,0.05704379081726074,
7124,-6.079098701477051,0.05819082260131836,
7125,-6.035983085632324,0.057140350341796875,
7126,-5.993903160095215,0.05679607391357422,
7127,-5.958173751831055,0.05652785301208496,
7128,-6.115911483764648,0.055518150329589844,
7129,-5.908222198486328,0.054450273513793945,
7130,-6.079629898071289,0.05776357650756836,-0.8024210929870605
7131,-5.8667497634887695,0.12536144256591797,
7132,-5.973594665527344,0.05597186088562012,
7133,-5.939046859741211,0.055191993713378906,
7134,-5.8652849197387695,0.056571245193481445,
7135,-5.9910688400268555,0.058336496353149414,
7136,-6.073156356811523,0.0564267635345459,
7137,-6.037639141082764,0.05681014060974121,
7138,-6.0045390129089355,0.0574183464050293,
7139,-5.978216171264648,0.05608963966369629,
7140,-6.093688011169434,0.05594325065612793,-0.7714542746543884
7141,-5.940486431121826,0.13189029693603516,
7142,-6.156774520874023,0.0557405948638916,
7143,-5.94954776763916,0.05682516098022461,
7144,-6.121952056884766,0.05887126922607422,
7145,-6.094274997711182,0.056847333908081055,
7146,-5.901830673217773,0.0557405948638916,
7147,-5.847503185272217,0.05826091766357422,
7148,-5.900784015655518,0.058125972747802734,
7149,-6.052489757537842,0.05652451515197754,
7150,-6.083243370056152,0.05640840530395508,-0.7579172849655151
7151,-5.870336532592773,0.1330094337463379,
7152,-5.925454616546631,0.05720090866088867,
7153,-5.958372116088867,0.05607938766479492,
7154,-6.00948429107666,0.05781817436218262,
7155,-5.895075798034668,0.056748151779174805,
7156,-5.835750579833984,0.05685091018676758,
7157,-5.843013763427734,0.05618906021118164,
7158,-5.93726921081543,0.056823015213012695,
7159,-6.024316787719727,0.05655217170715332,
7160,-6.119174003601074,0.05626845359802246,-0.8779758214950562
7161,-5.927757263183594,0.13393402099609375,
7162,-5.898369312286377,0.05656266212463379,
7163,-5.936107635498047,0.05656623840332031,
7164,-6.003413677215576,0.0567624568939209,
7165,-6.023282051086426,0.05721926689147949,
7166,-5.884491443634033,0.05575156211853027,
7167,-5.988509178161621,0.057933807373046875,
7168,-5.8992838859558105,0.05742597579956055,
7169,-5.917041301727295,0.055959224700927734,
7170,-5.974920749664307,0.0547027587890625,-0.8238791823387146
7171,-6.045577049255371,0.12686562538146973,
7172,-5.988347053527832,0.056661367416381836,
7173,-5.861532688140869,0.056734323501586914,
7174,-5.878717422485352,0.0564427375793457,
7175,-5.8889570236206055,0.056234121322631836,
7176,-5.957798957824707,0.05885577201843262,
7177,-5.964827537536621,0.057301998138427734,
7178,-5.871946334838867,0.05563950538635254,
7179,-6.093709468841553,0.05632615089416504,
7180,-6.020298004150391,0.05634951591491699,-0.7636613845825195
7181,-6.055157661437988,0.12868547439575195,
7182,-6.013640403747559,0.05664825439453125,
7183,-6.054253101348877,0.05563759803771973,
7184,-6.171678066253662,0.05669832229614258,
7185,-6.156538963317871,0.057761430740356445,
7186,-6.036791801452637,0.05614352226257324,
7187,-6.041276931762695,0.05609560012817383,
7188,-6.103253364562988,0.05788993835449219,
7189,-5.990365028381348,0.057289838790893555,
7190,-5.955905914306641,0.05643892288208008,-0.8165339231491089
7191,-6.15907096862793,0.1301114559173584,
7192,-6.020615100860596,0.05658984184265137,
7193,-6.062961578369141,0.05656790733337402,
7194,-6.0422282218933105,0.056784868240356445,
7195,-5.925167560577393,0.058512210845947266,
7196,-6.219967842102051,0.05519700050354004,
7197,-5.962924480438232,0.05556201934814453,
7198,-5.985151767730713,0.05720090866088867,
7199,-6.025896072387695,0.05764365196228027,
7200,-6.046908378601074,0.055338144302368164,-0.8762949705123901
7201,-5.966947078704834,0.25845956802368164,
7202,-6.180436134338379,0.058141469955444336,
7203,-5.937525272369385,0.05597281455993652,
7204,-5.935086250305176,0.05626177787780762,
7205,-5.933197021484375,0.05720043182373047,
7206,-5.848926544189453,0.05585503578186035,
7207,-6.0503339767456055,0.05677604675292969,
7208,-5.850437164306641,0.05731511116027832,
7209,-6.0710320472717285,0.05621051788330078,
7210,-5.7892656326293945,0.055443763732910156,-0.8035220503807068
7211,-5.94412899017334,0.13340330123901367,
7212,-5.86469030380249,0.05724072456359863,
7213,-5.996525764465332,0.05637097358703613,
7214,-6.017025947570801,0.056897640228271484,
7215,-6.147220134735107,0.056371450424194336,
7216,-6.0116963386535645,0.056122779846191406,
7217,-5.981710910797119,0.057176828384399414,
7218,-6.095522880554199,0.056998491287231445,
7219,-6.278097152709961,0.05637526512145996,
7220,-6.132595062255859,0.056871652603149414,-0.9094825983047485
7221,-6.153501987457275,0.13319778442382812,
7222,-5.956165790557861,0.05537605285644531,
7223,-6.028414726257324,0.05735421180725098,
7224,-6.023636341094971,0.056578636169433594,
7225,-5.930341720581055,0.05628466606140137,
7226,-5.900257110595703,0.05672407150268555,
7227,-5.903983116149902,0.05699276924133301,
7228,-5.802623271942139,0.05613136291503906,
7229,-5.847557067871094,0.057080984115600586,
7230,-5.8800950050354,0.05661821365356445,-0.8849619626998901
7231,-5.946504592895508,0.1352238655090332,
7232,-6.000136852264404,0.05643820762634277,
7233,-5.848921298980713,0.05724477767944336,
7234,-5.964572429656982,0.0574803352355957,
7235,-6.027859210968018,0.05654478073120117,
7236,-5.833230018615723,0.05687594413757324,
7237,-5.815160751342773,0.05709528923034668,
7238,-5.958678245544434,0.05610537528991699,
7239,-6.005021572113037,0.05592799186706543,
7240,-6.0975565910339355,0.058196306228637695,-0.799217700958252
7241,-6.045632362365723,0.13240575790405273,
7242,-6.041154384613037,0.05679607391357422,
7243,-5.905634880065918,0.05679488182067871,
7244,-5.937610626220703,0.05592989921569824,
7245,-5.9079389572143555,0.056212425231933594,
7246,-5.872625827789307,0.05763077735900879,
7247,-5.963000774383545,0.05804634094238281,
7248,-6.083710193634033,0.058806657791137695,
7249,-5.880127906799316,0.05639910697937012,
7250,-5.964232444763184,0.05567646026611328,-0.9409772753715515
7251,-5.952788352966309,0.13521265983581543,
7252,-6.007198333740234,0.05718517303466797,
7253,-6.038541793823242,0.055895090103149414,
7254,-6.159841537475586,0.05778336524963379,
7255,-6.037661552429199,0.057834625244140625,
7256,-5.8961052894592285,0.05576634407043457,
7257,-6.020589828491211,0.05735611915588379,
7258,-5.897244453430176,0.058058977127075195,
7259,-6.128378868103027,0.05628204345703125,
7260,-6.095166206359863,0.057764291763305664,-0.8525577783584595
7261,-6.1555705070495605,0.13338994979858398,
7262,-6.0584821701049805,0.05672144889831543,
7263,-6.082828998565674,0.056021928787231445,
7264,-6.1060791015625,0.05862927436828613,
7265,-5.934825420379639,0.05720257759094238,
7266,-5.925895690917969,0.05679893493652344,
7267,-5.9329118728637695,0.057736873626708984,
7268,-5.878791332244873,0.055991411209106445,
7269,-5.979040622711182,0.055959463119506836,
7270,-5.971035480499268,0.05825638771057129,-0.934001088142395
7271,-5.884617805480957,0.12792038917541504,
7272,-5.914246559143066,0.057282209396362305,
7273,-6.063185691833496,0.05795598030090332,
7274,-5.995047569274902,0.056545257568359375,
7275,-5.785255432128906,0.056388139724731445,
7276,-6.112265586853027,0.055904388427734375,
7277,-5.931338787078857,0.05555868148803711,
7278,-5.674283981323242,0.05709671974182129,
7279,-5.921655178070068,0.057738542556762695,
7280,-5.98153018951416,0.056344032287597656,-0.8945269584655762
7281,-5.907800197601318,0.12973523139953613,
7282,-6.157613754272461,0.05801224708557129,
7283,-5.99809455871582,0.05684685707092285,
7284,-5.962576389312744,0.056102752685546875,
7285,-5.9850969314575195,0.057398080825805664,
7286,-6.066547870635986,0.05777573585510254,
7287,-5.917749404907227,0.05507802963256836,
7288,-5.755042552947998,0.05610156059265137,
7289,-5.966316223144531,0.05674433708190918,
7290,-5.891589164733887,0.054705142974853516,-0.8402228355407715
7291,-6.073985576629639,0.13092899322509766,
7292,-6.020432949066162,0.05691218376159668,
7293,-6.2398362159729,0.055571556091308594,
7294,-6.037388324737549,0.05759310722351074,
7295,-5.944210529327393,0.05629396438598633,
7296,-6.162989616394043,0.057143211364746094,
7297,-6.246255397796631,0.058251142501831055,
7298,-6.144323348999023,0.05546140670776367,
7299,-6.074077129364014,0.05734395980834961,
7300,-6.046597480773926,0.05796194076538086,-0.8217989802360535
7301,-6.0398850440979,0.1316516399383545,
7302,-6.000465393066406,0.05641627311706543,
7303,-5.941929817199707,0.05527448654174805,
7304,-5.906675815582275,0.05705976486206055,
7305,-6.004330635070801,0.05673074722290039,
7306,-6.098963737487793,0.05621838569641113,
7307,-6.070156097412109,0.05682969093322754,
7308,-6.019637107849121,0.05679917335510254,
7309,-5.949936866760254,0.05704188346862793,
7310,-6.029558181762695,0.05664825439453125,-0.8200119733810425
7311,-5.9264750480651855,0.12974262237548828,
7312,-6.000834941864014,0.056032419204711914,
7313,-6.055471420288086,0.05696988105773926,
7314,-6.1018781661987305,0.05658912658691406,
7315,-5.854861259460449,0.05423712730407715,
7316,-5.964302062988281,0.05905342102050781,
7317,-5.877135753631592,0.05696558952331543,
7318,-5.756548881530762,0.056600093841552734,
7319,-6.001830101013184,0.05706048011779785,
7320,-5.994321346282959,0.056344032287597656,-0.8630435466766357
7321,-5.910101890563965,0.26929783821105957,
7322,-5.848700046539307,0.058071136474609375,
7323,-6.033268928527832,0.05823349952697754,
7324,-5.9540605545043945,0.05584573745727539,
7325,-5.926881313323975,0.05639314651489258,
7326,-5.905444145202637,0.058503150939941406,
7327,-5.988236904144287,0.05685257911682129,
7328,-5.864949703216553,0.05585908889770508,
7329,-5.959420680999756,0.05628252029418945,
7330,-5.85089111328125,0.05468392372131348,-0.819298505783081
7331,-5.842557907104492,0.12784099578857422,
7332,-5.905779838562012,0.05748605728149414,
7333,-5.984000205993652,0.05703902244567871,
7334,-5.94794225692749,0.05752420425415039,
7335,-5.6710052490234375,0.05667614936828613,
7336,-5.758020401000977,0.05500984191894531,
7337,-5.813457489013672,0.05595707893371582,
7338,-5.997844696044922,0.05651140213012695,
7339,-5.844895839691162,0.05616188049316406,
7340,-5.980772018432617,0.05731368064880371,-0.8197686672210693
7341,-6.101200580596924,0.12961196899414062,
7342,-6.167111396789551,0.05740046501159668,
7343,-6.071681976318359,0.05619192123413086,
7344,-6.18604850769043,0.056412458419799805,
7345,-5.931181907653809,0.05766654014587402,
7346,-6.080683708190918,0.05709648132324219,
7347,-6.021585464477539,0.05715155601501465,
7348,-6.0984368324279785,0.05639290809631348,
7349,-6.098618507385254,0.0570073127746582,
7350,-5.954258918762207,0.056266069412231445,-0.8176118731498718
7351,-6.045366287231445,0.13265085220336914,
7352,-5.889166355133057,0.05812811851501465,
7353,-5.953310012817383,0.057164907455444336,
7354,-6.0086164474487305,0.05624794960021973,
7355,-5.975712776184082,0.057692766189575195,
7356,-5.927859306335449,0.0571897029876709,
7357,-5.906486511230469,0.05595564842224121,
7358,-5.838441848754883,0.05728745460510254,
7359,-6.015192985534668,0.057283639907836914,
7360,-6.001005172729492,0.056551456451416016,-0.6968220472335815
7361,-5.96604061126709,0.1306774616241455,
7362,-5.804054260253906,0.05597686767578125,
7363,-6.07781982421875,0.055916547775268555,
7364,-5.924752235412598,0.056318044662475586,
7365,-5.80136775970459,0.05542731285095215,
7366,-5.915352821350098,0.05678129196166992,
7367,-5.9839253425598145,0.05838823318481445,
7368,-5.814484596252441,0.05625796318054199,
7369,-5.9542927742004395,0.055934906005859375,
7370,-6.052997589111328,0.05715775489807129,-0.7600706815719604
7371,-6.144521713256836,0.12897300720214844,
7372,-5.923117637634277,0.05652165412902832,
7373,-6.107941150665283,0.056990861892700195,
7374,-5.918732643127441,0.0562896728515625,
7375,-6.050205707550049,0.056710004806518555,
7376,-6.022006988525391,0.057602882385253906,
7377,-6.037575721740723,0.057327985763549805,
7378,-5.990137577056885,0.05732607841491699,
7379,-5.852153778076172,0.057322025299072266,
7380,-5.943768501281738,0.056102752685546875,-0.7989975214004517
7381,-5.951776504516602,0.13416647911071777,
7382,-5.960200309753418,0.05598616600036621,
7383,-5.836902618408203,0.055867671966552734,
7384,-6.056735992431641,0.056800127029418945,
7385,-6.092589378356934,0.05697798728942871,
7386,-5.9455060958862305,0.056452035903930664,
7387,-5.895522117614746,0.0572819709777832,
7388,-6.049906253814697,0.05763864517211914,
7389,-5.800228118896484,0.05609607696533203,
7390,-6.057933807373047,0.05597805976867676,-0.9089817404747009
7391,-6.096044063568115,0.13517165184020996,
7392,-5.951406478881836,0.05588936805725098,
7393,-5.8887739181518555,0.05675840377807617,
7394,-5.917673110961914,0.057065725326538086,
7395,-5.770200729370117,0.056972503662109375,
7396,-5.698294639587402,0.055938005447387695,
7397,-5.874055862426758,0.05755925178527832,
7398,-5.952343940734863,0.05468559265136719,
7399,-6.0666680335998535,0.056697845458984375,
7400,-5.878413200378418,0.05629396438598633,-0.8688523769378662
7401,-5.95199728012085,0.13152241706848145,
7402,-5.922723770141602,0.05611991882324219,
7403,-5.924886703491211,0.05719161033630371,
7404,-5.933514595031738,0.057675838470458984,
7405,-5.994657039642334,0.05695080757141113,
7406,-5.8932952880859375,0.05637049674987793,
7407,-5.874223232269287,0.057193756103515625,
7408,-5.938600540161133,0.05587434768676758,
7409,-5.9697465896606445,0.056743621826171875,
7410,-5.815533638000488,0.056658029556274414,-0.7894496321678162
7411,-5.936625003814697,0.13288307189941406,
7412,-5.983449935913086,0.056676626205444336,
7413,-5.976652145385742,0.057248830795288086,
7414,-6.045025825500488,0.05677199363708496,
7415,-5.9601640701293945,0.057204246520996094,
7416,-6.125208854675293,0.058428287506103516,
7417,-5.96983528137207,0.0566709041595459,
7418,-5.909900188446045,0.05603504180908203,
7419,-6.102246284484863,0.05763578414916992,
7420,-5.987525939941406,0.05788135528564453,-0.9411542415618896
7421,-5.753565788269043,0.134446382522583,
7422,-5.880936145782471,0.05571722984313965,
7423,-5.998048782348633,0.056655168533325195,
7424,-5.8350958824157715,0.05669069290161133,
7425,-5.827435493469238,0.05548691749572754,
7426,-5.987290859222412,0.05733752250671387,
7427,-6.008089065551758,0.056348562240600586,
7428,-5.915892124176025,0.05595040321350098,
7429,-6.057871341705322,0.05671954154968262,
7430,-6.0538105964660645,0.05520462989807129,-0.8516477346420288
7431,-6.108829021453857,0.1277604103088379,
7432,-5.995730400085449,0.05657625198364258,
7433,-5.91325569152832,0.05627751350402832,
7434,-5.896466255187988,0.0587308406829834,
7435,-5.710920810699463,0.05619049072265625,
7436,-5.818702220916748,0.05587434768676758,
7437,-5.891325950622559,0.0579068660736084,
7438,-6.034265518188477,0.05851125717163086,
7439,-5.885097980499268,0.056220054626464844,
7440,-5.8105950355529785,0.055913686752319336,-0.8598799705505371
7441,-5.954093933105469,0.1318352222442627,
7442,-6.00441837310791,0.05555868148803711,
7443,-6.0335540771484375,0.19475340843200684,
7444,-6.120863437652588,0.05676412582397461,
7445,-6.17181396484375,0.05580854415893555,
7446,-6.125499248504639,0.05665993690490723,
7447,-6.240675926208496,0.05667281150817871,
7448,-6.04646110534668,0.05609750747680664,
7449,-6.3063483238220215,0.05600452423095703,
7450,-6.279163360595703,0.056461334228515625,-0.8052629232406616
7451,-6.233999252319336,0.1278538703918457,
7452,-6.091530799865723,0.05755209922790527,
7453,-6.026655197143555,0.056807756423950195,
7454,-5.9079179763793945,0.05605745315551758,
7455,-6.016369819641113,0.05729055404663086,
7456,-5.728487968444824,0.05651092529296875,
7457,-5.896806716918945,0.05617237091064453,
7458,-5.936128616333008,0.05717182159423828,
7459,-5.824134826660156,0.05673646926879883,
7460,-5.908633708953857,0.056238651275634766,-0.7284995317459106
7461,-5.882672309875488,0.13285040855407715,
7462,-5.87818717956543,0.05571889877319336,
7463,-5.975826740264893,0.0577998161315918,
7464,-5.967157363891602,0.0571444034576416,
7465,-6.057419776916504,0.057126760482788086,
7466,-5.850032329559326,0.055718421936035156,
7467,-6.03348445892334,0.05720996856689453,
7468,-6.1761016845703125,0.05850958824157715,
7469,-6.05639123916626,0.05541634559631348,
7470,-5.959150314331055,0.056668758392333984,-0.8048209547996521
7471,-5.7385125160217285,0.13045096397399902,
7472,-5.95817232131958,0.05606842041015625,
7473,-6.0488128662109375,0.05662417411804199,
7474,-5.952658176422119,0.056859731674194336,
7475,-5.842798233032227,0.055913686752319336,
7476,-5.798954963684082,0.058905839920043945,
7477,-5.981349468231201,0.056427717208862305,
7478,-5.912160873413086,0.05461859703063965,
7479,-6.050289630889893,0.05735278129577637,
7480,-5.892535209655762,0.05586814880371094,-0.8240985870361328
7481,-6.156219482421875,0.12871980667114258,
7482,-5.922818183898926,0.057132720947265625,
7483,-6.012650012969971,0.057456254959106445,
7484,-5.990053653717041,0.05590701103210449,
7485,-6.195265769958496,0.056545257568359375,
7486,-5.976262092590332,0.05675983428955078,
7487,-6.158914566040039,0.05615568161010742,
7488,-6.0986199378967285,0.05732083320617676,
7489,-5.8414201736450195,0.05726194381713867,
7490,-6.059179306030273,0.05660057067871094,-0.8444212079048157
7491,-6.1717987060546875,0.12767672538757324,
7492,-6.056364059448242,0.05509209632873535,
7493,-6.09597110748291,0.056476593017578125,
7494,-5.985566139221191,0.05779385566711426,
7495,-6.147425651550293,0.055579185485839844,
7496,-5.971412658691406,0.056186676025390625,
7497,-6.034099102020264,0.05658149719238281,
7498,-6.028049945831299,0.05570840835571289,
7499,-5.950558662414551,0.05633807182312012,
7500,-5.944408416748047,0.057598114013671875,-0.9307858943939209
7501,-5.783510684967041,0.13490939140319824,
7502,-6.098187446594238,0.056810617446899414,
7503,-5.896347522735596,0.05718994140625,
7504,-6.029531478881836,0.057158708572387695,
7505,-5.908396244049072,0.05713677406311035,
7506,-5.988803863525391,0.05735588073730469,
7507,-5.796154022216797,0.057175636291503906,
7508,-5.869030952453613,0.05563187599182129,
7509,-5.821524143218994,0.05634284019470215,
7510,-5.985012054443359,0.057344913482666016,-0.846372663974762
7511,-6.061276435852051,0.1324141025543213,
7512,-5.724301815032959,0.05728578567504883,
7513,-5.6641082763671875,0.056981563568115234,
7514,-5.899696350097656,0.05567288398742676,
7515,-5.809352397918701,0.05611276626586914,
7516,-5.947208404541016,0.054816246032714844,
7517,-6.02613639831543,0.05497479438781738,
7518,-5.896065711975098,0.058007001876831055,
7519,-6.018309593200684,0.05698728561401367,
7520,-6.136384010314941,0.05754280090332031,-0.8497982025146484
7521,-5.910523414611816,0.13327383995056152,
7522,-5.647708892822266,0.058397531509399414,
7523,-5.733886241912842,0.05603337287902832,
7524,-5.925954818725586,0.05683732032775879,
7525,-5.964983940124512,0.05701303482055664,
7526,-6.024641990661621,0.05727267265319824,
7527,-5.79079008102417,0.056552886962890625,
7528,-6.00913143157959,0.05650591850280762,
7529,-6.083545684814453,0.05726909637451172,
7530,-5.977441310882568,0.056439876556396484,-0.8970856666564941
7531,-6.065650939941406,0.13223910331726074,
7532,-6.116070747375488,0.058100223541259766,
7533,-6.293614387512207,0.05628395080566406,
7534,-6.187915325164795,0.056962013244628906,
7535,-6.030309677124023,0.05735135078430176,
7536,-6.213458061218262,0.05647158622741699,
7537,-5.980475425720215,0.05633091926574707,
7538,-6.0543975830078125,0.05882859230041504,
7539,-6.1258463859558105,0.05804300308227539,
7540,-6.098715782165527,0.056784868240356445,-0.8821700811386108
7541,-6.045610427856445,0.13373160362243652,
7542,-5.981249809265137,0.057526588439941406,
7543,-6.044095993041992,0.0558164119720459,
7544,-6.006801605224609,0.05572676658630371,
7545,-5.9454874992370605,0.05628085136413574,
7546,-6.029322624206543,0.05742311477661133,
7547,-6.1040425300598145,0.05656075477600098,
7548,-6.030004501342773,0.057405710220336914,
7549,-5.990478038787842,0.056806087493896484,
7550,-6.119448661804199,0.056509971618652344,-0.8174847364425659
7551,-6.179497718811035,0.13434314727783203,
7552,-6.067723274230957,0.055407047271728516,
7553,-6.1039228439331055,0.055231571197509766,
7554,-6.054754257202148,0.05691170692443848,
7555,-6.137969017028809,0.05622601509094238,
7556,-6.018227577209473,0.0559840202331543,
7557,-6.130431175231934,0.05776476860046387,
7558,-6.072494983673096,0.05755424499511719,
7559,-5.987026214599609,0.055511474609375,
7560,-5.909492492675781,0.05792570114135742,-0.8790643811225891
7561,-5.968903064727783,0.12994933128356934,
7562,-5.935177803039551,0.05873560905456543,
7563,-5.995294570922852,0.05759763717651367,
7564,-6.002986907958984,0.05716228485107422,
7565,-6.102252006530762,0.05540108680725098,
7566,-6.013066291809082,0.05687546730041504,
7567,-6.118186950683594,0.0572962760925293,
7568,-5.968212127685547,0.05621814727783203,
7569,-6.042802810668945,0.05723834037780762,
7570,-6.0543670654296875,0.05616450309753418,-0.8706653714179993
7571,-5.974084854125977,0.2648611068725586,
7572,-5.981644153594971,0.05610394477844238,
7573,-5.944109916687012,0.05624699592590332,
7574,-6.022040367126465,0.057448625564575195,
7575,-5.986526966094971,0.05735182762145996,
7576,-5.952323913574219,0.056969404220581055,
7577,-6.187362194061279,0.05625200271606445,
7578,-6.120994567871094,0.05814766883850098,
7579,-6.155007362365723,0.05655479431152344,
7580,-6.0715012550354,0.05559873580932617,-0.8856096863746643
7581,-5.808191299438477,0.13125896453857422,
7582,-5.986851692199707,0.05574655532836914,
7583,-6.282864570617676,0.05649733543395996,
7584,-6.012078285217285,0.05874276161193848,
7585,-5.955228805541992,0.05726456642150879,
7586,-5.948686599731445,0.05605816841125488,
7587,-5.984479904174805,0.055947303771972656,
7588,-5.954862594604492,0.056180477142333984,
7589,-5.927833080291748,0.056124210357666016,
7590,-5.983774185180664,0.05662417411804199,-0.9236029386520386
7591,-6.043346405029297,0.13153338432312012,
7592,-6.1074676513671875,0.057531118392944336,
7593,-6.187306880950928,0.05775046348571777,
7594,-6.107844352722168,0.05616593360900879,
7595,-6.145569801330566,0.05736589431762695,
7596,-6.063212871551514,0.0569453239440918,
7597,-6.156055450439453,0.05537748336791992,
7598,-5.9781341552734375,0.05755186080932617,
7599,-5.9803571701049805,0.05639839172363281,
7600,-5.958217144012451,0.05731916427612305,-0.9853158593177795
7601,-5.88126277923584,0.13226556777954102,
7602,-6.036313056945801,0.057121992111206055,
7603,-6.049001693725586,0.05594778060913086,
7604,-6.125131607055664,0.05699634552001953,
7605,-5.814416408538818,0.056353092193603516,
7606,-5.8224196434021,0.05588245391845703,
7607,-5.803979873657227,0.056110382080078125,
7608,-5.89898681640625,0.05675458908081055,
7609,-5.901232719421387,0.05597496032714844,
7610,-5.7755231857299805,0.05620265007019043,-0.8988057374954224
7611,-6.033015251159668,0.13158583641052246,
7612,-5.975646495819092,0.05594825744628906,
7613,-5.936044692993164,0.05662703514099121,
7614,-5.953836917877197,0.058740854263305664,
7615,-6.081225395202637,0.05564522743225098,
7616,-5.890495300292969,0.056061506271362305,
7617,-5.9737629890441895,0.05604815483093262,
7618,-6.064719200134277,0.05503249168395996,
7619,-6.079566955566406,0.0563817024230957,
7620,-6.126845359802246,0.05636024475097656,-0.8767383694648743
7621,-6.228200912475586,0.13303327560424805,
7622,-6.292510986328125,0.05608344078063965,
7623,-6.2035722732543945,0.0557253360748291,
7624,-5.953068256378174,0.055748701095581055,
7625,-5.960916042327881,0.05668973922729492,
7626,-5.9941487312316895,0.057001352310180664,
7627,-6.179089069366455,0.05730724334716797,
7628,-6.017477035522461,0.05612325668334961,
7629,-5.982561111450195,0.0575098991394043,
7630,-6.06608247756958,0.05631303787231445,-0.8871586322784424
7631,-5.948925971984863,0.1317739486694336,
7632,-5.775487422943115,0.05669879913330078,
7633,-6.0098876953125,0.05628347396850586,
7634,-5.96726131439209,0.056748151779174805,
7635,-5.907487869262695,0.05756664276123047,
7636,-6.027675628662109,0.057041168212890625,
7637,-6.200287818908691,0.056429386138916016,
7638,-5.946451187133789,0.05769848823547363,
7639,-5.895343780517578,0.05570840835571289,
7640,-6.027498245239258,0.0563662052154541,-0.9113304615020752
7641,-6.004467010498047,0.13301444053649902,
7642,-5.722319602966309,0.056120872497558594,
7643,-6.078685283660889,0.055553436279296875,
7644,-6.046464920043945,0.05695343017578125,
7645,-6.097653388977051,0.055655479431152344,
7646,-6.033519744873047,0.05608630180358887,
7647,-6.01265287399292,0.057036399841308594,
7648,-5.901496887207031,0.05556368827819824,
7649,-5.8114495277404785,0.05627870559692383,
7650,-5.7873687744140625,0.05533790588378906,-0.8452464938163757
7651,-6.073249340057373,0.12979745864868164,
7652,-6.037614822387695,0.05780911445617676,
7653,-5.978853225708008,0.05582022666931152,
7654,-6.131402015686035,0.055075645446777344,
7655,-5.881349563598633,0.056912899017333984,
7656,-5.958604335784912,0.05651140213012695,
7657,-5.880959510803223,0.055959224700927734,
7658,-6.010506629943848,0.057625770568847656,
7659,-5.9514265060424805,0.056510210037231445,
7660,-6.044677734375,0.056062936782836914,-0.9214359521865845
7661,-5.93123722076416,0.13138723373413086,
7662,-5.836160182952881,0.05633401870727539,
7663,-5.771613121032715,0.05641341209411621,
7664,-5.9465789794921875,0.05808758735656738,
7665,-5.959153175354004,0.05611276626586914,
7666,-5.856137275695801,0.05612516403198242,
7667,-5.743754863739014,0.05706596374511719,
7668,-5.865135192871094,0.05633807182312012,
7669,-6.211837291717529,0.05634760856628418,
7670,-5.8780317306518555,0.056595563888549805,-0.7443065643310547
7671,-5.77140998840332,0.13443303108215332,
7672,-5.851412773132324,0.056212663650512695,
7673,-5.810334205627441,0.05718374252319336,
7674,-5.948770046234131,0.05680537223815918,
7675,-6.060030937194824,0.055713653564453125,
7676,-6.009727478027344,0.057333946228027344,
7677,-5.8407135009765625,0.056365251541137695,
7678,-5.873461723327637,0.055426836013793945,
7679,-6.100991249084473,0.05805683135986328,
7680,-5.941339015960693,0.05434584617614746,-0.9263168573379517
7681,-5.784420967102051,0.13119149208068848,
7682,-5.811544418334961,0.055258750915527344,
7683,-5.922333240509033,0.05525541305541992,
7684,-6.0030903816223145,0.05582308769226074,
7685,-6.023386478424072,0.0564112663269043,
7686,-5.962643146514893,0.05516815185546875,
7687,-6.002928733825684,0.05547761917114258,
7688,-6.356733322143555,0.05713534355163574,
7689,-5.989804267883301,0.0557560920715332,
7690,-5.945465087890625,0.05738520622253418,-0.9880044460296631
7691,-6.056667327880859,0.26848673820495605,
7692,-6.183976173400879,0.055913686752319336,
7693,-5.954468727111816,0.05705571174621582,
7694,-6.00192928314209,0.05780744552612305,
7695,-6.029200553894043,0.05670166015625,
7696,-6.103349208831787,0.05785989761352539,
7697,-6.125985145568848,0.05722784996032715,
7698,-6.008761405944824,0.056090354919433594,
7699,-6.248870849609375,0.056806087493896484,
7700,-6.217193126678467,0.05732417106628418,-0.8861088752746582
7701,-6.087259769439697,0.1333000659942627,
7702,-6.05463981628418,0.056914329528808594,
7703,-5.982509613037109,0.057692527770996094,
7704,-6.146157264709473,0.05656123161315918,
7705,-6.161736965179443,0.05520462989807129,
7706,-5.9698286056518555,0.0582118034362793,
7707,-5.969171524047852,0.056398868560791016,
7708,-6.0081257820129395,0.05529451370239258,
7709,-5.976243019104004,0.05603337287902832,
7710,-6.172654151916504,0.05663800239562988,-0.830690324306488
7711,-5.873456954956055,0.13199257850646973,
7712,-6.048327922821045,0.05629539489746094,
7713,-5.792535781860352,0.05535268783569336,
7714,-5.977831840515137,0.05574846267700195,
7715,-6.154082298278809,0.05824756622314453,
7716,-5.9973883628845215,0.05571603775024414,
7717,-6.024908065795898,0.05551624298095703,
7718,-6.172173500061035,0.055511474609375,
7719,-5.978228569030762,0.0558321475982666,
7720,-5.925447940826416,0.056052446365356445,-0.8481467962265015
7721,-6.044724464416504,0.1320784091949463,
7722,-6.08995246887207,0.05516648292541504,
7723,-5.988350868225098,0.0568699836730957,
7724,-6.011024475097656,0.056012630462646484,
7725,-5.959211349487305,0.05748486518859863,
7726,-6.0733723640441895,0.0567626953125,
7727,-6.031890869140625,0.055223941802978516,
7728,-5.97528076171875,0.05567646026611328,
7729,-6.032551288604736,0.056850433349609375,
7730,-5.990704536437988,0.056427955627441406,-0.8759320974349976
7731,-6.184220790863037,0.128981351852417,
7732,-6.098498344421387,0.05584120750427246,
7733,-5.971377372741699,0.057192087173461914,
7734,-6.121731758117676,0.05745363235473633,
7735,-6.041715145111084,0.05690312385559082,
7736,-5.91030216217041,0.0563352108001709,
7737,-6.1614484786987305,0.05804181098937988,
7738,-6.009139060974121,0.056937217712402344,
7739,-6.067857265472412,0.05652928352355957,
7740,-5.98449182510376,0.056885719299316406,-0.8105508089065552
7741,-6.125337600708008,0.13352680206298828,
7742,-6.158473014831543,0.055733680725097656,
7743,-6.145046234130859,0.05700397491455078,
7744,-5.954960823059082,0.058138132095336914,
7745,-6.098012447357178,0.05640411376953125,
7746,-5.903667449951172,0.05580425262451172,
7747,-5.9893879890441895,0.05643439292907715,
7748,-6.068268775939941,0.05630302429199219,
7749,-5.866242408752441,0.057163238525390625,
7750,-5.650153160095215,0.0569303035736084,-0.9751243591308594
7751,-5.811960697174072,0.13462471961975098,
7752,-5.911276817321777,0.056182146072387695,
7753,-5.802752494812012,0.05720949172973633,
7754,-5.707149028778076,0.05655384063720703,
7755,-5.683595657348633,0.05630183219909668,
7756,-5.76127290725708,0.0571744441986084,
7757,-5.797088623046875,0.05574154853820801,
7758,-5.708954811096191,0.05634021759033203,
7759,-5.880783557891846,0.05776238441467285,
7760,-5.773439407348633,0.0574796199798584,-0.9038529992103577
7761,-5.7763776779174805,0.1334075927734375,
7762,-5.846404075622559,0.05714249610900879,
7763,-5.927851676940918,0.05722832679748535,
7764,-5.7912278175354,0.056586503982543945,
7765,-5.929868221282959,0.05776786804199219,
7766,-6.006525039672852,0.057297706604003906,
7767,-5.987861633300781,0.05666542053222656,
7768,-6.072332382202148,0.05579090118408203,
7769,-5.972354888916016,0.05824732780456543,
7770,-5.915653705596924,0.05525350570678711,-0.9075908660888672
7771,-5.974481582641602,0.1264965534210205,
7772,-5.940433025360107,0.0560755729675293,
7773,-6.012171745300293,0.05621623992919922,
7774,-6.067475318908691,0.05847644805908203,
7775,-5.927218914031982,0.05813932418823242,
7776,-5.925241947174072,0.056366682052612305,
7777,-6.030794143676758,0.05677366256713867,
7778,-5.97043514251709,0.05794858932495117,
7779,-6.0100860595703125,0.05691790580749512,
7780,-5.836887836456299,0.05612969398498535,-0.9278032779693604
7781,-6.052978038787842,0.12990283966064453,
7782,-6.034846782684326,0.05589127540588379,
7783,-5.7895097732543945,0.05719614028930664,
7784,-5.909989356994629,0.05613279342651367,
7785,-5.952862739562988,0.056162357330322266,
7786,-5.913064002990723,0.05782008171081543,
7787,-5.956686019897461,0.056354522705078125,
7788,-6.04672908782959,0.05565929412841797,
7789,-6.051141738891602,0.05713200569152832,
7790,-5.951603889465332,0.05798912048339844,-0.8034433126449585
7791,-5.973708629608154,0.1285266876220703,
7792,-6.058960914611816,0.05556440353393555,
7793,-6.195055961608887,0.056082725524902344,
7794,-6.0754594802856445,0.057505130767822266,
7795,-6.0474958419799805,0.05653262138366699,
7796,-5.995889663696289,0.05744814872741699,
7797,-6.097848415374756,0.0560457706451416,
7798,-6.131648063659668,0.05580878257751465,
7799,-6.022483825683594,0.057622432708740234,
7800,-6.048274993896484,0.056475162506103516,-0.9884347319602966
7801,-5.972197532653809,0.13405323028564453,
7802,-6.001938343048096,0.05663132667541504,
7803,-6.26191520690918,0.05646848678588867,
7804,-6.171095848083496,0.056699514389038086,
7805,-6.045677185058594,0.057279109954833984,
7806,-6.106721878051758,0.05790567398071289,
7807,-6.23478889465332,0.05610060691833496,
7808,-6.085410118103027,0.05588579177856445,
7809,-6.0527801513671875,0.057495832443237305,
7810,-6.039578914642334,0.057990312576293945,-0.9138346910476685
7811,-5.972855567932129,0.2650938034057617,
7812,-6.061954498291016,0.058011770248413086,
7813,-6.050585746765137,0.05646038055419922,
7814,-6.050641059875488,0.05710577964782715,
7815,-6.101563930511475,0.057096242904663086,
7816,-6.017429351806641,0.05599403381347656,
7817,-6.085686683654785,0.05584859848022461,
7818,-6.167724609375,0.05753469467163086,
7819,-6.201352119445801,0.05854535102844238,
7820,-5.996140480041504,0.05601906776428223,-0.8970413208007812
7821,-5.935270309448242,0.12946176528930664,
7822,-5.966562271118164,0.05551958084106445,
7823,-6.030390739440918,0.056250572204589844,
7824,-5.927841663360596,0.05655479431152344,
7825,-5.8465142250061035,0.05686140060424805,
7826,-5.87405252456665,0.056150197982788086,
7827,-5.961038112640381,0.05761384963989258,
7828,-5.919454097747803,0.057680368423461914,
7829,-6.061769962310791,0.056067466735839844,
7830,-5.867466926574707,0.05563473701477051,-0.8536316156387329
7831,-6.02658748626709,0.12696099281311035,
7832,-5.948441505432129,0.05660367012023926,
7833,-5.951961517333984,0.05730843544006348,
7834,-6.073845863342285,0.057509660720825195,
7835,-6.032402038574219,0.056403398513793945,
7836,-6.067415237426758,0.05737471580505371,
7837,-5.931308746337891,0.0559847354888916,
7838,-6.029458999633789,0.056017398834228516,
7839,-5.95904016494751,0.057019948959350586,
7840,-6.166080474853516,0.05698251724243164,-0.8801327347755432
7841,-6.025893211364746,0.13274765014648438,
7842,-6.1541266441345215,0.056293487548828125,
7843,-6.140821933746338,0.056160688400268555,
7844,-6.056623458862305,0.056107282638549805,
7845,-6.02115535736084,0.05704832077026367,
7846,-5.935967445373535,0.05608105659484863,
7847,-5.936556816101074,0.05514264106750488,
7848,-6.107057571411133,0.05515027046203613,
7849,-5.9617815017700195,0.05602121353149414,
7850,-6.1830363273620605,0.056885480880737305,-0.7563641667366028
7851,-6.0112409591674805,0.12674903869628906,
7852,-5.820873260498047,0.05551457405090332,
7853,-6.012619972229004,0.05728936195373535,
7854,-6.131071090698242,0.0572657585144043,
7855,-6.024879455566406,0.05595660209655762,
7856,-6.096529006958008,0.0569612979888916,
7857,-6.036200523376465,0.05686593055725098,
7858,-6.169978141784668,0.05660820007324219,
7859,-6.191615104675293,0.05660891532897949,
7860,-5.987189292907715,0.056545257568359375,-0.9706332683563232
7861,-6.046723365783691,0.13059473037719727,
7862,-6.105197906494141,0.05864119529724121,
7863,-6.046189308166504,0.05799508094787598,
7864,-6.122981548309326,0.05654573440551758,
7865,-5.948614597320557,0.05633282661437988,
7866,-6.139814376831055,0.05675983428955078,
7867,-6.171591758728027,0.05602765083312988,
7868,-6.168253421783447,0.05806279182434082,
7869,-5.981881141662598,0.057038068771362305,
7870,-6.04259729385376,0.05671095848083496,-0.9331104755401611
7871,-6.106095314025879,0.1333925724029541,
7872,-6.2641706466674805,0.05908989906311035,
7873,-6.093027114868164,0.05830192565917969,
7874,-5.973659515380859,0.05642199516296387,
7875,-5.913052558898926,0.05656743049621582,
7876,-6.01597785949707,0.056344032287597656,
7877,-5.968176364898682,0.055711984634399414,
7878,-5.908135414123535,0.057016611099243164,
7879,-6.0723876953125,0.05752158164978027,
7880,-6.026244163513184,0.056281089782714844,-0.8185780644416809
7881,-6.102806568145752,0.13282108306884766,
7882,-6.079126358032227,0.058260202407836914,
7883,-6.1482744216918945,0.05498194694519043,
7884,-6.182238578796387,0.0562434196472168,
7885,-6.196474075317383,0.05802106857299805,
7886,-6.116206169128418,0.056482791900634766,
7887,-5.932231903076172,0.0550384521484375,
7888,-6.060669898986816,0.055124521255493164,
7889,-6.0721235275268555,0.0544283390045166,
7890,-6.0512919425964355,0.05588793754577637,-0.84052973985672
7891,-5.947373390197754,0.12782979011535645,
7892,-6.010674476623535,0.056278228759765625,
7893,-6.071938991546631,0.055588483810424805,
7894,-6.09813928604126,0.05745697021484375,
7895,-6.031022071838379,0.057366132736206055,
7896,-6.071863651275635,0.05741691589355469,
7897,-6.252135753631592,0.05603361129760742,
7898,-6.02442741394043,0.05681753158569336,
7899,-5.846545219421387,0.05729484558105469,
7900,-5.987947463989258,0.05748271942138672,-0.9356257915496826
7901,-6.145926475524902,0.1322317123413086,
7902,-5.763247013092041,0.056934356689453125,
7903,-5.702841281890869,0.056542158126831055,
7904,-5.82972526550293,0.056008100509643555,
7905,-5.823716163635254,0.058272361755371094,
7906,-5.947965145111084,0.05631256103515625,
7907,-5.764963150024414,0.05653500556945801,
7908,-5.872084617614746,0.05592751502990723,
7909,-5.899816513061523,0.05691170692443848,
7910,-6.017662048339844,0.05601930618286133,-0.8875036835670471
7911,-6.040490627288818,0.13202738761901855,
7912,-6.132977485656738,0.056610822677612305,
7913,-6.17501974105835,0.056937217712402344,
7914,-6.131034851074219,0.056427717208862305,
7915,-6.099393844604492,0.0559086799621582,
7916,-6.28383731842041,0.05607175827026367,
7917,-6.253239631652832,0.05713319778442383,
7918,-6.1997294425964355,0.0566713809967041,
7919,-6.041648864746094,0.05604982376098633,
7920,-6.096992015838623,0.05785369873046875,-0.8561562299728394
7921,-6.173457145690918,0.13338470458984375,
7922,-6.044633388519287,0.05773806571960449,
7923,-6.134312152862549,0.055914878845214844,
7924,-6.2267656326293945,0.05727338790893555,
7925,-6.157648086547852,0.056189775466918945,
7926,-6.118929862976074,0.055611610412597656,
7927,-6.009347915649414,0.05709576606750488,
7928,-5.975654602050781,0.05529165267944336,
7929,-6.008776664733887,0.0565030574798584,
7930,-6.074583053588867,0.05712580680847168,-0.8646922707557678
7931,-6.183981418609619,0.26519155502319336,
7932,-6.227805137634277,0.057898521423339844,
7933,-6.054853439331055,0.05833125114440918,
7934,-6.1638054847717285,0.05599713325500488,
7935,-6.066218852996826,0.056937456130981445,
7936,-6.1636643409729,0.05886983871459961,
7937,-6.276681900024414,0.056789398193359375,
7938,-6.058024883270264,0.05612325668334961,
7939,-6.058980941772461,0.057759761810302734,
7940,-6.0554423332214355,0.056166887283325195,-1.0019199848175049
7941,-6.142518997192383,0.13315343856811523,
7942,-5.947380542755127,0.05838274955749512,
7943,-5.914619445800781,0.056329965591430664,
7944,-5.947595596313477,0.056563377380371094,
7945,-6.090057373046875,0.057469844818115234,
7946,-6.078978538513184,0.05702567100524902,
7947,-5.969144821166992,0.05577683448791504,
7948,-6.140536308288574,0.05747628211975098,
7949,-6.0740766525268555,0.0574803352355957,
7950,-6.029678821563721,0.05570387840270996,-0.8931865692138672
7951,-6.156741142272949,0.12860941886901855,
7952,-6.178388595581055,0.05533909797668457,
7953,-6.088116645812988,0.055239200592041016,
7954,-6.209805488586426,0.05640149116516113,
7955,-6.032392501831055,0.05620455741882324,
7956,-5.946053504943848,0.05778789520263672,
7957,-6.088983535766602,0.05794072151184082,
7958,-6.115496635437012,0.05652761459350586,
7959,-6.0360822677612305,0.056034088134765625,
7960,-6.129079818725586,0.056488990783691406,-0.8955764770507812
7961,-6.197319030761719,0.13067889213562012,
7962,-5.915292263031006,0.055840253829956055,
7963,-5.965815544128418,0.0575864315032959,
7964,-6.159583568572998,0.05588173866271973,
7965,-6.0503644943237305,0.05659151077270508,
7966,-6.056717872619629,0.05766773223876953,
7967,-6.096068382263184,0.05745697021484375,
7968,-5.984636306762695,0.05556488037109375,
7969,-6.129905700683594,0.05701446533203125,
7970,-6.232444763183594,0.05682635307312012,-0.8544313311576843
7971,-6.157953262329102,0.1305239200592041,
7972,-6.2224440574646,0.05801200866699219,
7973,-6.145932674407959,0.056632280349731445,
7974,-6.111842155456543,0.05648922920227051,
7975,-6.0791730880737305,0.05682206153869629,
7976,-6.053739070892334,0.05704140663146973,
7977,-5.94626522064209,0.05572104454040527,
7978,-6.152395725250244,0.05692005157470703,
7979,-6.209990978240967,0.057770729064941406,
7980,-6.107125282287598,0.05702543258666992,-0.7702674269676208
7981,-6.029794692993164,0.12970304489135742,
7982,-6.052994728088379,0.05742335319519043,
7983,-6.07777214050293,0.056984663009643555,
7984,-6.166478157043457,0.056403160095214844,
7985,-6.078333854675293,0.05749368667602539,
7986,-5.985039710998535,0.057504892349243164,
7987,-6.095073223114014,0.05594277381896973,
7988,-5.9907636642456055,0.055849313735961914,
7989,-5.890636444091797,0.0554349422454834,
7990,-6.1526198387146,0.055861473083496094,-0.7291675806045532
7991,-6.001367568969727,0.12880969047546387,
7992,-6.098415374755859,0.055834054946899414,
7993,-5.929536819458008,0.05731987953186035,
7994,-6.109341621398926,0.05635476112365723,
7995,-6.116497039794922,0.05603361129760742,
7996,-5.880931854248047,0.05782794952392578,
7997,-6.0972747802734375,0.058714866638183594,
7998,-6.168783187866211,0.0578615665435791,
7999,-5.987546443939209,0.05669426918029785,
8000,-6.01071310043335,0.05785703659057617,-0.8819162845611572
8001,-5.9773101806640625,0.1330413818359375,
8002,-5.9222307205200195,0.05692887306213379,
8003,-6.082977294921875,0.055504798889160156,
8004,-6.02708625793457,0.05749249458312988,
8005,-5.945829391479492,0.05653190612792969,
8006,-6.050536155700684,0.05605483055114746,
8007,-5.84825325012207,0.057183027267456055,
8008,-5.8494977951049805,0.057157278060913086,
8009,-5.940615653991699,0.05667614936828613,
8010,-6.0280680656433105,0.05765819549560547,-0.8960518836975098
8011,-6.109096527099609,0.13268661499023438,
8012,-6.148105144500732,0.057122230529785156,
8013,-6.0839056968688965,0.05715465545654297,
8014,-6.140590190887451,0.057024240493774414,
8015,-6.171296119689941,0.05593752861022949,
8016,-6.102323532104492,0.05583310127258301,
8017,-5.990531921386719,0.055649518966674805,
8018,-6.101958274841309,0.05655860900878906,
8019,-6.200169563293457,0.05654788017272949,
8020,-6.0729241371154785,0.056555986404418945,-0.8932715058326721
8021,-5.852173805236816,0.1311206817626953,
8022,-5.976892471313477,0.058435916900634766,
8023,-6.0489301681518555,0.05644512176513672,
8024,-6.00400447845459,0.058165788650512695,
8025,-6.013391971588135,0.056127071380615234,
8026,-6.016354084014893,0.055886030197143555,
8027,-5.995183944702148,0.055818796157836914,
8028,-6.022597312927246,0.05805706977844238,
8029,-6.012348175048828,0.056810617446899414,
8030,-6.071052551269531,0.055932044982910156,-0.8850066661834717
8031,-6.021594047546387,0.13300633430480957,
8032,-6.106028079986572,0.05595970153808594,
8033,-6.143709182739258,0.0560762882232666,
8034,-6.068022727966309,0.057535409927368164,
8035,-6.2200469970703125,0.05643010139465332,
8036,-6.020010948181152,0.05636954307556152,
8037,-6.154457092285156,0.05659675598144531,
8038,-6.187604904174805,0.05611777305603027,
8039,-6.034239292144775,0.056387901306152344,
8040,-6.170505046844482,0.05736517906188965,-0.8457117676734924
8041,-6.100621700286865,0.13334107398986816,
8042,-6.08873176574707,0.05567598342895508,
8043,-6.022830963134766,0.0561981201171875,
8044,-6.076607704162598,0.05817604064941406,
8045,-6.185746192932129,0.05681753158569336,
8046,-6.278786659240723,0.056151628494262695,
8047,-6.1210408210754395,0.0573580265045166,
8048,-6.1416778564453125,0.057251930236816406,
8049,-5.941200256347656,0.05612444877624512,
8050,-6.046886444091797,0.05719923973083496,-0.8663878440856934
8051,-6.056015968322754,0.2482740879058838,
8052,-6.062541961669922,0.05747032165527344,
8053,-5.968502044677734,0.05612611770629883,
8054,-6.009480953216553,0.056099653244018555,
8055,-6.0699782371521,0.05698990821838379,
8056,-5.980660438537598,0.05646347999572754,
8057,-6.032947540283203,0.05598926544189453,
8058,-5.817255973815918,0.05705070495605469,
8059,-5.95323371887207,0.05590319633483887,
8060,-6.108201026916504,0.0554654598236084,-0.9263389110565186
8061,-6.0230865478515625,0.12912988662719727,
8062,-6.027041912078857,0.05718803405761719,
8063,-6.019719123840332,0.057311058044433594,
8064,-6.0987091064453125,0.058083534240722656,
8065,-6.08763313293457,0.056069135665893555,
8066,-6.102046966552734,0.057157278060913086,
8067,-6.236015796661377,0.05723428726196289,
8068,-6.0217485427856445,0.05594801902770996,
8069,-5.969914436340332,0.055570125579833984,
8070,-6.125932216644287,0.05652141571044922,-0.9397557973861694
8071,-5.981241703033447,0.13038063049316406,
8072,-6.17048454284668,0.05560612678527832,
8073,-5.988286018371582,0.05714106559753418,
8074,-6.092675685882568,0.055815696716308594,
8075,-6.117136478424072,0.05825662612915039,
8076,-6.088875770568848,0.05788135528564453,
8077,-6.069104194641113,0.056566476821899414,
8078,-5.945405960083008,0.055942535400390625,
8079,-6.006218910217285,0.0572812557220459,
8080,-6.10874080657959,0.05596351623535156,-0.9166280031204224
8081,-6.083749294281006,0.13090848922729492,
8082,-6.181180953979492,0.056060075759887695,
8083,-6.098082542419434,0.055837154388427734,
8084,-6.076177597045898,0.057646989822387695,
8085,-6.033190727233887,0.0575108528137207,
8086,-5.960467338562012,0.055867910385131836,
8087,-6.054413795471191,0.05615091323852539,
8088,-5.9868974685668945,0.05698847770690918,
8089,-5.902213096618652,0.056787729263305664,
8090,-6.003718376159668,0.05603289604187012,-0.8544950485229492
8091,-6.031972885131836,0.1292860507965088,
8092,-6.060467720031738,0.05569267272949219,
8093,-5.969808101654053,0.05770707130432129,
8094,-5.998312473297119,0.05731940269470215,
8095,-6.0199995040893555,0.055581092834472656,
8096,-6.083978652954102,0.056211233139038086,
8097,-5.865872383117676,0.05928802490234375,
8098,-5.921595096588135,0.055474281311035156,
8099,-6.132943153381348,0.05514788627624512,
8100,-5.841214179992676,0.05686759948730469,-0.8642118573188782
8101,-5.8062005043029785,0.13042020797729492,
8102,-5.851560115814209,0.05632138252258301,
8103,-6.116109848022461,0.057614803314208984,
8104,-6.1347975730896,0.055650949478149414,
8105,-5.998016357421875,0.057704925537109375,
8106,-5.906927108764648,0.058588266372680664,
8107,-5.9141082763671875,0.056882619857788086,
8108,-6.055637836456299,0.05633068084716797,
8109,-5.843413352966309,0.05734515190124512,
8110,-5.867286205291748,0.05542922019958496,-0.951063334941864
8111,-6.007640838623047,0.13109588623046875,
8112,-6.166692733764648,0.056978464126586914,
8113,-6.134049415588379,0.05597090721130371,
8114,-6.04249382019043,0.05774998664855957,
8115,-5.96920919418335,0.05624246597290039,
8116,-6.023183345794678,0.057471513748168945,
8117,-5.9188127517700195,0.0572810173034668,
8118,-6.099059104919434,0.057296037673950195,
8119,-6.077176094055176,0.05629611015319824,
8120,-6.176229476928711,0.056752681732177734,-0.8650240302085876
8121,-6.013280868530273,0.1347200870513916,
8122,-6.020701885223389,0.05837440490722656,
8123,-6.0855207443237305,0.05678415298461914,
8124,-6.058066368103027,0.05663490295410156,
8125,-5.917096138000488,0.057863712310791016,
8126,-5.962728500366211,0.05698347091674805,
8127,-6.02816915512085,0.05567646026611328,
8128,-6.0752692222595215,0.0569455623626709,
8129,-6.067747116088867,0.057892799377441406,
8130,-6.063855171203613,0.055856943130493164,-0.7958813309669495
8131,-6.004500865936279,0.13174200057983398,
8132,-5.771212577819824,0.056749820709228516,
8133,-6.057128429412842,0.0558774471282959,
8134,-6.057066440582275,0.05653572082519531,
8135,-6.078921318054199,0.05593538284301758,
8136,-6.092792510986328,0.0564727783203125,
8137,-6.0634870529174805,0.05727386474609375,
8138,-5.987046241760254,0.05747556686401367,
8139,-6.041188716888428,0.057708740234375,
8140,-5.974486351013184,0.05572009086608887,-0.847903311252594
8141,-6.008485794067383,0.13266682624816895,
8142,-5.999372959136963,0.05676436424255371,
8143,-5.802847862243652,0.057054996490478516,
8144,-5.962210178375244,0.05808305740356445,
8145,-6.135653495788574,0.05744147300720215,
8146,-6.050509452819824,0.05568671226501465,
8147,-6.268934726715088,0.056331634521484375,
8148,-6.155266761779785,0.05623960494995117,
8149,-6.163042068481445,0.05581164360046387,
8150,-6.1909613609313965,0.05855965614318848,-0.8277256488800049
8151,-6.23670768737793,0.1287693977355957,
8152,-6.336458206176758,0.05616331100463867,
8153,-6.114078521728516,0.05759930610656738,
8154,-6.1164937019348145,0.05601930618286133,
8155,-5.9572672843933105,0.05538535118103027,
8156,-6.252343654632568,0.057587385177612305,
8157,-6.147249221801758,0.05591940879821777,
8158,-6.0189666748046875,0.0560758113861084,
8159,-6.032327651977539,0.05783987045288086,
8160,-6.001755237579346,0.057821035385131836,-0.8376193046569824
8161,-6.109961986541748,0.130232572555542,
8162,-6.181840419769287,0.05687904357910156,
8163,-6.213636875152588,0.055164337158203125,
8164,-6.043966293334961,0.05518984794616699,
8165,-6.083679676055908,0.056059837341308594,
8166,-6.05706787109375,0.055357933044433594,
8167,-6.199982643127441,0.05573582649230957,
8168,-6.252911567687988,0.05609703063964844,
8169,-6.233829021453857,0.056693315505981445,
8170,-5.955187797546387,0.05685544013977051,-0.823046088218689
8171,-5.992891311645508,0.1342024803161621,
8172,-6.083310127258301,0.057402610778808594,
8173,-6.152490615844727,0.05570626258850098,
8174,-6.2234086990356445,0.05689191818237305,
8175,-5.9930830001831055,0.05713367462158203,
8176,-6.075824737548828,0.0556797981262207,
8177,-6.235330581665039,0.05667686462402344,
8178,-6.033264636993408,0.057404279708862305,
8179,-5.870996475219727,0.05662107467651367,
8180,-5.962803840637207,0.05581402778625488,-0.9016997218132019
8181,-6.090723037719727,0.2696254253387451,
8182,-6.113123893737793,0.05572319030761719,
8183,-5.950221061706543,0.055181026458740234,
8184,-6.119065284729004,0.05657505989074707,
8185,-6.299063682556152,0.056382179260253906,
8186,-6.151819705963135,0.05629706382751465,
8187,-6.037970542907715,0.05830049514770508,
8188,-6.1034626960754395,0.057037353515625,
8189,-6.238485336303711,0.05684542655944824,
8190,-5.968793869018555,0.056128501892089844,-0.9110478758811951
8191,-5.961697578430176,0.13263583183288574,
8192,-6.0409440994262695,0.05616927146911621,
8193,-6.1385087966918945,0.05694890022277832,
8194,-6.059433460235596,0.05842876434326172,
8195,-6.190437316894531,0.056868553161621094,
8196,-6.17690372467041,0.05554533004760742,
8197,-6.123081207275391,0.05777478218078613,
8198,-6.182344436645508,0.056670427322387695,
8199,-6.157542705535889,0.05672860145568848,
8200,-6.085413932800293,0.05698752403259277,-0.8717195987701416
8201,-6.196847438812256,0.1307830810546875,
8202,-6.1622314453125,0.05661821365356445,
8203,-6.3180832862854,0.05680966377258301,
8204,-6.0606842041015625,0.056719303131103516,
8205,-5.993190288543701,0.05660748481750488,
8206,-6.106389999389648,0.05760788917541504,
8207,-6.141119003295898,0.05648517608642578,
8208,-6.23302698135376,0.056060791015625,
8209,-5.937559127807617,0.05598306655883789,
8210,-6.01902961730957,0.05714750289916992,-0.833681046962738
8211,-6.023395538330078,0.13044452667236328,
8212,-6.010882377624512,0.056719064712524414,
8213,-6.09724235534668,0.05534005165100098,
8214,-6.172420501708984,0.05649447441101074,
8215,-6.088266372680664,0.05724978446960449,
8216,-6.176800727844238,0.05621218681335449,
8217,-6.199282646179199,0.057520389556884766,
8218,-6.126263618469238,0.057663679122924805,
8219,-6.0742902755737305,0.05705094337463379,
8220,-6.1042561531066895,0.05678248405456543,-0.7699629664421082
8221,-6.113739490509033,0.13510370254516602,
8222,-5.975749969482422,0.05714750289916992,
8223,-6.06452751159668,0.058440446853637695,
8224,-6.12760066986084,0.05637860298156738,
8225,-6.203341960906982,0.0563197135925293,
8226,-6.215615272521973,0.056267499923706055,
8227,-6.0626678466796875,0.05630850791931152,
8228,-6.145852088928223,0.05563020706176758,
8229,-6.205066680908203,0.05752396583557129,
8230,-6.12078857421875,0.05655169486999512,-0.8582152724266052
8231,-6.091018199920654,0.13418149948120117,
8232,-5.894601821899414,0.058333396911621094,
8233,-6.13239860534668,0.057955026626586914,
8234,-5.981050491333008,0.05739951133728027,
8235,-6.123499393463135,0.0560910701751709,
8236,-6.082474231719971,0.05642127990722656,
8237,-6.17147970199585,0.054403066635131836,
8238,-6.2688398361206055,0.056551456451416016,
8239,-6.004508972167969,0.057213783264160156,
8240,-6.027296543121338,0.05616116523742676,-0.7795689105987549
8241,-6.082955360412598,0.13265275955200195,
8242,-5.969486236572266,0.057164907455444336,
8243,-5.965505599975586,0.056487083435058594,
8244,-6.019479274749756,0.05756354331970215,
8245,-6.047762870788574,0.0577092170715332,
8246,-6.169598579406738,0.05721616744995117,
8247,-6.154323577880859,0.05654740333557129,
8248,-6.1607561111450195,0.05804109573364258,
8249,-6.120820999145508,0.058316707611083984,
8250,-6.279708385467529,0.05609393119812012,-0.8373637199401855
8251,-6.251821994781494,0.13412714004516602,
8252,-6.1842193603515625,0.05748319625854492,
8253,-6.242456436157227,0.05817437171936035,
8254,-5.981572151184082,0.056990623474121094,
8255,-6.116311550140381,0.05654287338256836,
8256,-6.081847190856934,0.05663037300109863,
8257,-6.106903076171875,0.05565476417541504,
8258,-6.25343132019043,0.05610370635986328,
8259,-6.145139694213867,0.05772876739501953,
8260,-5.933742523193359,0.05571699142456055,-0.9254738092422485
8261,-6.083454132080078,0.12774920463562012,
8262,-6.091502666473389,0.05508232116699219,
8263,-6.180750846862793,0.05569767951965332,
8264,-6.219490051269531,0.057666778564453125,
8265,-6.235014915466309,0.055821895599365234,
8266,-6.106637477874756,0.0566096305847168,
8267,-6.085235595703125,0.05706024169921875,
8268,-6.044167518615723,0.05730104446411133,
8269,-6.213282585144043,0.05629444122314453,
8270,-6.02558708190918,0.05762004852294922,-0.8352910280227661
8271,-6.092023849487305,0.13359832763671875,
8272,-6.002584457397461,0.05526876449584961,
8273,-6.14511775970459,0.056586503982543945,
8274,-6.114880561828613,0.05564117431640625,
8275,-6.224078178405762,0.05616879463195801,
8276,-6.102102279663086,0.059145212173461914,
8277,-6.126626014709473,0.05698704719543457,
8278,-6.085620880126953,0.05524706840515137,
8279,-6.043550491333008,0.057535648345947266,
8280,-6.09529447555542,0.056603431701660156,-0.871788740158081
8281,-6.123745441436768,0.13175177574157715,
8282,-6.143379211425781,0.056093692779541016,
8283,-6.2660417556762695,0.05719447135925293,
8284,-5.945187568664551,0.05629706382751465,
8285,-6.120525360107422,0.05622076988220215,
8286,-6.174077033996582,0.0577695369720459,
8287,-6.0944600105285645,0.055585384368896484,
8288,-6.204556941986084,0.05571913719177246,
8289,-6.210484504699707,0.057615041732788086,
8290,-6.372347831726074,0.056250572204589844,-0.780726432800293
8291,-6.117241382598877,0.12966609001159668,
8292,-6.029214859008789,0.05638456344604492,
8293,-6.276741027832031,0.0568692684173584,
8294,-6.126942157745361,0.05696415901184082,
8295,-6.236438274383545,0.057410240173339844,
8296,-6.39811897277832,0.05544567108154297,
8297,-5.959571361541748,0.05607748031616211,
8298,-6.02353572845459,0.0583956241607666,
8299,-6.115060329437256,0.05553102493286133,
8300,-6.054930686950684,0.05530548095703125,-0.9575481414794922
8301,-6.066940784454346,0.2685375213623047,
8302,-6.114063262939453,0.05554318428039551,
8303,-6.103530406951904,0.0563044548034668,
8304,-6.046687126159668,0.056238412857055664,
8305,-6.025326728820801,0.05579376220703125,
8306,-6.099346160888672,0.05555224418640137,
8307,-5.895031929016113,0.05654597282409668,
8308,-6.063803672790527,0.05560731887817383,
8309,-6.153255462646484,0.05787515640258789,
8310,-6.231972694396973,0.057708024978637695,-0.8978224396705627
8311,-6.1022257804870605,0.12978410720825195,
8312,-6.214842796325684,0.057503700256347656,
8313,-6.12460470199585,0.05680251121520996,
8314,-6.080989837646484,0.05614185333251953,
8315,-6.057152271270752,0.057524919509887695,
8316,-6.115872383117676,0.05735349655151367,
8317,-5.997375965118408,0.05577230453491211,
8318,-6.131143569946289,0.057152748107910156,
8319,-5.877529144287109,0.05669403076171875,
8320,-6.029747486114502,0.056665897369384766,-0.7708353996276855
8321,-6.021397590637207,0.1345055103302002,
8322,-6.165604114532471,0.05846762657165527,
8323,-6.086536884307861,0.056356191635131836,
8324,-6.043826103210449,0.05677199363708496,
8325,-6.1510329246521,0.05810213088989258,
8326,-6.197515964508057,0.05830502510070801,
8327,-6.024435997009277,0.05725216865539551,
8328,-6.362891674041748,0.05658411979675293,
8329,-6.224607944488525,0.05663561820983887,
8330,-6.205300331115723,0.0580599308013916,-0.8372578024864197
8331,-5.997698783874512,0.13383793830871582,
8332,-5.94611930847168,0.056897878646850586,
8333,-5.958608627319336,0.05736660957336426,
8334,-6.144170761108398,0.05612373352050781,
8335,-6.057400226593018,0.05631089210510254,
8336,-6.065094947814941,0.056394100189208984,
8337,-6.087193489074707,0.05616474151611328,
8338,-6.059924125671387,0.055773019790649414,
8339,-5.9248857498168945,0.05807781219482422,
8340,-6.1363749504089355,0.05635571479797363,-0.8322455286979675
8341,-6.101602554321289,0.13024473190307617,
8342,-6.022776126861572,0.05708575248718262,
8343,-6.083803176879883,0.05537080764770508,
8344,-5.9365081787109375,0.05655503273010254,
8345,-6.106593608856201,0.05690908432006836,
8346,-5.975216865539551,0.056122779846191406,
8347,-5.9166741371154785,0.05653262138366699,
8348,-6.063587188720703,0.057860612869262695,
8349,-6.168949127197266,0.057497501373291016,
8350,-6.0303730964660645,0.05632281303405762,-0.8338539600372314
8351,-6.024828910827637,0.13323736190795898,
8352,-5.823980331420898,0.05656242370605469,
8353,-5.9290852546691895,0.05626630783081055,
8354,-5.936291694641113,0.05744433403015137,
8355,-6.031619548797607,0.05629229545593262,
8356,-6.048245429992676,0.05664515495300293,
8357,-5.990715980529785,0.05664563179016113,
8358,-6.201179504394531,0.0573732852935791,
8359,-6.090864181518555,0.056679725646972656,
8360,-6.004885673522949,0.05704474449157715,-0.81440669298172
8361,-6.092719078063965,0.13423800468444824,
8362,-6.171421051025391,0.05796241760253906,
8363,-6.126044273376465,0.05659985542297363,
8364,-6.050158500671387,0.05553889274597168,
8365,-6.13129186630249,0.05805349349975586,
8366,-6.06572151184082,0.05634284019470215,
8367,-6.061014175415039,0.05621838569641113,
8368,-6.061054229736328,0.05644059181213379,
8369,-6.179103851318359,0.058064937591552734,
8370,-6.074990272521973,0.056653738021850586,-0.7931579947471619
8371,-5.760153770446777,0.13084149360656738,
8372,-5.965155601501465,0.0576167106628418,
8373,-5.927479267120361,0.05560731887817383,
8374,-5.968995094299316,0.05714845657348633,
8375,-6.073032379150391,0.05755925178527832,
8376,-6.113186359405518,0.0571746826171875,
8377,-6.091620922088623,0.05617833137512207,
8378,-6.172577857971191,0.05760073661804199,
8379,-5.869211196899414,0.05776023864746094,
8380,-6.318655490875244,0.056571006774902344,-0.8589192628860474
8381,-6.046555519104004,0.12879157066345215,
8382,-6.116090297698975,0.0559542179107666,
8383,-6.104592800140381,0.05641746520996094,
8384,-6.151453971862793,0.05811595916748047,
8385,-5.924375534057617,0.057295799255371094,
8386,-6.106056213378906,0.05651450157165527,
8387,-6.1967926025390625,0.056791067123413086,
8388,-6.0037946701049805,0.05767059326171875,
8389,-5.941624641418457,0.05569601058959961,
8390,-5.988428115844727,0.057129621505737305,-0.843523383140564
8391,-6.272529602050781,0.13499116897583008,
8392,-6.1858930587768555,0.05665159225463867,
8393,-6.172635078430176,0.05542469024658203,
8394,-6.198065757751465,0.05642533302307129,
8395,-6.081509113311768,0.05624532699584961,
8396,-6.045963287353516,0.05611252784729004,
8397,-5.997395992279053,0.05692791938781738,
8398,-5.993680477142334,0.057175397872924805,
8399,-6.0020036697387695,0.057106733322143555,
8400,-6.024547576904297,0.05650043487548828,-0.7265747785568237
8401,-6.00760555267334,0.12999272346496582,
8402,-6.1162919998168945,0.056687116622924805,
8403,-6.201373100280762,0.056861162185668945,
8404,-6.193480491638184,0.0563046932220459,
8405,-6.003227233886719,0.05601906776428223,
8406,-5.991437911987305,0.05794978141784668,
8407,-6.263470649719238,0.05632758140563965,
8408,-6.040464878082275,0.056218862533569336,
8409,-6.274896621704102,0.05645561218261719,
8410,-6.216336727142334,0.05600547790527344,-0.8284620046615601
8411,-6.144250869750977,0.13437461853027344,
8412,-6.305095672607422,0.05771064758300781,
8413,-6.325801372528076,0.05607438087463379,
8414,-6.160313129425049,0.0559542179107666,
8415,-6.124192237854004,0.05808115005493164,
8416,-6.008316516876221,0.05607962608337402,
8417,-6.0134992599487305,0.05585908889770508,
8418,-6.105550289154053,0.057100772857666016,
8419,-6.105445384979248,0.05586361885070801,
8420,-6.095954895019531,0.05634140968322754,-0.8742503523826599
8421,-6.1246161460876465,0.26027870178222656,
8422,-6.041507720947266,0.057137250900268555,
8423,-5.955604553222656,0.05663871765136719,
8424,-5.865390777587891,0.056749820709228516,
8425,-6.14159631729126,0.057671308517456055,
8426,-6.089491367340088,0.05759072303771973,
8427,-5.859200477600098,0.058600425720214844,
8428,-5.939345359802246,0.05677938461303711,
8429,-6.033713340759277,0.05773782730102539,
8430,-5.9793219566345215,0.057903289794921875,-0.9627844095230103
8431,-5.993326187133789,0.1297469139099121,
8432,-6.070676803588867,0.05700516700744629,
8433,-5.92208194732666,0.05671215057373047,
8434,-6.020054817199707,0.0564723014831543,
8435,-6.232342720031738,0.05733966827392578,
8436,-6.181142807006836,0.05745196342468262,
8437,-6.118031978607178,0.05590200424194336,
8438,-6.328973293304443,0.05559897422790527,
8439,-6.293698310852051,0.05685925483703613,
8440,-6.168673515319824,0.05624866485595703,-0.8374267816543579
8441,-6.2774858474731445,0.1318814754486084,
8442,-5.968503475189209,0.056511878967285156,
8443,-6.1357269287109375,0.05858802795410156,
8444,-5.990508079528809,0.055856943130493164,
8445,-6.125863075256348,0.05608010292053223,
8446,-6.117195129394531,0.05708622932434082,
8447,-6.135983943939209,0.05577802658081055,
8448,-6.124321937561035,0.05709385871887207,
8449,-5.953671932220459,0.05551576614379883,
8450,-5.670846939086914,0.056737661361694336,-0.8172335624694824
8451,-6.109769821166992,0.13306474685668945,
8452,-6.201916217803955,0.05846095085144043,
8453,-6.087268352508545,0.05704331398010254,
8454,-6.0065813064575195,0.05661153793334961,
8455,-6.361179828643799,0.05739998817443848,
8456,-6.137826919555664,0.0565953254699707,
8457,-6.128443717956543,0.05597043037414551,
8458,-6.057205677032471,0.05731081962585449,
8459,-6.053683280944824,0.05642127990722656,
8460,-6.0539164543151855,0.05558896064758301,-0.9653624296188354
8461,-5.944081783294678,0.1334834098815918,
8462,-6.099596977233887,0.05698251724243164,
8463,-6.187674045562744,0.05546402931213379,
8464,-5.960071563720703,0.055942535400390625,
8465,-6.224739074707031,0.05769681930541992,
8466,-6.3105244636535645,0.05597329139709473,
8467,-6.347262859344482,0.05605196952819824,
8468,-5.98861026763916,0.05727672576904297,
8469,-6.227138042449951,0.056887149810791016,
8470,-6.139668941497803,0.0559079647064209,-0.8149133920669556
8471,-6.086254119873047,0.13171601295471191,
8472,-6.161334991455078,0.0565493106842041,
8473,-6.124783515930176,0.0575261116027832,
8474,-6.080723762512207,0.05717110633850098,
8475,-6.092547416687012,0.05559229850769043,
8476,-6.157410621643066,0.0564115047454834,
8477,-6.148015975952148,0.05794024467468262,
8478,-5.821454048156738,0.05674552917480469,
8479,-6.2379655838012695,0.056688547134399414,
8480,-6.294813632965088,0.05701136589050293,-0.9018081426620483
8481,-6.225913047790527,0.13182401657104492,
8482,-6.189352035522461,0.055747032165527344,
8483,-6.147778511047363,0.057457685470581055,
8484,-6.237963676452637,0.05643749237060547,
8485,-6.247239112854004,0.056385040283203125,
8486,-6.296871185302734,0.0578923225402832,
8487,-6.216741561889648,0.056982994079589844,
8488,-6.243631362915039,0.05570793151855469,
8489,-6.3140363693237305,0.056314706802368164,
8490,-6.201355457305908,0.0582425594329834,-0.8842204213142395
8491,-6.237114906311035,0.13472509384155273,
8492,-6.025592803955078,0.055812835693359375,
8493,-6.0793609619140625,0.05605196952819824,
8494,-6.107212543487549,0.056365251541137695,
8495,-6.13398551940918,0.055913686752319336,
8496,-6.078485488891602,0.057912349700927734,
8497,-6.176445007324219,0.057108163833618164,
8498,-6.101082801818848,0.056491851806640625,
8499,-6.063127517700195,0.05690503120422363,
8500,-6.01753044128418,0.05850625038146973,-0.8442697525024414
8501,-5.995475769042969,0.1285567283630371,
8502,-6.172062873840332,0.05724787712097168,
8503,-6.184218406677246,0.056795358657836914,
8504,-6.165331840515137,0.0567469596862793,
8505,-6.232594966888428,0.05735611915588379,
8506,-6.111609935760498,0.057364463806152344,
8507,-6.311641693115234,0.056606292724609375,
8508,-6.096215724945068,0.057739973068237305,
8509,-6.197663307189941,0.057769775390625,
8510,-6.188625335693359,0.05822634696960449,-0.8515894412994385
8511,-6.211142539978027,0.13293790817260742,
8512,-6.019397735595703,0.05627274513244629,
8513,-6.102033615112305,0.058264970779418945,
8514,-5.951205730438232,0.05635213851928711,
8515,-6.051486968994141,0.05576682090759277,
8516,-6.110200881958008,0.05650830268859863,
8517,-5.999066352844238,0.05705451965332031,
8518,-6.153608798980713,0.05566072463989258,
8519,-6.137320518493652,0.057352542877197266,
8520,-6.3107709884643555,0.057050466537475586,-0.8725216388702393
8521,-6.145044803619385,0.13019227981567383,
8522,-5.989945411682129,0.0578916072845459,
8523,-6.092626571655273,0.05558967590332031,
8524,-6.191763877868652,0.05635976791381836,
8525,-6.179079055786133,0.05632305145263672,
8526,-6.034040451049805,0.0565640926361084,
8527,-6.10292911529541,0.056971073150634766,
8528,-6.041570663452148,0.05635809898376465,
8529,-6.104747772216797,0.055895090103149414,
8530,-6.056836128234863,0.0563654899597168,-0.8576978445053101
8531,-6.04026460647583,0.13348770141601562,
8532,-6.0029473304748535,0.05584144592285156,
8533,-6.130913734436035,0.056749582290649414,
8534,-6.153852462768555,0.05628323554992676,
8535,-6.150535583496094,0.05591106414794922,
8536,-6.173140525817871,0.05658555030822754,
8537,-6.227407932281494,0.0553889274597168,
8538,-6.266331672668457,0.05667996406555176,
8539,-6.104659080505371,0.05646038055419922,
8540,-6.089582443237305,0.05588865280151367,-0.8881462812423706
8541,-6.067225933074951,0.26932406425476074,
8542,-6.1540937423706055,0.05675101280212402,
8543,-6.331048011779785,0.056076765060424805,
8544,-6.186282157897949,0.05781102180480957,
8545,-5.965960502624512,0.05697941780090332,
8546,-5.960193634033203,0.0559687614440918,
8547,-6.125248908996582,0.057494401931762695,
8548,-6.074176788330078,0.05736494064331055,
8549,-5.958800315856934,0.05605888366699219,
8550,-6.1477155685424805,0.05680060386657715,-0.9206898808479309
8551,-5.982718467712402,0.1302633285522461,
8552,-5.946898460388184,0.055405378341674805,
8553,-5.939792156219482,0.05526161193847656,
8554,-6.142971992492676,0.05718803405761719,
8555,-5.9860310554504395,0.05668210983276367,
8556,-6.064047813415527,0.056368350982666016,
8557,-6.024003982543945,0.05601358413696289,
8558,-6.01470422744751,0.05692481994628906,
8559,-5.853562831878662,0.056943416595458984,
8560,-5.990991115570068,0.056328535079956055,-0.8776546716690063
8561,-5.982743263244629,0.1301255226135254,
8562,-5.816919803619385,0.056005239486694336,
8563,-5.935598373413086,0.05604100227355957,
8564,-6.330305576324463,0.05648326873779297,
8565,-6.257972717285156,0.0551297664642334,
8566,-5.7474365234375,0.055104732513427734,
8567,-6.01872444152832,0.05821847915649414,
8568,-6.009937286376953,0.05629587173461914,
8569,-6.014606475830078,0.05668807029724121,
8570,-6.089780330657959,0.057498931884765625,-0.9157372117042542
8571,-6.06905460357666,0.13258576393127441,
8572,-5.990996360778809,0.05562567710876465,
8573,-6.000061988830566,0.056982994079589844,
8574,-6.241493225097656,0.05645036697387695,
8575,-6.200381278991699,0.05700206756591797,
8576,-6.14082145690918,0.05867791175842285,
8577,-5.985161304473877,0.05748248100280762,
8578,-6.021569728851318,0.056406259536743164,
8579,-6.129844665527344,0.05790233612060547,
8580,-6.198238372802734,0.05575156211853027,-0.8283848762512207
8581,-6.3802714347839355,0.12835931777954102,
8582,-6.338187217712402,0.05687403678894043,
8583,-6.280656814575195,0.055586814880371094,
8584,-6.356019496917725,0.055718183517456055,
8585,-6.203600883483887,0.05764007568359375,
8586,-6.099398612976074,0.05738496780395508,
8587,-6.236688613891602,0.05700564384460449,
8588,-6.288771629333496,0.057201385498046875,
8589,-6.365304470062256,0.05682826042175293,
8590,-6.375385284423828,0.05647015571594238,-0.8662675619125366
8591,-6.240426063537598,0.13336491584777832,
8592,-6.202513694763184,0.05554389953613281,
8593,-6.309208393096924,0.055615901947021484,
8594,-6.316092491149902,0.057168006896972656,
8595,-6.171034812927246,0.05778098106384277,
8596,-6.161502838134766,0.05579876899719238,
8597,-6.04798698425293,0.057474374771118164,
8598,-6.1604743003845215,0.05689430236816406,
8599,-6.234075546264648,0.05726432800292969,
8600,-6.125824928283691,0.05605483055114746,-0.9401600360870361
8601,-6.256136894226074,0.13436532020568848,
8602,-6.105406761169434,0.05597186088562012,
8603,-6.1601104736328125,0.05631852149963379,
8604,-6.264387607574463,0.05686235427856445,
8605,-6.237349510192871,0.055520057678222656,
8606,-6.18524694442749,0.056450843811035156,
8607,-6.208827495574951,0.05749773979187012,
8608,-6.348625659942627,0.056624650955200195,
8609,-6.201805114746094,0.05644559860229492,
8610,-6.095595359802246,0.057514190673828125,-0.9283208250999451
8611,-6.0255231857299805,0.1303844451904297,
8612,-6.033934593200684,0.05643105506896973,
8613,-6.046638488769531,0.05764317512512207,
8614,-6.031395435333252,0.05551409721374512,
8615,-5.944266319274902,0.0562434196472168,
8616,-6.023179054260254,0.05701303482055664,
8617,-6.06624698638916,0.057874441146850586,
8618,-6.1529622077941895,0.05584979057312012,
8619,-6.1844706535339355,0.05730319023132324,
8620,-6.224386692047119,0.05909109115600586,-0.8735975027084351
8621,-6.077028274536133,0.13224363327026367,
8622,-5.97014856338501,0.05646872520446777,
8623,-6.166352272033691,0.05786752700805664,
8624,-6.1417388916015625,0.056176185607910156,
8625,-6.123290061950684,0.05683255195617676,
8626,-6.092557907104492,0.057265281677246094,
8627,-6.332713603973389,0.0576934814453125,
8628,-6.285694599151611,0.05661582946777344,
8629,-6.131661415100098,0.05682826042175293,
8630,-6.1380181312561035,0.05760049819946289,-0.8768842220306396
8631,-6.147351264953613,0.12943124771118164,
8632,-6.229462623596191,0.05661582946777344,
8633,-6.061291694641113,0.05566883087158203,
8634,-6.059858322143555,0.05598926544189453,
8635,-6.144586563110352,0.05800199508666992,
8636,-6.105400562286377,0.05830049514770508,
8637,-6.154348373413086,0.056357383728027344,
8638,-6.071952819824219,0.05627775192260742,
8639,-6.0528435707092285,0.05757713317871094,
8640,-6.22343635559082,0.05648374557495117,-0.87937331199646
8641,-6.319531440734863,0.12780404090881348,
8642,-6.040713310241699,0.05662393569946289,
8643,-6.085392951965332,0.055463314056396484,
8644,-6.008416175842285,0.05710315704345703,
8645,-6.088852882385254,0.05729365348815918,
8646,-5.896991729736328,0.05608797073364258,
8647,-6.041014671325684,0.056658029556274414,
8648,-6.159079551696777,0.05917763710021973,
8649,-6.136633396148682,0.05749917030334473,
8650,-6.070075988769531,0.05682706832885742,-0.8911489248275757
8651,-6.119146347045898,0.13268518447875977,
8652,-6.105953216552734,0.05801534652709961,
8653,-6.045166015625,0.05644965171813965,
8654,-5.927893161773682,0.05594182014465332,
8655,-6.264786243438721,0.05650186538696289,
8656,-5.917058944702148,0.05528903007507324,
8657,-5.8965301513671875,0.057917118072509766,
8658,-5.768219470977783,0.05835080146789551,
8659,-5.965439796447754,0.05663156509399414,
8660,-5.917814254760742,0.05582737922668457,-1.0399631261825562
8661,-5.654480934143066,0.2868921756744385,
8662,-5.883054733276367,0.0563814640045166,
8663,-5.948615074157715,0.055382490158081055,
8664,-5.831197261810303,0.0563511848449707,
8665,-5.611049175262451,0.05806374549865723,
8666,-5.919521808624268,0.056369781494140625,
8667,-6.002480506896973,0.05734753608703613,
8668,-6.1085615158081055,0.05652427673339844,
8669,-6.013251304626465,0.05685019493103027,
8670,-6.195557594299316,0.05750083923339844,-0.8851768374443054
8671,-6.303589344024658,0.1294095516204834,
8672,-6.063911437988281,0.056038618087768555,
8673,-6.032931804656982,0.05599474906921387,
8674,-6.033447265625,0.05493569374084473,
8675,-5.9624128341674805,0.0573887825012207,
8676,-5.949947834014893,0.05736351013183594,
8677,-5.9134674072265625,0.05601048469543457,
8678,-6.0910234451293945,0.05673646926879883,
8679,-6.113112926483154,0.05581188201904297,
8680,-5.956327438354492,0.05608057975769043,-0.877767026424408
8681,-6.124297618865967,0.13001656532287598,
8682,-6.135921478271484,0.05697369575500488,
8683,-6.319979190826416,0.055876731872558594,
8684,-5.932579040527344,0.056435585021972656,
8685,-6.239290714263916,0.05834460258483887,
8686,-6.319879531860352,0.055503129959106445,
8687,-6.149439811706543,0.057320356369018555,
8688,-6.273715019226074,0.05571627616882324,
8689,-6.06108283996582,0.055745601654052734,
8690,-6.111015796661377,0.05761146545410156,-0.9272456169128418
8691,-6.039516925811768,0.12841129302978516,
8692,-6.3763885498046875,0.057007789611816406,
8693,-6.1102190017700195,0.05780029296875,
8694,-5.956207275390625,0.05515098571777344,
8695,-6.139555931091309,0.05626177787780762,
8696,-5.968601226806641,0.056210994720458984,
8697,-5.692665100097656,0.05626106262207031,
8698,-5.900616645812988,0.05530881881713867,
8699,-5.874004364013672,0.056952476501464844,
8700,-5.826142311096191,0.05637860298156738,-0.9756146669387817
8701,-6.043734073638916,0.13243722915649414,
8702,-5.940215587615967,0.05798602104187012,
8703,-6.129609107971191,0.05634593963623047,
8704,-5.820326805114746,0.05642414093017578,
8705,-5.872496604919434,0.0565342903137207,
8706,-6.123499870300293,0.05729985237121582,
8707,-6.105752468109131,0.056111812591552734,
8708,-6.231655120849609,0.057630062103271484,
8709,-6.083279609680176,0.05640745162963867,
8710,-6.102691650390625,0.056529998779296875,-0.9676194787025452
8711,-6.05246639251709,0.1339859962463379,
8712,-6.201520919799805,0.05661320686340332,
8713,-6.052816390991211,0.0545802116394043,
8714,-6.085571765899658,0.05673384666442871,
8715,-5.936189651489258,0.05762457847595215,
8716,-5.9221086502075195,0.054872751235961914,
8717,-6.104744911193848,0.05670309066772461,
8718,-5.9702582359313965,0.05608868598937988,
8719,-6.051098823547363,0.0556645393371582,
8720,-5.938633918762207,0.05599713325500488,-0.9290531277656555
8721,-5.969765663146973,0.13261175155639648,
8722,-6.02385139465332,0.05567574501037598,
8723,-5.777270317077637,0.056436777114868164,
8724,-6.001392364501953,0.0565791130065918,
8725,-6.056203842163086,0.057520151138305664,
8726,-6.007721900939941,0.055506229400634766,
8727,-6.228921890258789,0.05654287338256836,
8728,-6.3045501708984375,0.05639004707336426,
8729,-6.131231307983398,0.05747628211975098,
8730,-6.189749717712402,0.05947279930114746,-0.9276492595672607
8731,-6.2213640213012695,0.13392424583435059,
8732,-6.146825790405273,0.056017160415649414,
8733,-5.825892448425293,0.055217742919921875,
8734,-6.120124816894531,0.05598878860473633,
8735,-6.143939018249512,0.055008888244628906,
8736,-6.157495021820068,0.05476069450378418,
8737,-6.213050842285156,0.05677676200866699,
8738,-6.150261878967285,0.05577731132507324,
8739,-6.173154830932617,0.056992530822753906,
8740,-6.155240535736084,0.05771780014038086,-0.85193932056427
8741,-6.083185195922852,0.13100671768188477,
8742,-6.344805717468262,0.05633139610290527,
8743,-6.386038780212402,0.05755734443664551,
8744,-6.407080173492432,0.0561680793762207,
8745,-6.24667501449585,0.055932044982910156,
8746,-6.117657661437988,0.05665159225463867,
8747,-6.298646926879883,0.05698084831237793,
8748,-6.245495796203613,0.05719637870788574,
8749,-6.212467670440674,0.05694174766540527,
8750,-6.289358615875244,0.05741095542907715,-0.9131619930267334
8751,-6.192866802215576,0.13037943840026855,
8752,-6.1020355224609375,0.05825448036193848,
8753,-6.101063251495361,0.05605602264404297,
8754,-6.208285808563232,0.05652284622192383,
8755,-6.141173362731934,0.058171749114990234,
8756,-6.279376029968262,0.05689644813537598,
8757,-5.869227409362793,0.05581164360046387,
8758,-6.068304538726807,0.05808591842651367,
8759,-6.149105072021484,0.05957603454589844,
8760,-6.161971092224121,0.0574336051940918,-0.8578292727470398
8761,-5.940340995788574,0.1321110725402832,
8762,-6.093073844909668,0.05744671821594238,
8763,-6.032843112945557,0.05690789222717285,
8764,-6.2122907638549805,0.05582594871520996,
8765,-6.044658660888672,0.057045698165893555,
8766,-6.051187515258789,0.05713701248168945,
8767,-6.129119873046875,0.05617260932922363,
8768,-6.240696907043457,0.05687379837036133,
8769,-6.027605056762695,0.05762648582458496,
8770,-6.0951642990112305,0.05606865882873535,-0.8544762134552002
8771,-6.294434547424316,0.13015317916870117,
8772,-6.262681484222412,0.057129859924316406,
8773,-6.326175689697266,0.05593562126159668,
8774,-6.192434310913086,0.056395530700683594,
8775,-6.183743476867676,0.05660605430603027,
8776,-6.392050743103027,0.05694317817687988,
8777,-6.236061096191406,0.056548118591308594,
8778,-6.174280166625977,0.05739140510559082,
8779,-6.23295783996582,0.05535078048706055,
8780,-6.308658123016357,0.05540060997009277,-0.9354389905929565
8781,-6.281455993652344,0.12987422943115234,
8782,-6.220401287078857,0.0570070743560791,
8783,-6.082553386688232,0.057420969009399414,
8784,-6.218949317932129,0.05606842041015625,
8785,-6.166561126708984,0.05505728721618652,
8786,-6.219463348388672,0.056939125061035156,
8787,-6.159469127655029,0.056804656982421875,
8788,-6.1429595947265625,0.05633258819580078,
8789,-6.049030303955078,0.05516648292541504,
8790,-6.13210391998291,0.05516934394836426,-0.8160533905029297
8791,-6.267187118530273,0.24971723556518555,
8792,-6.221851348876953,0.05602526664733887,
8793,-6.14288854598999,0.0564112663269043,
8794,-6.317067623138428,0.05591869354248047,
8795,-6.339316368103027,0.05727791786193848,
8796,-6.040060997009277,0.05469155311584473,
8797,-6.086336135864258,0.05595684051513672,
8798,-6.202930927276611,0.05679726600646973,
8799,-6.122178554534912,0.0558466911315918,
8800,-6.074834823608398,0.05630803108215332,-0.8761999607086182
8801,-6.017493724822998,0.1290147304534912,
8802,-6.069314002990723,0.05615568161010742,
8803,-6.285201072692871,0.057726144790649414,
8804,-6.0272536277771,0.057875871658325195,
8805,-6.149714469909668,0.05598163604736328,
8806,-6.119463920593262,0.057805776596069336,
8807,-6.163290977478027,0.056488752365112305,
8808,-6.134371280670166,0.05669212341308594,
8809,-5.884170055389404,0.056061506271362305,
8810,-6.183889865875244,0.05739903450012207,-0.8463506102561951
8811,-6.03952693939209,0.13107991218566895,
8812,-5.938591003417969,0.05823516845703125,
8813,-5.9355010986328125,0.05573248863220215,
8814,-6.058993339538574,0.05506396293640137,
8815,-6.005125045776367,0.05685997009277344,
8816,-6.09846830368042,0.056954383850097656,
8817,-6.07196044921875,0.05708456039428711,
8818,-6.191313743591309,0.056624412536621094,
8819,-6.146686553955078,0.05764317512512207,
8820,-6.2224931716918945,0.056722164154052734,-0.8817083835601807
8821,-5.978631019592285,0.1348261833190918,
8822,-6.0072479248046875,0.05658888816833496,
8823,-6.190146446228027,0.056771278381347656,
8824,-6.04748010635376,0.05628681182861328,
8825,-6.005492210388184,0.0569760799407959,
8826,-6.125209808349609,0.05707359313964844,
8827,-6.0362348556518555,0.05646038055419922,
8828,-5.9700822830200195,0.05644512176513672,
8829,-6.141404151916504,0.0572514533996582,
8830,-6.101529598236084,0.05751681327819824,-0.8950316309928894
8831,-6.008352279663086,0.13381576538085938,
8832,-5.918763160705566,0.056011199951171875,
8833,-6.1264848709106445,0.05879664421081543,
8834,-6.012388229370117,0.05694246292114258,
8835,-6.261081695556641,0.05663418769836426,
8836,-6.202718257904053,0.05771040916442871,
8837,-6.231956958770752,0.0578913688659668,
8838,-6.290254592895508,0.05689549446105957,
8839,-6.158307075500488,0.05696988105773926,
8840,-5.945675849914551,0.05805158615112305,-0.7868562936782837
8841,-6.037530422210693,0.12916183471679688,
8842,-6.026112079620361,0.055908203125,
8843,-6.155977249145508,0.05539393424987793,
8844,-6.230365753173828,0.05652117729187012,
8845,-6.1153564453125,0.05818438529968262,
8846,-6.0629730224609375,0.056002140045166016,
8847,-6.123049736022949,0.05585193634033203,
8848,-6.154960632324219,0.058039188385009766,
8849,-6.240373134613037,0.05643606185913086,
8850,-6.14381217956543,0.056775808334350586,-0.8797574639320374
8851,-6.239601135253906,0.127732515335083,
8852,-6.108229160308838,0.057093143463134766,
8853,-6.2832441329956055,0.056917667388916016,
8854,-6.306948661804199,0.056748390197753906,
8855,-6.08836555480957,0.05624508857727051,
8856,-6.065753936767578,0.05711793899536133,
8857,-6.216858863830566,0.05653071403503418,
8858,-6.310599327087402,0.05633139610290527,
8859,-6.155501842498779,0.057439565658569336,
8860,-6.15004825592041,0.05832839012145996,-0.9001489877700806
8861,-6.191962242126465,0.12734508514404297,
8862,-6.34586763381958,0.05712294578552246,
8863,-6.229069709777832,0.055413246154785156,
8864,-6.0849480628967285,0.055860042572021484,
8865,-6.14213228225708,0.05659794807434082,
8866,-6.167123794555664,0.055988311767578125,
8867,-6.172019004821777,0.05779600143432617,
8868,-6.014348983764648,0.05727028846740723,
8869,-5.9611358642578125,0.05585289001464844,
8870,-6.19285774230957,0.05664873123168945,-0.9272425174713135
8871,-6.001634120941162,0.13025283813476562,
8872,-5.963568687438965,0.05587577819824219,
8873,-6.048696994781494,0.056984901428222656,
8874,-6.1281232833862305,0.0566859245300293,
8875,-6.083555221557617,0.05673670768737793,
8876,-6.216611862182617,0.05673623085021973,
8877,-6.000646591186523,0.057146549224853516,
8878,-6.153380870819092,0.0561823844909668,
8879,-6.101287841796875,0.05768895149230957,
8880,-6.100847244262695,0.057633399963378906,-0.9218674302101135
8881,-6.126304626464844,0.13048863410949707,
8882,-6.049046516418457,0.05839896202087402,
8883,-6.176064491271973,0.0566866397857666,
8884,-5.975777626037598,0.0566098690032959,
8885,-6.171438694000244,0.05659365653991699,
8886,-6.158299446105957,0.05771493911743164,
8887,-5.997344970703125,0.05664491653442383,
8888,-6.087166786193848,0.056281089782714844,
8889,-5.934564590454102,0.05745840072631836,
8890,-5.932608604431152,0.055426597595214844,-0.9815738201141357
8891,-5.869871139526367,0.1289224624633789,
8892,-6.043511390686035,0.05608034133911133,
8893,-6.077651023864746,0.05620694160461426,
8894,-5.922189712524414,0.05808687210083008,
8895,-5.877527236938477,0.056027889251708984,
8896,-5.906764030456543,0.056403160095214844,
8897,-6.139848709106445,0.05698680877685547,
8898,-6.078646183013916,0.056777000427246094,
8899,-6.076481819152832,0.05606389045715332,
8900,-6.026122093200684,0.057993173599243164,-0.9401339888572693
8901,-6.161632537841797,0.13391375541687012,
8902,-5.982317924499512,0.05679130554199219,
8903,-6.057670593261719,0.05622553825378418,
8904,-5.937030792236328,0.05715298652648926,
8905,-5.941806793212891,0.055954694747924805,
8906,-6.106522560119629,0.056179046630859375,
8907,-6.2165961265563965,0.056891441345214844,
8908,-6.102298259735107,0.05557084083557129,
8909,-6.145613670349121,0.057291269302368164,
8910,-6.124889373779297,0.05642223358154297,-0.8526235222816467
8911,-5.948745250701904,0.26810646057128906,
8912,-6.233509063720703,0.05797600746154785,
8913,-6.190217018127441,0.05608725547790527,
8914,-6.172350883483887,0.05671381950378418,
8915,-6.321791648864746,0.057230234146118164,
8916,-6.302718162536621,0.05691075325012207,
8917,-6.21051025390625,0.056633949279785156,
8918,-6.152949333190918,0.055905818939208984,
8919,-6.127511024475098,0.05692458152770996,
8920,-6.20107364654541,0.056891679763793945,-0.903273344039917
8921,-6.257765293121338,0.12750911712646484,
8922,-6.330608367919922,0.0577387809753418,
8923,-6.200898170471191,0.0575716495513916,
8924,-6.138474464416504,0.05577731132507324,
8925,-6.034075736999512,0.05532217025756836,
8926,-6.020205974578857,0.05806541442871094,
8927,-6.165658950805664,0.0563812255859375,
8928,-6.080267429351807,0.05726981163024902,
8929,-6.090313911437988,0.05763506889343262,
8930,-6.238938808441162,0.058123111724853516,-0.8123629093170166
8931,-6.065308094024658,0.1295301914215088,
8932,-6.021515369415283,0.05696415901184082,
8933,-6.044475078582764,0.056629180908203125,
8934,-6.1154375076293945,0.056447744369506836,
8935,-6.1977386474609375,0.057352542877197266,
8936,-6.011056900024414,0.0573880672454834,
8937,-6.120640754699707,0.056229352951049805,
8938,-6.180234432220459,0.05673861503601074,
8939,-6.115995407104492,0.05665445327758789,
8940,-6.137314796447754,0.05646038055419922,-0.9007534980773926
8941,-6.157839775085449,0.13003778457641602,
8942,-6.091062068939209,0.05590057373046875,
8943,-6.122532844543457,0.05515336990356445,
8944,-6.211291313171387,0.055898189544677734,
8945,-6.122627258300781,0.05632781982421875,
8946,-6.006650924682617,0.05687737464904785,
8947,-6.036060333251953,0.05625772476196289,
8948,-6.207061767578125,0.057289838790893555,
8949,-6.221412658691406,0.05818057060241699,
8950,-6.154278755187988,0.05821037292480469,-0.9265741109848022
8951,-6.227425575256348,0.13341712951660156,
8952,-6.217638969421387,0.05656552314758301,
8953,-5.9365363121032715,0.058241844177246094,
8954,-6.099380970001221,0.05708670616149902,
8955,-6.148948669433594,0.0568082332611084,
8956,-6.187198162078857,0.05755424499511719,
8957,-6.096828937530518,0.05762052536010742,
8958,-6.17032527923584,0.05582737922668457,
8959,-6.189733505249023,0.05591082572937012,
8960,-6.0001325607299805,0.05761289596557617,-0.8812068104743958
8961,-6.1569437980651855,0.1330089569091797,
8962,-6.166308403015137,0.05783510208129883,
8963,-6.275259494781494,0.05682373046875,
8964,-6.259847640991211,0.05592799186706543,
8965,-5.981598854064941,0.056199073791503906,
8966,-5.945082664489746,0.05732917785644531,
8967,-6.069350242614746,0.05681610107421875,
8968,-6.140377044677734,0.05621528625488281,
8969,-6.020715236663818,0.056569576263427734,
8970,-6.047363758087158,0.05724525451660156,-0.818629801273346
8971,-5.9820098876953125,0.12965679168701172,
8972,-5.997347354888916,0.05825519561767578,
8973,-5.876277923583984,0.056493520736694336,
8974,-5.971040725708008,0.05607151985168457,
8975,-6.06113338470459,0.055390357971191406,
8976,-6.104894638061523,0.056268930435180664,
8977,-5.999389171600342,0.05615544319152832,
8978,-6.226124286651611,0.05847024917602539,
8979,-6.00074577331543,0.05623197555541992,
8980,-6.002495765686035,0.05867409706115723,-0.9175633192062378
8981,-5.987847328186035,0.13232731819152832,
8982,-5.9979248046875,0.0570683479309082,
8983,-6.034322738647461,0.056531667709350586,
8984,-5.96473503112793,0.058556318283081055,
8985,-6.026017189025879,0.058182477951049805,
8986,-5.916595458984375,0.05770111083984375,
8987,-5.9859161376953125,0.055631160736083984,
8988,-6.116608619689941,0.05757594108581543,
8989,-6.04799222946167,0.057607412338256836,
8990,-6.000002384185791,0.05698227882385254,-0.8301395177841187
8991,-6.04402494430542,0.13013935089111328,
8992,-6.075677871704102,0.05599164962768555,
8993,-6.140326499938965,0.05712747573852539,
8994,-6.098140716552734,0.057000160217285156,
8995,-6.122366428375244,0.05746173858642578,
8996,-6.167353630065918,0.056276559829711914,
8997,-6.149931907653809,0.05778646469116211,
8998,-5.864743709564209,0.05737447738647461,
8999,-5.981958389282227,0.0563814640045166,
9000,-5.834924697875977,0.056028127670288086,-0.8586257100105286
9001,-5.851630687713623,0.13178062438964844,
9002,-6.01228141784668,0.056249380111694336,
9003,-6.017473220825195,0.05732297897338867,
9004,-6.021200656890869,0.05737185478210449,
9005,-5.8913750648498535,0.05640292167663574,
9006,-6.104562759399414,0.05760478973388672,
9007,-6.161856651306152,0.056017160415649414,
9008,-6.108168125152588,0.05501675605773926,
9009,-6.109160423278809,0.05506706237792969,
9010,-6.127169609069824,0.05782341957092285,-0.9046085476875305
9011,-6.095150470733643,0.12726211547851562,
9012,-6.199875354766846,0.05632615089416504,
9013,-6.122647285461426,0.05600619316101074,
9014,-6.12237024307251,0.055925846099853516,
9015,-6.410862922668457,0.05730295181274414,
9016,-6.177303314208984,0.05597209930419922,
9017,-6.113642692565918,0.057976722717285156,
9018,-6.228387832641602,0.057656049728393555,
9019,-6.237653732299805,0.05610918998718262,
9020,-6.070908069610596,0.05637097358703613,-0.8508528470993042
9021,-6.183600425720215,0.12780261039733887,
9022,-6.087461471557617,0.05670022964477539,
9023,-6.014245510101318,0.05713963508605957,
9024,-6.345526695251465,0.05620384216308594,
9025,-6.263393878936768,0.055967092514038086,
9026,-6.356125354766846,0.05708432197570801,
9027,-6.2717084884643555,0.05798530578613281,
9028,-6.078426361083984,0.056633949279785156,
9029,-6.18773889541626,0.056726694107055664,
9030,-6.163695812225342,0.05630922317504883,-0.7918583750724792
9031,-6.278885841369629,0.2670457363128662,
9032,-6.227643966674805,0.05727696418762207,
9033,-6.374777793884277,0.05485725402832031,
9034,-6.417873382568359,0.0567011833190918,
9035,-6.248034477233887,0.05676722526550293,
9036,-6.036455154418945,0.05588126182556152,
9037,-6.092937469482422,0.05523085594177246,
9038,-6.042081832885742,0.056584835052490234,
9039,-5.901047706604004,0.05624651908874512,
9040,-6.133098125457764,0.05655217170715332,-0.8686789274215698
9041,-6.2064714431762695,0.13355255126953125,
9042,-6.042145252227783,0.05649542808532715,
9043,-6.010284900665283,0.05592036247253418,
9044,-6.042901039123535,0.05753302574157715,
9045,-6.134268760681152,0.05760383605957031,
9046,-6.165676116943359,0.05682992935180664,
9047,-6.284901142120361,0.05625128746032715,
9048,-6.276669502258301,0.0569460391998291,
9049,-5.93168830871582,0.056136369705200195,
9050,-6.256157875061035,0.056346893310546875,-0.8596792817115784
9051,-6.101323127746582,0.13065695762634277,
9052,-6.166971206665039,0.05502629280090332,
9053,-6.4110918045043945,0.0581207275390625,
9054,-6.224221229553223,0.05639791488647461,
9055,-6.237618446350098,0.05610513687133789,
9056,-5.9599809646606445,0.05580925941467285,
9057,-6.130617618560791,0.05492377281188965,
9058,-6.095655918121338,0.05647158622741699,
9059,-6.024354457855225,0.05585956573486328,
9060,-6.015295028686523,0.05443739891052246,-0.8404001593589783
9061,-6.044156074523926,0.1334848403930664,
9062,-6.181065559387207,0.055480003356933594,
9063,-6.070323944091797,0.05663704872131348,
9064,-6.061130523681641,0.05708575248718262,
9065,-5.920662879943848,0.055852413177490234,
9066,-6.019538879394531,0.056899070739746094,
9067,-6.210223197937012,0.05536341667175293,
9068,-5.917025566101074,0.05629730224609375,
9069,-5.946709632873535,0.05674481391906738,
9070,-6.062213897705078,0.057132720947265625,-0.7847602367401123
9071,-6.152834415435791,0.1294412612915039,
9072,-6.084512710571289,0.057683706283569336,
9073,-5.978276252746582,0.057322025299072266,
9074,-6.170222282409668,0.05598187446594238,
9075,-6.211544513702393,0.05694913864135742,
9076,-6.078655242919922,0.05682492256164551,
9077,-6.011618614196777,0.0560305118560791,
9078,-6.3960676193237305,0.057132720947265625,
9079,-6.066596984863281,0.05736827850341797,
9080,-5.948349475860596,0.0566098690032959,-0.8124915957450867
9081,-6.221837043762207,0.1294841766357422,
9082,-6.284637451171875,0.056725502014160156,
9083,-6.244994163513184,0.05631065368652344,
9084,-6.11467170715332,0.05827164649963379,
9085,-6.319167613983154,0.0562894344329834,
9086,-6.271251678466797,0.05643820762634277,
9087,-6.220127105712891,0.05664324760437012,
9088,-6.186840057373047,0.05701637268066406,
9089,-6.170049667358398,0.056324005126953125,
9090,-6.33561897277832,0.05678844451904297,-0.8010822534561157
9091,-6.271417617797852,0.13048195838928223,
9092,-6.177421569824219,0.05679655075073242,
9093,-6.34517765045166,0.056841373443603516,
9094,-6.186078071594238,0.05613541603088379,
9095,-6.081242561340332,0.056885719299316406,
9096,-6.396068096160889,0.05742383003234863,
9097,-6.158121585845947,0.05688333511352539,
9098,-6.166308879852295,0.05679202079772949,
9099,-6.301042556762695,0.05799508094787598,
9100,-6.2759809494018555,0.05666923522949219,-0.7644103169441223
9101,-6.2503767013549805,0.13451385498046875,
9102,-6.351579189300537,0.05779099464416504,
9103,-6.2554473876953125,0.0580601692199707,
9104,-6.3712263107299805,0.05692267417907715,
9105,-6.243417739868164,0.0560758113861084,
9106,-6.202574729919434,0.05762171745300293,
9107,-6.192915916442871,0.057652950286865234,
9108,-6.2474284172058105,0.056032419204711914,
9109,-6.176367282867432,0.05652165412902832,
9110,-6.170525550842285,0.05751609802246094,-0.8626043796539307
9111,-6.10090970993042,0.13029241561889648,
9112,-6.307143688201904,0.057108402252197266,
9113,-5.938956260681152,0.05639362335205078,
9114,-6.067838668823242,0.05690765380859375,
9115,-6.1354169845581055,0.057175397872924805,
9116,-5.957828521728516,0.05797147750854492,
9117,-5.96818733215332,0.05816936492919922,
9118,-6.028404712677002,0.05611252784729004,
9119,-6.088320255279541,0.05648326873779297,
9120,-6.06925106048584,0.05587363243103027,-0.8995612859725952
9121,-6.079029560089111,0.1293318271636963,
9122,-6.261021137237549,0.05607318878173828,
9123,-6.395136833190918,0.056273460388183594,
9124,-6.269628524780273,0.05861353874206543,
9125,-6.295531749725342,0.057427406311035156,
9126,-6.234067916870117,0.05560111999511719,
9127,-6.086636543273926,0.056411027908325195,
9128,-5.977489948272705,0.05780220031738281,
9129,-6.029204368591309,0.05659341812133789,
9130,-6.074713706970215,0.0568695068359375,-0.8018453121185303
9131,-6.134315013885498,0.13145184516906738,
9132,-6.000607013702393,0.05725717544555664,
9133,-6.001232624053955,0.055756568908691406,
9134,-6.019444942474365,0.056543827056884766,
9135,-6.178461074829102,0.0577394962310791,
9136,-6.292813301086426,0.05649089813232422,
9137,-6.265480041503906,0.05607891082763672,
9138,-6.37530517578125,0.05617785453796387,
9139,-6.146916389465332,0.05614137649536133,
9140,-6.355512619018555,0.058145761489868164,-0.8698903322219849
9141,-6.191293239593506,0.13101983070373535,
9142,-6.095444202423096,0.05590987205505371,
9143,-6.181234359741211,0.05606889724731445,
9144,-6.319574356079102,0.057610273361206055,
9145,-6.211458206176758,0.05543112754821777,
9146,-5.901882171630859,0.057799339294433594,
9147,-6.119405746459961,0.057613372802734375,
9148,-6.367617607116699,0.05484437942504883,
9149,-6.085252285003662,0.0547480583190918,
9150,-6.263903617858887,0.05624675750732422,-0.8400309085845947
9151,-6.377771377563477,0.13153600692749023,
9152,-6.251869201660156,0.05685853958129883,
9153,-6.24190092086792,0.05774188041687012,
9154,-6.265602111816406,0.056377410888671875,
9155,-6.086188793182373,0.05660200119018555,
9156,-6.172325134277344,0.05756258964538574,
9157,-6.200695514678955,0.05864143371582031,
9158,-6.116182327270508,0.05644989013671875,
9159,-6.208014488220215,0.055948734283447266,
9160,-6.143499374389648,0.057326316833496094,-0.8095947504043579
9161,-6.092429161071777,0.26474428176879883,
9162,-6.185968399047852,0.05634021759033203,
9163,-6.152257919311523,0.05682110786437988,
9164,-6.168811798095703,0.05691933631896973,
9165,-6.106429100036621,0.05782747268676758,
9166,-6.087499141693115,0.05722665786743164,
9167,-6.011887073516846,0.056774139404296875,
9168,-6.112805366516113,0.056493520736694336,
9169,-6.074256896972656,0.057028770446777344,
9170,-5.839093208312988,0.055739641189575195,-0.9533869028091431
9171,-6.2159833908081055,0.1333920955657959,
9172,-6.007883071899414,0.05701637268066406,
9173,-6.099922180175781,0.05586957931518555,
9174,-6.139969825744629,0.05578160285949707,
9175,-6.094474792480469,0.057729482650756836,
9176,-6.198522567749023,0.05666995048522949,
9177,-6.172552585601807,0.0562131404876709,
9178,-6.269711494445801,0.05746173858642578,
9179,-6.107202529907227,0.05868387222290039,
9180,-6.112765789031982,0.05688834190368652,-0.7444894313812256
9181,-6.282172203063965,0.1279582977294922,
9182,-6.182110786437988,0.05678606033325195,
9183,-6.251518249511719,0.05555367469787598,
9184,-6.243268966674805,0.05733966827392578,
9185,-6.379628658294678,0.056494712829589844,
9186,-6.149265289306641,0.056134939193725586,
9187,-6.347569465637207,0.05742144584655762,
9188,-6.1998291015625,0.05601215362548828,
9189,-6.161795616149902,0.05580711364746094,
9190,-6.063902854919434,0.05648517608642578,-0.8830361366271973
9191,-6.266693115234375,0.13016510009765625,
9192,-6.070659637451172,0.05591177940368652,
9193,-6.150825500488281,0.05768990516662598,
9194,-6.095128059387207,0.055559635162353516,
9195,-6.245476245880127,0.05616450309753418,
9196,-6.109877586364746,0.05872797966003418,
9197,-6.240797996520996,0.056647539138793945,
9198,-6.283481597900391,0.05556321144104004,
9199,-6.232983589172363,0.05771946907043457,
9200,-6.145318031311035,0.056423187255859375,-0.8881759643554688
9201,-6.349519729614258,0.13264083862304688,
9202,-6.160087585449219,0.05751180648803711,
9203,-6.28556489944458,0.057037353515625,
9204,-6.375796318054199,0.05670928955078125,
9205,-6.253116607666016,0.05694246292114258,
9206,-6.17418098449707,0.05574321746826172,
9207,-6.22202205657959,0.05642056465148926,
9208,-6.113451957702637,0.05755043029785156,
9209,-6.060564994812012,0.05632185935974121,
9210,-6.207978248596191,0.05578422546386719,-0.8586300611495972
9211,-6.031373500823975,0.1281261444091797,
9212,-6.002304553985596,0.05639004707336426,
9213,-6.051352500915527,0.05724215507507324,
9214,-6.24951171875,0.056809186935424805,
9215,-6.165639400482178,0.05573844909667969,
9216,-6.185114860534668,0.057108163833618164,
9217,-6.201288223266602,0.05604410171508789,
9218,-6.344552993774414,0.055803775787353516,
9219,-6.21842098236084,0.05707955360412598,
9220,-6.178868293762207,0.05746912956237793,-0.9119506478309631
9221,-6.060050010681152,0.12857556343078613,
9222,-6.058771133422852,0.05750250816345215,
9223,-6.1810197830200195,0.056764841079711914,
9224,-6.227569580078125,0.0568394660949707,
9225,-6.076214790344238,0.05727362632751465,
9226,-5.912748336791992,0.056539058685302734,
9227,-5.969440460205078,0.05606484413146973,
9228,-5.81381893157959,0.05699467658996582,
9229,-5.9972453117370605,0.05672097206115723,
9230,-6.1099982261657715,0.05614781379699707,-0.9585624933242798
9231,-6.022990703582764,0.1315746307373047,
9232,-6.043428421020508,0.05770277976989746,
9233,-6.138225555419922,0.05718731880187988,
9234,-6.0316619873046875,0.056643009185791016,
9235,-6.142096042633057,0.05721116065979004,
9236,-6.269924640655518,0.056594133377075195,
9237,-6.278520584106445,0.05672502517700195,
9238,-6.279796600341797,0.05827760696411133,
9239,-6.052513122558594,0.05615091323852539,
9240,-6.019360542297363,0.0567014217376709,-0.8453335762023926
9241,-6.1366472244262695,0.12671995162963867,
9242,-6.092458724975586,0.05670809745788574,
9243,-6.100773811340332,0.05792045593261719,
9244,-6.07281494140625,0.057505130767822266,
9245,-6.2382001876831055,0.056543588638305664,
9246,-6.362582206726074,0.05828094482421875,
9247,-6.312783241271973,0.057776451110839844,
9248,-6.15159797668457,0.056131839752197266,
9249,-6.250129222869873,0.056911468505859375,
9250,-6.170269012451172,0.05636787414550781,-0.9010229110717773
9251,-6.253444194793701,0.12752914428710938,
9252,-6.368876934051514,0.05809926986694336,
9253,-6.3548784255981445,0.05617856979370117,
9254,-6.123767852783203,0.05615353584289551,
9255,-6.190668106079102,0.057143211364746094,
9256,-6.156529426574707,0.05704021453857422,
9257,-6.412762641906738,0.05507683753967285,
9258,-6.168776035308838,0.057624101638793945,
9259,-6.149450778961182,0.057186126708984375,
9260,-6.2086639404296875,0.05686235427856445,-0.9243165850639343
9261,-6.075870513916016,0.12885379791259766,
9262,-6.118637561798096,0.056223154067993164,
9263,-6.1906633377075195,0.05689215660095215,
9264,-6.139387130737305,0.05650448799133301,
9265,-6.005456924438477,0.05570840835571289,
9266,-5.971713066101074,0.05919933319091797,
9267,-6.3820109367370605,0.057372331619262695,
9268,-6.06534481048584,0.05607795715332031,
9269,-6.025717258453369,0.05606889724731445,
9270,-6.089608192443848,0.05839681625366211,-0.8470343351364136
9271,-6.069765090942383,0.12847423553466797,
9272,-6.126526355743408,0.05774068832397461,
9273,-6.1999711990356445,0.056697845458984375,
9274,-6.1504669189453125,0.05634498596191406,
9275,-6.114577293395996,0.057687997817993164,
9276,-6.150487422943115,0.057008981704711914,
9277,-6.321746826171875,0.05554938316345215,
9278,-6.335686683654785,0.05741310119628906,
9279,-6.08009672164917,0.05686068534851074,
9280,-6.247889995574951,0.05623650550842285,-0.9121909737586975
9281,-6.261432647705078,0.26238393783569336,
9282,-6.313283920288086,0.05613231658935547,
9283,-6.352911949157715,0.05746006965637207,
9284,-6.330282211303711,0.05631852149963379,
9285,-6.23360538482666,0.0567474365234375,
9286,-6.07433557510376,0.05750083923339844,
9287,-6.299563884735107,0.05810189247131348,
9288,-6.074574947357178,0.056226491928100586,
9289,-6.435848712921143,0.055931806564331055,
9290,-6.194954872131348,0.058005332946777344,-0.8146342635154724
9291,-6.448110103607178,0.12984013557434082,
9292,-6.203899383544922,0.05650019645690918,
9293,-6.262627601623535,0.05690503120422363,
9294,-6.3267059326171875,0.05608987808227539,
9295,-6.191178321838379,0.05574488639831543,
9296,-6.240837097167969,0.05840253829956055,
9297,-6.20719051361084,0.05606698989868164,
9298,-6.24765682220459,0.057657480239868164,
9299,-6.4470014572143555,0.05687856674194336,
9300,-6.15150785446167,0.05671048164367676,-0.8024963736534119
9301,-6.096095085144043,0.12930917739868164,
9302,-6.083721160888672,0.05848550796508789,
9303,-6.139908313751221,0.05788850784301758,
9304,-5.983356475830078,0.055873870849609375,
9305,-6.003972053527832,0.05766105651855469,
9306,-6.011314392089844,0.05595517158508301,
9307,-6.05335807800293,0.05639767646789551,
9308,-6.253840923309326,0.058619022369384766,
9309,-6.260568141937256,0.05752897262573242,
9310,-6.120687484741211,0.05553627014160156,-0.8143833875656128
9311,-6.20442008972168,0.1331486701965332,
9312,-6.180987358093262,0.0562286376953125,
9313,-6.163355827331543,0.0564885139465332,
9314,-6.297283172607422,0.055782318115234375,
9315,-6.32850456237793,0.05688643455505371,
9316,-6.3797197341918945,0.056464195251464844,
9317,-6.114593505859375,0.05675315856933594,
9318,-6.194966793060303,0.05867910385131836,
9319,-6.108130931854248,0.057509422302246094,
9320,-6.201746463775635,0.055820465087890625,-0.8935842514038086
9321,-6.156438827514648,0.13052988052368164,
9322,-6.08160400390625,0.055764198303222656,
9323,-6.0826311111450195,0.0570368766784668,
9324,-6.2067766189575195,0.057013511657714844,
9325,-6.095396041870117,0.05645346641540527,
9326,-6.24519157409668,0.05685877799987793,
9327,-6.157204627990723,0.0573887825012207,
9328,-6.220033168792725,0.05570816993713379,
9329,-6.242819786071777,0.05578327178955078,
9330,-6.310202121734619,0.05783486366271973,-0.7912651300430298
9331,-6.247697830200195,0.1271216869354248,
9332,-6.217156887054443,0.05697369575500488,
9333,-6.230293273925781,0.05635643005371094,
9334,-6.180791854858398,0.05616903305053711,
9335,-6.215938568115234,0.05783271789550781,
9336,-6.3056640625,0.056921958923339844,
9337,-6.353996276855469,0.056023597717285156,
9338,-6.358089447021484,0.057923316955566406,
9339,-6.0706024169921875,0.057866811752319336,
9340,-6.186498165130615,0.05661654472351074,-0.853179931640625
9341,-6.187307834625244,0.13006186485290527,
9342,-6.3252105712890625,0.05652809143066406,
9343,-6.0988969802856445,0.05593514442443848,
9344,-6.153298854827881,0.056815147399902344,
9345,-6.1478400230407715,0.056017398834228516,
9346,-6.174840927124023,0.055913448333740234,
9347,-6.127994060516357,0.05799126625061035,
9348,-6.2234721183776855,0.05690884590148926,
9349,-6.23748779296875,0.05711865425109863,
9350,-6.3260498046875,0.05783486366271973,-0.9354171752929688
9351,-6.1222124099731445,0.12766647338867188,
9352,-6.129208087921143,0.05570101737976074,
9353,-6.063759803771973,0.056391239166259766,
9354,-6.225812911987305,0.0570986270904541,
9355,-6.1490325927734375,0.05698990821838379,
9356,-6.013449192047119,0.05583620071411133,
9357,-6.01293420791626,0.05587315559387207,
9358,-5.976555824279785,0.057712554931640625,
9359,-6.048299789428711,0.05817723274230957,
9360,-5.969014644622803,0.057463645935058594,-0.708759069442749
9361,-6.044188499450684,0.13009023666381836,
9362,-6.010541915893555,0.05777168273925781,
9363,-6.067927360534668,0.05585622787475586,
9364,-6.043971061706543,0.05585360527038574,
9365,-6.003297805786133,0.05688166618347168,
9366,-6.072234153747559,0.056447505950927734,
9367,-6.167347431182861,0.056975603103637695,
9368,-6.161928176879883,0.056389808654785156,
9369,-6.2889485359191895,0.055910587310791016,
9370,-6.29671573638916,0.0553743839263916,-0.8528499007225037
9371,-6.215407371520996,0.1300342082977295,
9372,-6.1348466873168945,0.05632424354553223,
9373,-6.043423652648926,0.057988882064819336,
9374,-6.184539794921875,0.058886051177978516,
9375,-6.195391654968262,0.05597114562988281,
9376,-6.113227844238281,0.056223392486572266,
9377,-6.073941230773926,0.05627918243408203,
9378,-6.039754867553711,0.0571897029876709,
9379,-6.172774314880371,0.056345462799072266,
9380,-6.3030104637146,0.05757761001586914,-0.8129234910011292
9381,-6.023843288421631,0.1309349536895752,
9382,-6.190976142883301,0.05600547790527344,
9383,-6.224541664123535,0.05653715133666992,
9384,-6.258569717407227,0.05776381492614746,
9385,-6.150715351104736,0.056941986083984375,
9386,-6.347892761230469,0.05655527114868164,
9387,-6.110060214996338,0.05750226974487305,
9388,-6.148086071014404,0.058850765228271484,
9389,-6.121650218963623,0.056160688400268555,
9390,-6.245010852813721,0.0568389892578125,-0.8398212194442749
9391,-6.035970687866211,0.13346004486083984,
9392,-6.201650619506836,0.05733346939086914,
9393,-6.118631839752197,0.05738234519958496,
9394,-6.150919437408447,0.05635881423950195,
9395,-6.412360668182373,0.057524919509887695,
9396,-6.240227222442627,0.05637407302856445,
9397,-6.099896430969238,0.05622267723083496,
9398,-6.185938358306885,0.057290077209472656,
9399,-6.203150272369385,0.05630898475646973,
9400,-6.135926246643066,0.05615091323852539,-0.8672022819519043
9401,-6.114163875579834,0.12767791748046875,
9402,-6.2079362869262695,0.055501699447631836,
9403,-6.354138374328613,0.056284427642822266,
9404,-6.359402656555176,0.05648469924926758,
9405,-6.203398704528809,0.05581998825073242,
9406,-6.215273857116699,0.05566215515136719,
9407,-5.956768035888672,0.05570697784423828,
9408,-6.006735324859619,0.05718350410461426,
9409,-6.106428623199463,0.05648350715637207,
9410,-6.172832489013672,0.054586172103881836,-0.8487571477890015
9411,-6.15119743347168,0.2642803192138672,
9412,-6.139687538146973,0.05646944046020508,
9413,-6.129449367523193,0.0586087703704834,
9414,-6.270288467407227,0.05838894844055176,
9415,-6.262909412384033,0.057038068771362305,
9416,-6.166460990905762,0.05572223663330078,
9417,-6.025578022003174,0.057647705078125,
9418,-6.392149925231934,0.05675673484802246,
9419,-6.336626052856445,0.056519269943237305,
9420,-6.23687744140625,0.05708432197570801,-0.8901438117027283
9421,-6.182649612426758,0.12943553924560547,
9422,-6.120719909667969,0.05658411979675293,
9423,-6.081737518310547,0.05842280387878418,
9424,-6.076864719390869,0.056508541107177734,
9425,-6.176997184753418,0.0568692684173584,
9426,-6.197260856628418,0.057468414306640625,
9427,-6.211449146270752,0.057492971420288086,
9428,-6.105223655700684,0.056054115295410156,
9429,-6.030291557312012,0.056754350662231445,
9430,-6.186458110809326,0.05892825126647949,-0.8364366888999939
9431,-6.1958088874816895,0.12855982780456543,
9432,-6.174091339111328,0.05774426460266113,
9433,-6.2050347328186035,0.05701851844787598,
9434,-6.042400360107422,0.05635547637939453,
9435,-6.106192588806152,0.057147979736328125,
9436,-6.310005187988281,0.05778241157531738,
9437,-6.21917724609375,0.05673575401306152,
9438,-6.398771286010742,0.05686640739440918,
9439,-6.366807460784912,0.05804324150085449,
9440,-6.298186779022217,0.05957770347595215,-0.9637839794158936
9441,-6.314597129821777,0.13545536994934082,
9442,-6.49683141708374,0.056879520416259766,
9443,-6.328418731689453,0.05601143836975098,
9444,-6.059233665466309,0.05713844299316406,
9445,-6.398125171661377,0.05709052085876465,
9446,-6.107361793518066,0.05646657943725586,
9447,-5.97708797454834,0.05765986442565918,
9448,-6.043469429016113,0.056764841079711914,
9449,-6.176650524139404,0.05678963661193848,
9450,-6.053743839263916,0.055785179138183594,-0.7047691345214844
9451,-5.808753967285156,0.12753796577453613,
9452,-6.086496353149414,0.057836055755615234,
9453,-6.074534893035889,0.05810952186584473,
9454,-5.995566368103027,0.055853843688964844,
9455,-6.240906238555908,0.05703115463256836,
9456,-6.412154197692871,0.05780386924743652,
9457,-6.155406951904297,0.05612468719482422,
9458,-6.237377643585205,0.05679607391357422,
9459,-6.220436096191406,0.05716252326965332,
9460,-6.331428527832031,0.05715227127075195,-0.9152635931968689
9461,-6.24782657623291,0.1310892105102539,
9462,-6.226641654968262,0.05726885795593262,
9463,-6.2411394119262695,0.05735039710998535,
9464,-6.19142484664917,0.05631375312805176,
9465,-6.097917556762695,0.057274818420410156,
9466,-6.3059844970703125,0.05682516098022461,
9467,-6.116745948791504,0.05703592300415039,
9468,-6.193747043609619,0.056535959243774414,
9469,-6.234348773956299,0.05745363235473633,
9470,-6.2818803787231445,0.05676007270812988,-0.8428139686584473
9471,-6.162799835205078,0.12960433959960938,
9472,-6.232377052307129,0.05583810806274414,
9473,-6.168412685394287,0.055376529693603516,
9474,-6.265926361083984,0.05678510665893555,
9475,-6.275373935699463,0.0560765266418457,
9476,-6.071328163146973,0.058133840560913086,
9477,-6.110876083374023,0.056861162185668945,
9478,-6.1748552322387695,0.05653643608093262,
9479,-6.19680118560791,0.05771517753601074,
9480,-6.318222999572754,0.055695295333862305,-0.9311569929122925
9481,-6.270866870880127,0.13072419166564941,
9482,-6.248306751251221,0.05719614028930664,
9483,-6.241062164306641,0.05534553527832031,
9484,-6.371340751647949,0.05583810806274414,
9485,-6.399517059326172,0.05831551551818848,
9486,-6.211226463317871,0.05836367607116699,
9487,-6.2233805656433105,0.05643630027770996,
9488,-6.16665506362915,0.0562748908996582,
9489,-6.339244842529297,0.05762338638305664,
9490,-5.987168312072754,0.05644083023071289,-0.8353082537651062
9491,-6.1973724365234375,0.12972283363342285,
9492,-6.04697322845459,0.05701398849487305,
9493,-6.168744087219238,0.05615687370300293,
9494,-6.171269416809082,0.05794978141784668,
9495,-6.099193572998047,0.05845332145690918,
9496,-6.219936847686768,0.05706071853637695,
9497,-6.250844478607178,0.05621671676635742,
9498,-6.073103904724121,0.0571749210357666,
9499,-6.227762699127197,0.05802202224731445,
9500,-6.223171234130859,0.05719184875488281,-0.8407278060913086
9501,-6.02980899810791,0.13126230239868164,
9502,-5.840123176574707,0.05778336524963379,
9503,-5.870368003845215,0.05713295936584473,
9504,-6.176993370056152,0.056244850158691406,
9505,-6.22349739074707,0.056474924087524414,
9506,-6.182906150817871,0.05722951889038086,
9507,-6.190141677856445,0.05687117576599121,
9508,-6.423281669616699,0.05698728561401367,
9509,-6.034769535064697,0.05774950981140137,
9510,-6.1310601234436035,0.05690503120422363,-0.8661640286445618
9511,-6.230751991271973,0.13029742240905762,
9512,-6.028467178344727,0.05770611763000488,
9513,-6.12255334854126,0.05537295341491699,
9514,-6.051828384399414,0.05680680274963379,
9515,-6.04437255859375,0.0558469295501709,
9516,-6.044919967651367,0.055757761001586914,
9517,-6.214791774749756,0.05636167526245117,
9518,-6.169832229614258,0.057596445083618164,
9519,-6.203607082366943,0.05752754211425781,
9520,-6.2650675773620605,0.05586862564086914,-0.8786653280258179
9521,-6.283398151397705,0.13335847854614258,
9522,-6.200466156005859,0.05742144584655762,
9523,-6.16739559173584,0.05605340003967285,
9524,-6.2891998291015625,0.05602121353149414,
9525,-6.1433916091918945,0.05719566345214844,
9526,-6.271761417388916,0.0560758113861084,
9527,-6.314199447631836,0.0571904182434082,
9528,-6.242893218994141,0.056902170181274414,
9529,-6.1256890296936035,0.055834054946899414,
9530,-6.331181526184082,0.057634830474853516,-0.830177366733551
9531,-6.146884918212891,0.2674429416656494,
9532,-6.300323486328125,0.05674386024475098,
9533,-6.307346343994141,0.05744338035583496,
9534,-6.291640281677246,0.05661129951477051,
9535,-6.2787041664123535,0.056313514709472656,
9536,-6.165339469909668,0.05667233467102051,
9537,-6.2038750648498535,0.056426048278808594,
9538,-6.287781715393066,0.05637097358703613,
9539,-6.139486789703369,0.05658388137817383,
9540,-6.027626991271973,0.056174278259277344,-0.9540185332298279
9541,-6.044307708740234,0.12957000732421875,
9542,-6.328134536743164,0.05739259719848633,
9543,-6.155457973480225,0.056728363037109375,
9544,-6.159686088562012,0.056122541427612305,
9545,-6.05989933013916,0.057038068771362305,
9546,-6.111474990844727,0.05631542205810547,
9547,-6.237643241882324,0.05461883544921875,
9548,-6.234683036804199,0.05571246147155762,
9549,-6.204202651977539,0.056693077087402344,
9550,-6.34207820892334,0.05635833740234375,-0.8958030939102173
9551,-6.179080009460449,0.13617992401123047,
9552,-6.305522441864014,0.05732846260070801,
9553,-6.295699119567871,0.05578899383544922,
9554,-6.161068916320801,0.0563509464263916,
9555,-6.069396018981934,0.05585646629333496,
9556,-6.122516632080078,0.05551862716674805,
9557,-6.164401054382324,0.05626678466796875,
9558,-6.335873603820801,0.05619454383850098,
9559,-6.227909088134766,0.05648088455200195,
9560,-6.034653663635254,0.058002471923828125,-0.8688529133796692
9561,-6.2412824630737305,0.13156795501708984,
9562,-6.24210786819458,0.05541539192199707,
9563,-6.144620895385742,0.05793190002441406,
9564,-6.337620735168457,0.058704376220703125,
9565,-6.218083381652832,0.05591297149658203,
9566,-6.1103620529174805,0.05615520477294922,
9567,-6.197116374969482,0.05689120292663574,
9568,-6.272771835327148,0.05602288246154785,
9569,-6.112475872039795,0.056180477142333984,
9570,-6.157032012939453,0.05728578567504883,-0.8864866495132446
9571,-6.414586067199707,0.1307511329650879,
9572,-6.32345724105835,0.05617189407348633,
9573,-6.250962257385254,0.05715441703796387,
9574,-6.074223518371582,0.05625128746032715,
9575,-6.243247032165527,0.05704641342163086,
9576,-6.2708563804626465,0.05723714828491211,
9577,-6.136064529418945,0.05619502067565918,
9578,-6.296401023864746,0.056252479553222656,
9579,-6.5159173011779785,0.057389259338378906,
9580,-6.373796463012695,0.05718398094177246,-0.8083307147026062
9581,-6.253178596496582,0.12984228134155273,
9582,-6.356815338134766,0.05757403373718262,
9583,-6.153533458709717,0.0573735237121582,
9584,-6.221683502197266,0.055654048919677734,
9585,-6.260747909545898,0.05722403526306152,
9586,-6.351937770843506,0.05574965476989746,
9587,-6.229860305786133,0.05632472038269043,
9588,-6.29639196395874,0.0571599006652832,
9589,-6.190871238708496,0.057656049728393555,
9590,-6.008522987365723,0.05593585968017578,-0.8914899826049805
9591,-6.095551490783691,0.13183975219726562,
9592,-6.193674087524414,0.05719137191772461,
9593,-6.298776626586914,0.056063175201416016,
9594,-6.125295639038086,0.0568385124206543,
9595,-6.279027938842773,0.05607485771179199,
9596,-6.250755310058594,0.05664873123168945,
9597,-6.1426801681518555,0.05738496780395508,
9598,-6.222464561462402,0.05773186683654785,
9599,-6.2887983322143555,0.05681896209716797,
9600,-6.330345153808594,0.05615830421447754,-0.9035719037055969
9601,-6.117559432983398,0.1293201446533203,
9602,-6.386828422546387,0.05692434310913086,
9603,-6.290435314178467,0.057062387466430664,
9604,-5.944218158721924,0.05664420127868652,
9605,-6.158653736114502,0.0571131706237793,
9606,-6.043916702270508,0.05682730674743652,
9607,-6.186206817626953,0.05832242965698242,
9608,-6.037444114685059,0.05645275115966797,
9609,-6.205635070800781,0.05631399154663086,
9610,-6.241075038909912,0.057385921478271484,-0.8009931445121765
9611,-6.218593597412109,0.12854599952697754,
9612,-6.292354583740234,0.05778384208679199,
9613,-6.33466911315918,0.05904340744018555,
9614,-6.268254280090332,0.05666923522949219,
9615,-6.266269683837891,0.057181358337402344,
9616,-6.219716548919678,0.057074546813964844,
9617,-6.23742151260376,0.05698990821838379,
9618,-6.217927932739258,0.056647539138793945,
9619,-6.284841537475586,0.05795860290527344,
9620,-6.280051231384277,0.05704975128173828,-0.8422781229019165
9621,-6.301181316375732,0.13278913497924805,
9622,-6.409022331237793,0.056665897369384766,
9623,-6.597982406616211,0.057573795318603516,
9624,-6.329829216003418,0.05624675750732422,
9625,-6.080788612365723,0.056290626525878906,
9626,-6.033296585083008,0.05730295181274414,
9627,-6.112143516540527,0.05729937553405762,
9628,-6.084356784820557,0.05623316764831543,
9629,-6.029271125793457,0.05725598335266113,
9630,-6.123244285583496,0.057220458984375,-0.9030992984771729
9631,-6.11529541015625,0.13812708854675293,
9632,-6.3502421379089355,0.056021690368652344,
9633,-6.072066307067871,0.057099342346191406,
9634,-5.973411560058594,0.05809831619262695,
9635,-6.159384727478027,0.055699825286865234,
9636,-6.187465667724609,0.05448174476623535,
9637,-6.099287986755371,0.057601213455200195,
9638,-6.2409820556640625,0.056629180908203125,
9639,-6.063451766967773,0.05621051788330078,
9640,-5.926905632019043,0.057687997817993164,-0.7854598164558411
9641,-6.151716232299805,0.13067913055419922,
9642,-6.227647304534912,0.05635666847229004,
9643,-6.310597896575928,0.057747840881347656,
9644,-6.130701541900635,0.05627012252807617,
9645,-6.108050346374512,0.0560605525970459,
9646,-6.216560363769531,0.05837750434875488,
9647,-6.2117719650268555,0.05637478828430176,
9648,-6.125204086303711,0.05596137046813965,
9649,-6.23354959487915,0.05705690383911133,
9650,-6.3799519538879395,0.05648183822631836,-0.939706027507782
9651,-6.145689964294434,0.2692720890045166,
9652,-6.174498558044434,0.05772233009338379,
9653,-6.279496192932129,0.05585741996765137,
9654,-6.317660331726074,0.055780887603759766,
9655,-6.2485504150390625,0.05574440956115723,
9656,-6.374842166900635,0.05511975288391113,
9657,-6.264867782592773,0.05680084228515625,
9658,-6.288938522338867,0.05685830116271973,
9659,-6.311855316162109,0.05555152893066406,
9660,-6.3175048828125,0.05573225021362305,-0.8476230502128601
9661,-6.142909526824951,0.12797021865844727,
9662,-6.299992084503174,0.05628824234008789,
9663,-6.224140644073486,0.05667901039123535,
9664,-6.211862087249756,0.056051015853881836,
9665,-6.061442852020264,0.05703878402709961,
9666,-6.121933937072754,0.057224273681640625,
9667,-6.206960678100586,0.055918216705322266,
9668,-6.163017272949219,0.05642509460449219,
9669,-6.062346458435059,0.05583763122558594,
9670,-6.2225189208984375,0.055765390396118164,-0.8739920854568481
9671,-6.136865615844727,0.13204073905944824,
9672,-6.327788829803467,0.05647754669189453,
9673,-6.301176071166992,0.056652069091796875,
9674,-6.163621425628662,0.05747103691101074,
9675,-6.1709136962890625,0.05607414245605469,
9676,-6.170286655426025,0.05669379234313965,
9677,-6.1394124031066895,0.0579981803894043,
9678,-6.163429260253906,0.05797863006591797,
9679,-6.326247692108154,0.05703473091125488,
9680,-6.172534465789795,0.05660700798034668,-0.9160315990447998
9681,-6.262452125549316,0.13141560554504395,
9682,-6.255672454833984,0.055715322494506836,
9683,-5.993056297302246,0.05600404739379883,
9684,-6.161628246307373,0.05744576454162598,
9685,-6.075005531311035,0.05658292770385742,
9686,-5.999499320983887,0.055939674377441406,
9687,-5.960468292236328,0.05700564384460449,
9688,-6.06511116027832,0.05721616744995117,
9689,-5.952452659606934,0.056871891021728516,
9690,-5.943305015563965,0.055973052978515625,-0.8242605924606323
9691,-5.9425153732299805,0.12714338302612305,
9692,-6.161700248718262,0.05614924430847168,
9693,-6.094876289367676,0.05744624137878418,
9694,-6.100327491760254,0.05734658241271973,
9695,-5.999226093292236,0.056139469146728516,
9696,-5.818811416625977,0.0575709342956543,
9697,-6.0709381103515625,0.05710554122924805,
9698,-6.138065814971924,0.055379629135131836,
9699,-6.0947370529174805,0.05706167221069336,
9700,-5.887667655944824,0.05545401573181152,-0.8458291292190552
9701,-6.110533714294434,0.13105177879333496,
9702,-6.154671669006348,0.05660748481750488,
9703,-6.216588973999023,0.055246591567993164,
9704,-6.072318077087402,0.0572359561920166,
9705,-6.195670127868652,0.05705690383911133,
9706,-6.046282768249512,0.056089162826538086,
9707,-6.193059921264648,0.05592942237854004,
9708,-6.1417741775512695,0.057297468185424805,
9709,-6.169823169708252,0.05746102333068848,
9710,-6.2002339363098145,0.05642294883728027,-0.8343832492828369
9711,-6.421589374542236,0.13010573387145996,
9712,-6.150232791900635,0.05692172050476074,
9713,-6.128640651702881,0.0564265251159668,
9714,-6.266783714294434,0.05716514587402344,
9715,-6.329748153686523,0.05609774589538574,
9716,-6.037388801574707,0.05628037452697754,
9717,-6.18794584274292,0.05721259117126465,
9718,-6.175561428070068,0.05835723876953125,
9719,-6.286130428314209,0.06102132797241211,
9720,-6.267603874206543,0.056804656982421875,-0.8478972911834717
9721,-6.06242561340332,0.13647222518920898,
9722,-6.382314682006836,0.05717206001281738,
9723,-6.1537981033325195,0.05685567855834961,
9724,-6.386570930480957,0.058319807052612305,
9725,-6.381833076477051,0.05678057670593262,
9726,-6.083897113800049,0.05551743507385254,
9727,-6.171211242675781,0.05634927749633789,
9728,-6.156652450561523,0.05678248405456543,
9729,-6.31138801574707,0.05564618110656738,
9730,-6.07438850402832,0.05511116981506348,-0.8811262249946594
9731,-5.983011245727539,0.12990164756774902,
9732,-6.117754936218262,0.05670976638793945,
9733,-5.970153331756592,0.056493282318115234,
9734,-5.981300354003906,0.055849313735961914,
9735,-5.993659019470215,0.05758929252624512,
9736,-6.169745445251465,0.05826997756958008,
9737,-6.001000881195068,0.05667710304260254,
9738,-6.008173942565918,0.05619621276855469,
9739,-6.026381492614746,0.05769085884094238,
9740,-5.99316930770874,0.056926727294921875,-0.6817434430122375
9741,-6.081351280212402,0.12890291213989258,
9742,-6.089998722076416,0.05605649948120117,
9743,-5.974836349487305,0.055934906005859375,
9744,-6.082242965698242,0.05789542198181152,
9745,-5.997489929199219,0.05763983726501465,
9746,-6.0363664627075195,0.05647706985473633,
9747,-6.0513811111450195,0.05686140060424805,
9748,-5.95947265625,0.0574650764465332,
9749,-6.0934977531433105,0.056618452072143555,
9750,-6.201527118682861,0.05558419227600098,-0.8445371389389038
9751,-5.982317924499512,0.13469839096069336,
9752,-6.032501220703125,0.05802416801452637,
9753,-6.249480247497559,0.05611467361450195,
9754,-6.227104187011719,0.05649113655090332,
9755,-6.166467666625977,0.057582855224609375,
9756,-6.329622268676758,0.056188344955444336,
9757,-6.3926005363464355,0.05640220642089844,
9758,-6.228809356689453,0.057564496994018555,
9759,-6.177066326141357,0.056894540786743164,
9760,-6.276009559631348,0.05640864372253418,-0.8408880233764648
9761,-6.27171516418457,0.13344216346740723,
9762,-6.174178123474121,0.05687761306762695,
9763,-6.29296350479126,0.055683135986328125,
9764,-6.140149116516113,0.05684399604797363,
9765,-6.154755592346191,0.05689382553100586,
9766,-6.139772415161133,0.05638003349304199,
9767,-6.345106601715088,0.056334733963012695,
9768,-6.294135093688965,0.05798530578613281,
9769,-6.18779182434082,0.05578303337097168,
9770,-6.33051872253418,0.05604720115661621,-0.8457223176956177
9771,-6.201779365539551,0.13333415985107422,
9772,-6.358654022216797,0.05592656135559082,
9773,-6.247884750366211,0.05609130859375,
9774,-6.058102607727051,0.057476043701171875,
9775,-6.248541831970215,0.05596303939819336,
9776,-6.264956951141357,0.05779552459716797,
9777,-6.287312030792236,0.05728554725646973,
9778,-6.372488498687744,0.0565338134765625,
9779,-6.06999397277832,0.05576634407043457,
9780,-6.2815985679626465,0.05672574043273926,-0.7509467005729675
9781,-6.362677097320557,0.268024206161499,
9782,-6.189348220825195,0.056824445724487305,
9783,-6.201960563659668,0.055669546127319336,
9784,-6.239543437957764,0.05661964416503906,
9785,-6.44454288482666,0.05734062194824219,
9786,-6.074681282043457,0.05835914611816406,
9787,-6.170917510986328,0.05605936050415039,
9788,-6.076512336730957,0.05746793746948242,
9789,-6.125095844268799,0.0576174259185791,
9790,-6.073840618133545,0.05596518516540527,-0.8199974298477173
9791,-6.0897088050842285,0.1340620517730713,
9792,-6.148449897766113,0.05687093734741211,
9793,-6.088003158569336,0.05734658241271973,
9794,-6.116130352020264,0.0552825927734375,
9795,-6.051462173461914,0.05688977241516113,
9796,-6.230585098266602,0.05542254447937012,
9797,-6.324587345123291,0.055246591567993164,
9798,-6.014302730560303,0.0551905632019043,
9799,-6.161057472229004,0.05483102798461914,
9800,-6.170190811157227,0.056734323501586914,-0.9306790232658386
9801,-6.176101207733154,0.13112688064575195,
9802,-6.192424774169922,0.05756664276123047,
9803,-6.347928047180176,0.05561089515686035,
9804,-6.135658264160156,0.05658245086669922,
9805,-6.099654197692871,0.05545616149902344,
9806,-6.432895660400391,0.0570065975189209,
9807,-6.02839469909668,0.05685758590698242,
9808,-6.083277225494385,0.0560603141784668,
9809,-6.264677047729492,0.05543637275695801,
9810,-6.198859214782715,0.05555415153503418,-0.8768221139907837
9811,-6.338326454162598,0.13143372535705566,
9812,-6.340744495391846,0.05696511268615723,
9813,-6.271328926086426,0.057389259338378906,
9814,-6.120912551879883,0.05585837364196777,
9815,-6.02783727645874,0.05684208869934082,
9816,-6.177639961242676,0.05539655685424805,
9817,-6.231472969055176,0.056688785552978516,
9818,-6.194531440734863,0.056383609771728516,
9819,-6.099399566650391,0.05686354637145996,
9820,-6.024054527282715,0.056131839752197266,-0.851338267326355
9821,-6.222321510314941,0.12985682487487793,
9822,-6.191323280334473,0.05615043640136719,
9823,-5.983380317687988,0.05624103546142578,
9824,-6.094103813171387,0.057795047760009766,
9825,-6.292022228240967,0.05617642402648926,
9826,-6.191201210021973,0.056749820709228516,
9827,-6.27695369720459,0.05675530433654785,
9828,-6.385321617126465,0.056212663650512695,
9829,-6.288610458374023,0.05582141876220703,
9830,-6.162027835845947,0.05751991271972656,-0.9432096481323242
9831,-6.287466049194336,0.13250041007995605,
9832,-6.191896915435791,0.05707526206970215,
9833,-6.237004280090332,0.056272268295288086,
9834,-6.285659313201904,0.05757498741149902,
9835,-6.108527183532715,0.056768178939819336,
9836,-6.235000133514404,0.055936336517333984,
9837,-6.212062358856201,0.05707263946533203,
9838,-6.465137481689453,0.056262969970703125,
9839,-6.46270227432251,0.05607414245605469,
9840,-6.103270530700684,0.057482004165649414,-0.9437594413757324
9841,-6.155752658843994,0.1329329013824463,
9842,-6.317538261413574,0.055361032485961914,
9843,-6.234701156616211,0.05633044242858887,
9844,-5.996353626251221,0.05799508094787598,
9845,-6.045170307159424,0.05519437789916992,
9846,-5.953293800354004,0.055773019790649414,
9847,-6.006400108337402,0.05724143981933594,
9848,-6.022529125213623,0.05654311180114746,
9849,-6.105042457580566,0.056052207946777344,
9850,-6.1117095947265625,0.056855201721191406,-0.8492304086685181
9851,-6.17580509185791,0.12950515747070312,
9852,-6.259878635406494,0.05732369422912598,
9853,-6.231882572174072,0.05769801139831543,
9854,-6.091332912445068,0.05740165710449219,
9855,-6.221036434173584,0.05572223663330078,
9856,-6.2064080238342285,0.05783653259277344,
9857,-6.352940082550049,0.05727100372314453,
9858,-6.352171897888184,0.056444644927978516,
9859,-6.229093074798584,0.056138038635253906,
9860,-5.943750381469727,0.05839133262634277,-0.7849335074424744
9861,-6.143005847930908,0.13053679466247559,
9862,-6.257802963256836,0.05626249313354492,
9863,-6.178250312805176,0.05767345428466797,
9864,-6.136427402496338,0.05629444122314453,
9865,-6.1175665855407715,0.05856132507324219,
9866,-6.154203414916992,0.057854413986206055,
9867,-6.282334804534912,0.05754518508911133,
9868,-6.364454746246338,0.05581974983215332,
9869,-6.332887649536133,0.05695056915283203,
9870,-6.200061798095703,0.05694913864135742,-0.9003480076789856
9871,-6.16758918762207,0.1311349868774414,
9872,-6.150906562805176,0.05785655975341797,
9873,-6.120052337646484,0.0569615364074707,
9874,-6.196600914001465,0.05640411376953125,
9875,-6.134038925170898,0.05590558052062988,
9876,-6.066588401794434,0.05766797065734863,
9877,-6.358869552612305,0.05633354187011719,
9878,-6.223888397216797,0.0559384822845459,
9879,-6.065413475036621,0.05684208869934082,
9880,-6.203993797302246,0.05607032775878906,-0.892020046710968
9881,-6.162133693695068,0.1292269229888916,
9882,-6.196813583374023,0.05821824073791504,
9883,-6.232410430908203,0.05618882179260254,
9884,-6.202777862548828,0.05616879463195801,
9885,-6.414923667907715,0.057393789291381836,
9886,-6.273557186126709,0.05649924278259277,
9887,-6.231452941894531,0.056462764739990234,
9888,-6.115496635437012,0.05836081504821777,
9889,-6.26845645904541,0.0580744743347168,
9890,-6.185660362243652,0.05670499801635742,-0.818894624710083
9891,-6.330317497253418,0.13145828247070312,
9892,-6.292738914489746,0.05666780471801758,
9893,-6.416206359863281,0.05727648735046387,
9894,-6.429985046386719,0.05548405647277832,
9895,-6.053038120269775,0.05663728713989258,
9896,-6.466290473937988,0.05578327178955078,
9897,-6.34592342376709,0.05560731887817383,
9898,-6.317983150482178,0.05694437026977539,
9899,-6.164327621459961,0.05573725700378418,
9900,-6.344919681549072,0.062462806701660156,-0.7820940613746643
9901,-6.2993998527526855,0.3108508586883545,
9902,-6.329119682312012,0.05625438690185547,
9903,-6.108520984649658,0.0567626953125,
9904,-6.127068042755127,0.05728316307067871,
9905,-6.281739711761475,0.056472063064575195,
9906,-6.2445502281188965,0.05615234375,
9907,-6.045166015625,0.05700421333312988,
9908,-6.075540065765381,0.056079864501953125,
9909,-6.151141166687012,0.055660247802734375,
9910,-6.138700485229492,0.05595278739929199,-0.8376801013946533
9911,-6.171473503112793,0.12966036796569824,
9912,-6.095435619354248,0.05593109130859375,
9913,-6.035426139831543,0.0555574893951416,
9914,-6.095730781555176,0.056415557861328125,
9915,-6.2696027755737305,0.05721163749694824,
9916,-6.206666946411133,0.05688166618347168,
9917,-6.009851455688477,0.05562877655029297,
9918,-6.299166679382324,0.05603194236755371,
9919,-6.331455230712891,0.055986642837524414,
9920,-6.202876091003418,0.055336952209472656,-0.9024326801300049
9921,-6.273338317871094,0.13116717338562012,
9922,-6.252543926239014,0.05708718299865723,
9923,-6.194492816925049,0.0557398796081543,
9924,-6.158843517303467,0.057663917541503906,
9925,-6.274201393127441,0.05720782279968262,
9926,-6.23220157623291,0.05600380897521973,
9927,-6.28572940826416,0.05639839172363281,
9928,-6.155003547668457,0.057985544204711914,
9929,-6.219900131225586,0.05717134475708008,
9930,-6.179267883300781,0.05666160583496094,-0.8597092032432556
9931,-6.0823469161987305,0.12808680534362793,
9932,-6.159172058105469,0.054780006408691406,
9933,-6.220409870147705,0.05653810501098633,
9934,-6.104606628417969,0.05781412124633789,
9935,-6.028835296630859,0.0562136173248291,
9936,-6.075244426727295,0.05609560012817383,
9937,-6.139530181884766,0.0560457706451416,
9938,-6.202824592590332,0.05571794509887695,
9939,-6.14695405960083,0.05707669258117676,
9940,-6.385007381439209,0.05754995346069336,-0.8390045166015625
9941,-6.276345252990723,0.13045644760131836,
9942,-6.210404396057129,0.05855298042297363,
9943,-6.266872406005859,0.056758880615234375,
9944,-6.209256172180176,0.05629682540893555,
9945,-6.2366437911987305,0.05656933784484863,
9946,-6.333015441894531,0.05636405944824219,
9947,-6.360774993896484,0.05635690689086914,
9948,-6.287535667419434,0.05594825744628906,
9949,-6.285243034362793,0.057630300521850586,
9950,-6.265312671661377,0.057387351989746094,-0.8630192279815674
9951,-6.287642478942871,0.13040542602539062,
9952,-6.263252258300781,0.057753801345825195,
9953,-6.202395915985107,0.056691884994506836,
9954,-6.382083892822266,0.05620932579040527,
9955,-6.262016773223877,0.05587935447692871,
9956,-6.323619365692139,0.05601763725280762,
9957,-6.268450736999512,0.0565035343170166,
9958,-6.243494033813477,0.0565333366394043,
9959,-6.294065475463867,0.05775737762451172,
9960,-6.331328868865967,0.05713939666748047,-0.856728732585907
9961,-6.239553451538086,0.13106012344360352,
9962,-6.403958797454834,0.05743241310119629,
9963,-6.384273529052734,0.05603909492492676,
9964,-6.304379940032959,0.0567474365234375,
9965,-6.261880397796631,0.05847954750061035,
9966,-6.249032974243164,0.055594682693481445,
9967,-6.182300567626953,0.05747413635253906,
9968,-6.341734886169434,0.05677223205566406,
9969,-6.294464111328125,0.0574343204498291,
9970,-6.242153167724609,0.05604076385498047,-0.951615571975708
9971,-6.195282936096191,0.12929391860961914,
9972,-6.224562168121338,0.05568408966064453,
9973,-6.01618766784668,0.05611109733581543,
9974,-6.185030937194824,0.05834221839904785,
9975,-6.206758975982666,0.05681157112121582,
9976,-6.2719621658325195,0.05754709243774414,
9977,-6.378439426422119,0.0579221248626709,
9978,-6.311862945556641,0.05735182762145996,
9979,-6.5300726890563965,0.05576515197753906,
9980,-6.401894569396973,0.057004451751708984,-0.9495985507965088
9981,-6.209606170654297,0.13216018676757812,
9982,-6.110668182373047,0.055963754653930664,
9983,-6.086583614349365,0.056493520736694336,
9984,-6.183095932006836,0.057534217834472656,
9985,-6.300508499145508,0.05662941932678223,
9986,-6.34393310546875,0.056128501892089844,
9987,-6.17120361328125,0.05730080604553223,
9988,-6.400636196136475,0.056101322174072266,
9989,-6.210173606872559,0.056081295013427734,
9990,-6.244985580444336,0.05712294578552246,-0.8126025795936584
9991,-6.297754764556885,0.13225698471069336,
9992,-6.307465553283691,0.05662369728088379,
9993,-6.504314422607422,0.05641794204711914,
9994,-6.342580795288086,0.05644345283508301,
9995,-6.427936553955078,0.05719327926635742,
9996,-6.340322971343994,0.05631756782531738,
9997,-6.14109992980957,0.05685710906982422,
9998,-6.300271987915039,0.056122779846191406,
9999,-6.105953216552734,0.05587339401245117,
10000,-6.339499473571777,0.056854963302612305,-0.864650547504425
