{
  "random_lbfgs": {
    "times": [
      12.723690032958984,
      11.64495325088501,
      16.92402172088623,
      12.709839105606079,
      12.659515380859375,
      14.786522626876831,
      12.723844766616821,
      13.777697801589966,
      23.353885412216187,
      11.66700291633606
    ],
    "mean": 14.297097301483154,
    "std": 3.369547705786989
  },
  "mlp_lbfgs": {
    "times": [
      6.296876668930054,
      5.213667631149292,
      6.3697144985198975,
      3.1300125122070312,
      4.232115983963013,
      4.1326744556427,
      5.193623304367065,
      2.0761165618896484,
      7.3507468700408936,
      5.20152473449707
    ],
    "mean": 4.919707322120667,
    "std": 1.5010380305979785
  },
  "cvae_lbfgs": {
    "times": [
      3.9443695545196533,
      9.149885892868042,
      3.899801254272461,
      5.990731477737427,
      8.145103216171265,
      5.014885902404785,
      3.9339585304260254,
      2.904733657836914,
      8.08724570274353,
      3.8811256885528564
    ],
    "mean": 5.495184087753296,
    "std": 2.1042164560360392
  }
}