epoch,train_loss,epoch_duration,val_loss
1,0.7297609448432922,0.2665419578552246,
2,0.11880939453840256,0.05686235427856445,
3,0.11640079319477081,0.05451560020446777,
4,-0.07821078598499298,0.05431818962097168,
5,-0.10796453058719635,0.0540623664855957,
6,-0.10970659554004669,0.05393171310424805,
7,-0.34269168972969055,0.05406832695007324,
8,-0.3351052701473236,0.054620981216430664,
9,-0.33223778009414673,0.05414080619812012,
10,-0.36596786975860596,0.055816650390625,-3.101824998855591
11,-0.4533616900444031,0.14177894592285156,
12,-0.5631136894226074,0.055115461349487305,
13,-0.6242913007736206,0.054888010025024414,
14,-0.8132207989692688,0.05505490303039551,
15,-0.7844486832618713,0.054368019104003906,
16,-0.9263347387313843,0.055431365966796875,
17,-0.8514944314956665,0.0551145076751709,
18,-0.9421600103378296,0.05480384826660156,
19,-1.0929198265075684,0.05451250076293945,
20,-1.2132434844970703,0.054637908935546875,-2.07967209815979
21,-1.1510436534881592,0.12788796424865723,
22,-1.1741459369659424,0.05408024787902832,
23,-1.1409196853637695,0.055324554443359375,
24,-1.4441449642181396,0.05491232872009277,
25,-1.386968731880188,0.05564618110656738,
26,-1.3434350490570068,0.054494380950927734,
27,-1.692487120628357,0.0550537109375,
28,-1.647899866104126,0.0547788143157959,
29,-1.7224111557006836,0.05466198921203613,
30,-1.5788042545318604,0.05511164665222168,-1.0079336166381836
31,-1.748084306716919,0.128157377243042,
32,-1.8846747875213623,0.05470681190490723,
33,-1.816020131111145,0.05603766441345215,
34,-1.6353459358215332,0.054071664810180664,
35,-1.5246191024780273,0.054761648178100586,
36,-1.7160606384277344,0.05526399612426758,
37,-2.0029385089874268,0.05667257308959961,
38,-1.9804503917694092,0.05457353591918945,
39,-2.043400287628174,0.055475473403930664,
40,-1.9731454849243164,0.05603456497192383,-1.647665023803711
41,-2.033708095550537,0.1253035068511963,
42,-2.157625675201416,0.05431938171386719,
43,-2.087398052215576,0.05458498001098633,
44,-2.1678991317749023,0.05469822883605957,
45,-2.247379779815674,0.05465245246887207,
46,-2.343520402908325,0.0543210506439209,
47,-2.4367754459381104,0.054197072982788086,
48,-2.193657159805298,0.05423879623413086,
49,-2.381758689880371,0.05437445640563965,
50,-2.4268693923950195,0.05508017539978027,-0.8389015197753906
51,-2.228476047515869,0.12699270248413086,
52,-2.392092704772949,0.054512739181518555,
53,-2.3763504028320312,0.05447697639465332,
54,-2.302858829498291,0.05506730079650879,
55,-2.393017292022705,0.05451679229736328,
56,-2.3865084648132324,0.05481767654418945,
57,-2.48822021484375,0.05494999885559082,
58,-2.437645196914673,0.05494213104248047,
59,-2.481513738632202,0.055130958557128906,
60,-2.440235137939453,0.05466175079345703,-1.2594819068908691
61,-2.5583176612854004,0.1258223056793213,
62,-2.420215606689453,0.05444502830505371,
63,-2.5046627521514893,0.054967403411865234,
64,-2.5514180660247803,0.054113149642944336,
65,-2.5526654720306396,0.0547027587890625,
66,-2.491830825805664,0.054479122161865234,
67,-2.4057717323303223,0.054192304611206055,
68,-2.505147933959961,0.05433511734008789,
69,-2.5302023887634277,0.05564546585083008,
70,-2.551389694213867,0.05498790740966797,-1.330733299255371
71,-2.5826945304870605,0.12572932243347168,
72,-2.6323931217193604,0.0538640022277832,
73,-2.603360176086426,0.05357646942138672,
74,-2.5429534912109375,0.05423569679260254,
75,-2.599588394165039,0.05420827865600586,
76,-2.51828932762146,0.053890228271484375,
77,-2.601309299468994,0.054920196533203125,
78,-2.6531143188476562,0.05420947074890137,
79,-2.70375394821167,0.05472517013549805,
80,-2.809624671936035,0.05506634712219238,-1.0738705396652222
81,-2.590242862701416,0.12584424018859863,
82,-2.6625585556030273,0.05459713935852051,
83,-2.7095744609832764,0.05491065979003906,
84,-2.6859564781188965,0.054909706115722656,
85,-2.7291035652160645,0.05451631546020508,
86,-2.7972729206085205,0.05467963218688965,
87,-2.6963117122650146,0.05479741096496582,
88,-2.6360039710998535,0.054700613021850586,
89,-2.7331790924072266,0.054250240325927734,
90,-2.6800100803375244,0.05428361892700195,-0.5997909903526306
91,-2.711498737335205,0.12579703330993652,
92,-2.7855758666992188,0.056874990463256836,
93,-2.8005287647247314,0.05518770217895508,
94,-2.7791948318481445,0.05537581443786621,
95,-2.649850845336914,0.054442405700683594,
96,-2.7561299800872803,0.05518913269042969,
97,-2.6860201358795166,0.05433821678161621,
98,-2.804150342941284,0.05473637580871582,
99,-2.7272629737854004,0.05436253547668457,
100,-2.919090747833252,0.0546109676361084,-0.7579993009567261
101,-2.8316240310668945,0.12530064582824707,
102,-2.7942850589752197,0.05478549003601074,
103,-2.836540937423706,0.05464601516723633,
104,-2.9424901008605957,0.05423283576965332,
105,-2.9361727237701416,0.05461907386779785,
106,-2.848243236541748,0.05486297607421875,
107,-2.8266685009002686,0.05410408973693848,
108,-2.8578381538391113,0.05444645881652832,
109,-2.920290470123291,0.05499124526977539,
110,-2.91984224319458,0.0544588565826416,-0.6173197031021118
111,-2.8918473720550537,0.22602462768554688,
112,-2.8730204105377197,0.053986549377441406,
113,-2.7063918113708496,0.05306077003479004,
114,-2.7579071521759033,0.052910566329956055,
115,-2.9861044883728027,0.05294942855834961,
116,-2.8660569190979004,0.05341839790344238,
117,-2.7424371242523193,0.053849220275878906,
118,-2.775505542755127,0.054409027099609375,
119,-3.0930073261260986,0.05426907539367676,
120,-2.984602928161621,0.054518938064575195,-0.5623196363449097
121,-2.7709431648254395,0.12633776664733887,
122,-2.6921074390411377,0.05603432655334473,
123,-2.9108262062072754,0.05460500717163086,
124,-2.9666881561279297,0.055031538009643555,
125,-2.9031357765197754,0.05478239059448242,
126,-2.923626661300659,0.05425834655761719,
127,-2.8994359970092773,0.05488300323486328,
128,-3.059009552001953,0.05475354194641113,
129,-3.0209925174713135,0.05431246757507324,
130,-2.9845986366271973,0.05443882942199707,-0.6779043078422546
131,-2.9507856369018555,0.12366485595703125,
132,-3.0410876274108887,0.0543828010559082,
133,-3.063958168029785,0.054091691970825195,
134,-2.897789239883423,0.05437517166137695,
135,-2.9395198822021484,0.054270267486572266,
136,-3.135079860687256,0.054429054260253906,
137,-2.8353147506713867,0.05617809295654297,
138,-3.0633790493011475,0.05451178550720215,
139,-3.01674222946167,0.05463910102844238,
140,-3.114788055419922,0.05388212203979492,-0.9165294170379639
141,-3.198406934738159,0.12455415725708008,
142,-2.8956475257873535,0.05480694770812988,
143,-2.850144863128662,0.05350065231323242,
144,-2.9702930450439453,0.05480360984802246,
145,-3.060298442840576,0.054581403732299805,
146,-3.2332968711853027,0.0544130802154541,
147,-3.031050443649292,0.054070234298706055,
148,-2.948509931564331,0.0547184944152832,
149,-3.1735482215881348,0.05508852005004883,
150,-3.167252540588379,0.054553985595703125,-0.8881165981292725
151,-3.0678069591522217,0.1296215057373047,
152,-3.139467239379883,0.05570244789123535,
153,-3.2106423377990723,0.05496621131896973,
154,-3.061978816986084,0.0549318790435791,
155,-3.1164965629577637,0.054033756256103516,
156,-2.968891143798828,0.05458211898803711,
157,-3.137770175933838,0.054352521896362305,
158,-3.2017822265625,0.05390334129333496,
159,-3.1491901874542236,0.05408477783203125,
160,-3.0842084884643555,0.05411696434020996,-1.0673387050628662
161,-3.152585744857788,0.12833309173583984,
162,-3.144585132598877,0.05477595329284668,
163,-2.973015308380127,0.05445075035095215,
164,-3.0628304481506348,0.055634498596191406,
165,-3.0736656188964844,0.05451345443725586,
166,-3.181746006011963,0.054322004318237305,
167,-3.129587173461914,0.05481076240539551,
168,-3.108819007873535,0.05454826354980469,
169,-3.083189010620117,0.05462384223937988,
170,-3.1319141387939453,0.05437207221984863,-0.7296127676963806
171,-3.1654059886932373,0.12428092956542969,
172,-3.121354341506958,0.05408930778503418,
173,-3.207232713699341,0.0541079044342041,
174,-3.2105586528778076,0.05415201187133789,
175,-3.0967533588409424,0.05459928512573242,
176,-2.994135856628418,0.05531120300292969,
177,-3.1035661697387695,0.054204702377319336,
178,-3.103564500808716,0.05468916893005371,
179,-3.059591054916382,0.05512070655822754,
180,-3.191460132598877,0.054471731185913086,-0.751491904258728
181,-3.113582134246826,0.1273047924041748,
182,-3.1101746559143066,0.05446743965148926,
183,-3.1451730728149414,0.05458331108093262,
184,-3.1283490657806396,0.05449414253234863,
185,-3.06074857711792,0.05439186096191406,
186,-3.2484331130981445,0.054795026779174805,
187,-3.326228618621826,0.056104421615600586,
188,-3.3283534049987793,0.05413317680358887,
189,-3.2708497047424316,0.05498218536376953,
190,-3.100558042526245,0.054587364196777344,-0.8124735951423645
191,-3.196488857269287,0.12362241744995117,
192,-3.4356513023376465,0.054105281829833984,
193,-3.2625813484191895,0.05518674850463867,
194,-3.1331698894500732,0.05506134033203125,
195,-3.062333345413208,0.05498647689819336,
196,-3.2073445320129395,0.05474567413330078,
197,-3.103816032409668,0.055020809173583984,
198,-3.1995701789855957,0.05518364906311035,
199,-3.2275173664093018,0.05438995361328125,
200,-3.229665517807007,0.05504775047302246,-1.168914556503296
201,-3.1170949935913086,0.1251218318939209,
202,-3.2639455795288086,0.05510067939758301,
203,-3.237436056137085,0.055022478103637695,
204,-2.9940028190612793,0.05500674247741699,
205,-3.1667165756225586,0.05460095405578613,
206,-3.2356414794921875,0.05512356758117676,
207,-3.2814807891845703,0.054795265197753906,
208,-3.196084976196289,0.0550384521484375,
209,-3.147350788116455,0.05481290817260742,
210,-3.230419158935547,0.05410146713256836,-0.6596051454544067
211,-3.216677665710449,0.12709903717041016,
212,-3.2940638065338135,0.05451512336730957,
213,-3.3254857063293457,0.05496501922607422,
214,-3.315997838973999,0.05499625205993652,
215,-3.3618898391723633,0.05494570732116699,
216,-3.204535961151123,0.055156707763671875,
217,-3.3379974365234375,0.05507683753967285,
218,-3.4261250495910645,0.05443382263183594,
219,-3.2635555267333984,0.05484628677368164,
220,-3.3293039798736572,0.05479073524475098,-0.7389127016067505
221,-3.4393508434295654,0.12623262405395508,
222,-3.265735149383545,0.053990840911865234,
223,-3.2047038078308105,0.05438375473022461,
224,-3.2273316383361816,0.05446815490722656,
225,-3.245772123336792,0.05488777160644531,
226,-3.2184805870056152,0.05472397804260254,
227,-3.1837158203125,0.054624080657958984,
228,-3.267077684402466,0.055722713470458984,
229,-3.2142114639282227,0.05481433868408203,
230,-3.270554542541504,0.05499982833862305,-1.011007308959961
231,-3.2759647369384766,0.24466609954833984,
232,-3.31756591796875,0.0542144775390625,
233,-3.243400812149048,0.05406332015991211,
234,-3.361745834350586,0.054543495178222656,
235,-3.317537784576416,0.05467581748962402,
236,-3.3144021034240723,0.05457592010498047,
237,-3.343719482421875,0.05563807487487793,
238,-3.256988048553467,0.05475473403930664,
239,-3.410557270050049,0.05414915084838867,
240,-3.478424072265625,0.05489468574523926,-1.384909749031067
241,-3.290773868560791,0.12617754936218262,
242,-3.239980697631836,0.054796695709228516,
243,-3.3386473655700684,0.05450606346130371,
244,-3.3867454528808594,0.054757118225097656,
245,-3.191679000854492,0.054044485092163086,
246,-3.3636043071746826,0.05423569679260254,
247,-3.3194103240966797,0.05431318283081055,
248,-3.4237754344940186,0.05357694625854492,
249,-3.328817129135132,0.05366992950439453,
250,-3.305793046951294,0.05434417724609375,-0.648625910282135
251,-3.214594841003418,0.12577271461486816,
252,-3.4585185050964355,0.054375410079956055,
253,-3.366659164428711,0.05452728271484375,
254,-3.5198230743408203,0.05414628982543945,
255,-3.46769380569458,0.05447030067443848,
256,-3.3242030143737793,0.05395913124084473,
257,-3.408261775970459,0.05401039123535156,
258,-3.3380179405212402,0.054372310638427734,
259,-3.30843186378479,0.054770469665527344,
260,-3.2208757400512695,0.05417275428771973,-1.2641137838363647
261,-3.183875799179077,0.12573981285095215,
262,-3.3771257400512695,0.05481576919555664,
263,-3.4298930168151855,0.054871320724487305,
264,-3.1683452129364014,0.05471158027648926,
265,-3.3293771743774414,0.054970502853393555,
266,-3.291541576385498,0.05505490303039551,
267,-3.312019109725952,0.05479621887207031,
268,-3.222550868988037,0.05423140525817871,
269,-3.3446245193481445,0.05383634567260742,
270,-3.3538265228271484,0.055352210998535156,-0.4794122576713562
271,-3.2055153846740723,0.12633967399597168,
272,-3.2768735885620117,0.054184913635253906,
273,-3.277336597442627,0.05421566963195801,
274,-3.356757640838623,0.0555112361907959,
275,-3.4715943336486816,0.05489039421081543,
276,-3.4546823501586914,0.054256439208984375,
277,-3.331623077392578,0.05404806137084961,
278,-3.3793933391571045,0.054657936096191406,
279,-3.3166310787200928,0.05475759506225586,
280,-3.416409730911255,0.05498933792114258,-0.7942036390304565
281,-3.43898606300354,0.1268444061279297,
282,-3.3558669090270996,0.05653977394104004,
283,-3.3469862937927246,0.05461716651916504,
284,-3.449820041656494,0.055777549743652344,
285,-3.3365299701690674,0.05508089065551758,
286,-3.270099639892578,0.054344892501831055,
287,-3.480292558670044,0.054242849349975586,
288,-3.364199161529541,0.05504488945007324,
289,-3.327019214630127,0.056177616119384766,
290,-3.466120958328247,0.05465531349182129,-0.71259605884552
291,-3.3145413398742676,0.12572884559631348,
292,-3.4533088207244873,0.05458474159240723,
293,-3.4386961460113525,0.05481266975402832,
294,-3.551737070083618,0.054795026779174805,
295,-3.3307886123657227,0.05451011657714844,
296,-3.458310604095459,0.05457758903503418,
297,-3.4967169761657715,0.05478477478027344,
298,-3.474968433380127,0.054550886154174805,
299,-3.3350534439086914,0.05516171455383301,
300,-3.5164473056793213,0.05507683753967285,-0.7306250333786011
301,-3.4407365322113037,0.1257636547088623,
302,-3.4192683696746826,0.05411529541015625,
303,-3.444371461868286,0.05469965934753418,
304,-3.5066065788269043,0.05450272560119629,
305,-3.4040474891662598,0.05418205261230469,
306,-3.5031919479370117,0.05412864685058594,
307,-3.4838314056396484,0.05520153045654297,
308,-3.4231061935424805,0.05643177032470703,
309,-3.600633382797241,0.05533766746520996,
310,-3.45196533203125,0.05571699142456055,-0.6901093125343323
311,-3.498303174972534,0.1286633014678955,
312,-3.492164373397827,0.05485963821411133,
313,-3.5067028999328613,0.05434870719909668,
314,-3.5819618701934814,0.05425453186035156,
315,-3.379011631011963,0.05469059944152832,
316,-3.315223455429077,0.054290056228637695,
317,-3.425032138824463,0.054360151290893555,
318,-3.378582000732422,0.05416750907897949,
319,-3.3448214530944824,0.05424618721008301,
320,-3.464245319366455,0.053877830505371094,-0.513343095779419
321,-3.4373090267181396,0.12531685829162598,
322,-3.4332706928253174,0.055266380310058594,
323,-3.3699541091918945,0.05597543716430664,
324,-3.425078868865967,0.053984642028808594,
325,-3.426243782043457,0.05429506301879883,
326,-3.3720998764038086,0.0543670654296875,
327,-3.4873414039611816,0.05423402786254883,
328,-3.443859815597534,0.05395030975341797,
329,-3.4799718856811523,0.05402517318725586,
330,-3.4431815147399902,0.05410933494567871,-0.5605089068412781
331,-3.3532824516296387,0.12445330619812012,
332,-3.4525296688079834,0.05452156066894531,
333,-3.386538505554199,0.054749488830566406,
334,-3.510047435760498,0.05483293533325195,
335,-3.346968173980713,0.05472898483276367,
336,-3.4958107471466064,0.054800987243652344,
337,-3.5710301399230957,0.05555462837219238,
338,-3.4691600799560547,0.05433177947998047,
339,-3.3448941707611084,0.05491471290588379,
340,-3.3839285373687744,0.05443596839904785,-0.6310452222824097
341,-3.4940104484558105,0.12508726119995117,
342,-3.4144413471221924,0.05385303497314453,
343,-3.455307960510254,0.0542449951171875,
344,-3.4934957027435303,0.054911136627197266,
345,-3.646697759628296,0.05461883544921875,
346,-3.415252685546875,0.05477499961853027,
347,-3.5589520931243896,0.05458474159240723,
348,-3.549499034881592,0.05486774444580078,
349,-3.4702744483947754,0.055208683013916016,
350,-3.595040798187256,0.054697513580322266,-0.76592618227005
351,-3.479701519012451,0.24700188636779785,
352,-3.538175582885742,0.05486774444580078,
353,-3.538285732269287,0.055248260498046875,
354,-3.4544479846954346,0.05425882339477539,
355,-3.613581418991089,0.05463433265686035,
356,-3.5290770530700684,0.053940773010253906,
357,-3.514481544494629,0.05400705337524414,
358,-3.5235018730163574,0.054831743240356445,
359,-3.595139741897583,0.05375266075134277,
360,-3.580021381378174,0.05377960205078125,-0.841217041015625
361,-3.4077301025390625,0.12470078468322754,
362,-3.4475603103637695,0.053647756576538086,
363,-3.525200128555298,0.053653717041015625,
364,-3.5339627265930176,0.054178714752197266,
365,-3.387098550796509,0.05405282974243164,
366,-3.574645519256592,0.05374741554260254,
367,-3.6069464683532715,0.05474400520324707,
368,-3.5974655151367188,0.05416440963745117,
369,-3.560868263244629,0.0550076961517334,
370,-3.596447229385376,0.053713321685791016,-0.6735528707504272
371,-3.5280842781066895,0.1265573501586914,
372,-3.443861246109009,0.05414748191833496,
373,-3.5888726711273193,0.05398988723754883,
374,-3.5371501445770264,0.054085731506347656,
375,-3.4789671897888184,0.05436897277832031,
376,-3.5482633113861084,0.054225921630859375,
377,-3.5137429237365723,0.053957462310791016,
378,-3.552220582962036,0.05408954620361328,
379,-3.550682544708252,0.05473971366882324,
380,-3.527047634124756,0.05406618118286133,-0.6581209301948547
381,-3.5545265674591064,0.12544703483581543,
382,-3.5745925903320312,0.055727243423461914,
383,-3.581667900085449,0.055054664611816406,
384,-3.587724208831787,0.0538332462310791,
385,-3.51875638961792,0.053855180740356445,
386,-3.466625452041626,0.05384540557861328,
387,-3.5596561431884766,0.05378365516662598,
388,-3.4809019565582275,0.054902076721191406,
389,-3.5778770446777344,0.054329872131347656,
390,-3.67482852935791,0.05399799346923828,-0.9916442632675171
391,-3.4989066123962402,0.1263716220855713,
392,-3.421260356903076,0.054212093353271484,
393,-3.5903711318969727,0.05420398712158203,
394,-3.634291887283325,0.05398869514465332,
395,-3.4825985431671143,0.05387282371520996,
396,-3.665616750717163,0.054641008377075195,
397,-3.528928279876709,0.054051876068115234,
398,-3.575171947479248,0.05382871627807617,
399,-3.535027503967285,0.0539250373840332,
400,-3.543490409851074,0.05418133735656738,-0.7865543365478516
401,-3.531038284301758,0.12411069869995117,
402,-3.537554979324341,0.05396842956542969,
403,-3.4690041542053223,0.05465054512023926,
404,-3.5427968502044678,0.05490541458129883,
405,-3.62678861618042,0.05381178855895996,
406,-3.484041213989258,0.05393171310424805,
407,-3.575075149536133,0.05421924591064453,
408,-3.589789867401123,0.05404472351074219,
409,-3.4276480674743652,0.05424666404724121,
410,-3.6397457122802734,0.054503679275512695,-0.9391380548477173
411,-3.755052089691162,0.12660431861877441,
412,-3.501131534576416,0.053998470306396484,
413,-3.609405517578125,0.054436683654785156,
414,-3.50034236907959,0.054981231689453125,
415,-3.470634698867798,0.05468606948852539,
416,-3.532369375228882,0.05379033088684082,
417,-3.6313862800598145,0.0541839599609375,
418,-3.619936227798462,0.05487656593322754,
419,-3.480557680130005,0.0540614128112793,
420,-3.6947202682495117,0.05478239059448242,-0.74600750207901
421,-3.6560277938842773,0.12560272216796875,
422,-3.59688663482666,0.05411076545715332,
423,-3.6802399158477783,0.05347847938537598,
424,-3.59590482711792,0.05425429344177246,
425,-3.6586711406707764,0.05395007133483887,
426,-3.6061856746673584,0.05408525466918945,
427,-3.591343641281128,0.054309844970703125,
428,-3.626865863800049,0.0540926456451416,
429,-3.600935935974121,0.05458474159240723,
430,-3.609281539916992,0.05398106575012207,-0.5755593776702881
431,-3.6117146015167236,0.12514853477478027,
432,-3.6306371688842773,0.053308725357055664,
433,-3.6239829063415527,0.054331064224243164,
434,-3.455256223678589,0.05472993850708008,
435,-3.5964181423187256,0.05454397201538086,
436,-3.61208438873291,0.055818796157836914,
437,-3.6556077003479004,0.05442404747009277,
438,-3.560868263244629,0.054373979568481445,
439,-3.475327491760254,0.054535627365112305,
440,-3.505713939666748,0.054262399673461914,-0.8819606304168701
441,-3.65083646774292,0.12465429306030273,
442,-3.5248560905456543,0.054175615310668945,
443,-3.6015477180480957,0.05400395393371582,
444,-3.6221165657043457,0.05520939826965332,
445,-3.489932060241699,0.05448269844055176,
446,-3.514357566833496,0.055234670639038086,
447,-3.5554094314575195,0.05445504188537598,
448,-3.6773908138275146,0.05486750602722168,
449,-3.5660088062286377,0.05444049835205078,
450,-3.6633052825927734,0.05460166931152344,-0.8244189023971558
451,-3.638894557952881,0.12370467185974121,
452,-3.647477149963379,0.05404210090637207,
453,-3.695913314819336,0.05460953712463379,
454,-3.552967071533203,0.05479741096496582,
455,-3.6775643825531006,0.05429482460021973,
456,-3.51190185546875,0.05458378791809082,
457,-3.4507968425750732,0.05465435981750488,
458,-3.616917848587036,0.05470991134643555,
459,-3.588740348815918,0.0544583797454834,
460,-3.5402116775512695,0.05489039421081543,-0.9591481685638428
461,-3.588162660598755,0.12602496147155762,
462,-3.5758004188537598,0.0546872615814209,
463,-3.569546699523926,0.05470156669616699,
464,-3.523895502090454,0.05508828163146973,
465,-3.5476033687591553,0.054840087890625,
466,-3.611356496810913,0.05498003959655762,
467,-3.5804338455200195,0.054952383041381836,
468,-3.5423054695129395,0.05535531044006348,
469,-3.52044677734375,0.05636310577392578,
470,-3.636279344558716,0.0548245906829834,-0.5761880278587341
471,-3.580221652984619,0.12600064277648926,
472,-3.571043014526367,0.05451154708862305,
473,-3.457221746444702,0.05462646484375,
474,-3.392547607421875,0.054046630859375,
475,-3.632824420928955,0.05420517921447754,
476,-3.601238489151001,0.054735422134399414,
477,-3.500462055206299,0.055461883544921875,
478,-3.632903575897217,0.17641949653625488,
479,-3.6372790336608887,0.05482840538024902,
480,-3.6430015563964844,0.054015159606933594,-0.8297399282455444
481,-3.6669130325317383,0.12618541717529297,
482,-3.598940372467041,0.054979562759399414,
483,-3.740924835205078,0.054688215255737305,
484,-3.598586082458496,0.05424952507019043,
485,-3.7024145126342773,0.05462956428527832,
486,-3.6222031116485596,0.054985761642456055,
487,-3.7561593055725098,0.05543255805969238,
488,-3.714174747467041,0.05441641807556152,
489,-3.6332340240478516,0.05581092834472656,
490,-3.6109604835510254,0.0546870231628418,-0.7221502661705017
491,-3.554926872253418,0.12632226943969727,
492,-3.628331184387207,0.05468630790710449,
493,-3.6469743251800537,0.05446362495422363,
494,-3.8727059364318848,0.05461692810058594,
495,-3.5595788955688477,0.05442047119140625,
496,-3.601924419403076,0.0541529655456543,
497,-3.7118797302246094,0.05431628227233887,
498,-3.712306499481201,0.05475020408630371,
499,-3.7208454608917236,0.054467201232910156,
500,-3.6197969913482666,0.05431699752807617,-0.6431053280830383
501,-3.74025297164917,0.12474799156188965,
502,-3.6235275268554688,0.054494380950927734,
503,-3.685673236846924,0.054276227951049805,
504,-3.7010955810546875,0.05472755432128906,
505,-3.677686929702759,0.0546877384185791,
506,-3.649655342102051,0.0543978214263916,
507,-3.7280588150024414,0.05520796775817871,
508,-3.821293592453003,0.05488920211791992,
509,-3.7765650749206543,0.05511355400085449,
510,-3.6995041370391846,0.05462908744812012,-0.7855632305145264
511,-3.658521890640259,0.12673401832580566,
512,-3.691617488861084,0.0547184944152832,
513,-3.7836318016052246,0.05579686164855957,
514,-3.8861958980560303,0.05577802658081055,
515,-3.5561671257019043,0.054903268814086914,
516,-3.7527413368225098,0.054485321044921875,
517,-3.667451858520508,0.05569291114807129,
518,-3.6851139068603516,0.05449104309082031,
519,-3.5869340896606445,0.05514359474182129,
520,-3.764124870300293,0.05455183982849121,-0.7963919043540955
521,-3.654799699783325,0.12705707550048828,
522,-3.6466729640960693,0.05404925346374512,
523,-3.658012866973877,0.05441164970397949,
524,-3.7318339347839355,0.05448508262634277,
525,-3.6736011505126953,0.05456185340881348,
526,-3.7395482063293457,0.054486989974975586,
527,-3.724942445755005,0.05500936508178711,
528,-3.6454246044158936,0.054792165756225586,
529,-3.701655864715576,0.05419754981994629,
530,-3.6812193393707275,0.05480456352233887,-0.7852258086204529
531,-3.8033175468444824,0.12818455696105957,
532,-3.721003770828247,0.05453181266784668,
533,-3.6541495323181152,0.05488324165344238,
534,-3.659865140914917,0.05451822280883789,
535,-3.7252485752105713,0.05431389808654785,
536,-3.6323039531707764,0.05394792556762695,
537,-3.6704647541046143,0.055808305740356445,
538,-3.6159772872924805,0.05483102798461914,
539,-3.620706558227539,0.056440114974975586,
540,-3.806854486465454,0.05466341972351074,-0.7605839371681213
541,-3.6864395141601562,0.12685227394104004,
542,-3.649728536605835,0.05487227439880371,
543,-3.755359411239624,0.05497026443481445,
544,-3.6788601875305176,0.05497622489929199,
545,-3.6919872760772705,0.05503535270690918,
546,-3.602064609527588,0.05493974685668945,
547,-3.629667282104492,0.05481123924255371,
548,-3.6304755210876465,0.05403566360473633,
549,-3.715965747833252,0.05411028861999512,
550,-3.706322431564331,0.054578542709350586,-0.7315455675125122
551,-3.7136220932006836,0.12684035301208496,
552,-3.71547794342041,0.05420255661010742,
553,-3.655341148376465,0.05486869812011719,
554,-3.7426657676696777,0.05464649200439453,
555,-3.726823329925537,0.054410457611083984,
556,-3.6138014793395996,0.05431628227233887,
557,-3.5843067169189453,0.05482649803161621,
558,-3.6250059604644775,0.05538749694824219,
559,-3.785784959793091,0.054802656173706055,
560,-3.5931591987609863,0.05491209030151367,-0.8224695920944214
561,-3.704043388366699,0.1260981559753418,
562,-3.7019503116607666,0.05433034896850586,
563,-3.7494726181030273,0.05458712577819824,
564,-3.6916685104370117,0.05475187301635742,
565,-3.665130615234375,0.05518174171447754,
566,-3.7969913482666016,0.05487203598022461,
567,-3.7247533798217773,0.05483126640319824,
568,-3.6906609535217285,0.05539226531982422,
569,-3.650346279144287,0.057409048080444336,
570,-3.9016170501708984,0.05504775047302246,-0.4739820659160614
571,-3.7632408142089844,0.12653088569641113,
572,-3.76900053024292,0.05440878868103027,
573,-3.8222780227661133,0.05455446243286133,
574,-3.684701442718506,0.05442667007446289,
575,-3.4722533226013184,0.05427908897399902,
576,-3.667806386947632,0.05469703674316406,
577,-3.653873920440674,0.05467939376831055,
578,-3.7712461948394775,0.05376553535461426,
579,-3.824718475341797,0.054517269134521484,
580,-3.7914342880249023,0.05481219291687012,-0.695756733417511
581,-3.775735855102539,0.12534236907958984,
582,-3.726807117462158,0.0540156364440918,
583,-3.703916072845459,0.05506134033203125,
584,-3.8128867149353027,0.0543973445892334,
585,-3.7031402587890625,0.05435943603515625,
586,-3.671863317489624,0.054413795471191406,
587,-3.678081512451172,0.0545194149017334,
588,-3.6244590282440186,0.05444765090942383,
589,-3.548039674758911,0.05408143997192383,
590,-3.5681145191192627,0.05492591857910156,-0.5657037496566772
591,-3.6664838790893555,0.12801718711853027,
592,-3.7975096702575684,0.0547487735748291,
593,-3.5661816596984863,0.054548025131225586,
594,-3.667473316192627,0.05492806434631348,
595,-3.7730507850646973,0.05493879318237305,
596,-3.736184597015381,0.05513644218444824,
597,-3.5952882766723633,0.05464291572570801,
598,-3.7641491889953613,0.055062055587768555,
599,-3.7344396114349365,0.05602550506591797,
600,-3.75723934173584,0.05487537384033203,-0.8626828789710999
601,-3.751168966293335,0.25041770935058594,
602,-3.658845901489258,0.05467629432678223,
603,-3.7897565364837646,0.055753231048583984,
604,-3.754812240600586,0.05417966842651367,
605,-3.6405909061431885,0.055419206619262695,
606,-3.754429578781128,0.054953575134277344,
607,-3.74992036819458,0.05605053901672363,
608,-3.6861538887023926,0.05444765090942383,
609,-3.7242000102996826,0.054596900939941406,
610,-3.6921544075012207,0.05474138259887695,-0.6653069853782654
611,-3.6882247924804688,0.12604022026062012,
612,-3.701925754547119,0.05474400520324707,
613,-3.723332405090332,0.054845571517944336,
614,-3.6725687980651855,0.05488252639770508,
615,-3.679825782775879,0.05490398406982422,
616,-3.740973711013794,0.05488300323486328,
617,-3.735882520675659,0.05539059638977051,
618,-3.775458812713623,0.05513811111450195,
619,-3.8506956100463867,0.0545046329498291,
620,-3.698413372039795,0.05503439903259277,-0.6435136198997498
621,-3.7289621829986572,0.12538433074951172,
622,-3.711778163909912,0.054250240325927734,
623,-3.7680537700653076,0.05406355857849121,
624,-3.718496561050415,0.05452299118041992,
625,-3.8482666015625,0.0544431209564209,
626,-3.795985698699951,0.05446028709411621,
627,-3.819364070892334,0.05437350273132324,
628,-3.7867815494537354,0.05467391014099121,
629,-3.858243942260742,0.05453133583068848,
630,-3.78178071975708,0.05429887771606445,-0.6566139459609985
631,-3.859212875366211,0.12673139572143555,
632,-3.7929458618164062,0.054364681243896484,
633,-3.761990547180176,0.05482149124145508,
634,-3.866607189178467,0.05492353439331055,
635,-3.8789358139038086,0.05535626411437988,
636,-3.940678119659424,0.05546736717224121,
637,-3.7244224548339844,0.05501985549926758,
638,-3.8643383979797363,0.054993629455566406,
639,-3.695500373840332,0.0557708740234375,
640,-3.7727713584899902,0.05519604682922363,-0.7148098349571228
641,-3.698319911956787,0.12546205520629883,
642,-3.6787867546081543,0.05464982986450195,
643,-3.7177252769470215,0.055556297302246094,
644,-3.919194459915161,0.05516171455383301,
645,-3.665412425994873,0.05404305458068848,
646,-3.736790180206299,0.05425286293029785,
647,-3.826138496398926,0.0542144775390625,
648,-3.8154702186584473,0.054380178451538086,
649,-3.8017020225524902,0.05423855781555176,
650,-3.604611396789551,0.05447030067443848,-0.7275330424308777
651,-3.8224987983703613,0.1286458969116211,
652,-3.651984691619873,0.05498361587524414,
653,-3.7226641178131104,0.0543980598449707,
654,-3.869232654571533,0.05474996566772461,
655,-3.77304744720459,0.05501866340637207,
656,-3.770879030227661,0.05454397201538086,
657,-3.7686500549316406,0.05484795570373535,
658,-3.78773832321167,0.05518150329589844,
659,-3.7699122428894043,0.0551908016204834,
660,-3.763021945953369,0.05461263656616211,-0.633374810218811
661,-3.780925750732422,0.12691903114318848,
662,-3.5663318634033203,0.05606794357299805,
663,-3.803229808807373,0.05467796325683594,
664,-3.7571120262145996,0.05460500717163086,
665,-3.7628517150878906,0.05438113212585449,
666,-3.8306779861450195,0.05425119400024414,
667,-3.791257619857788,0.05443072319030762,
668,-3.840545654296875,0.05482625961303711,
669,-3.7128021717071533,0.05517578125,
670,-3.704127073287964,0.05448770523071289,-0.7606088519096375
671,-3.7454371452331543,0.12555742263793945,
672,-3.8192057609558105,0.05457735061645508,
673,-3.691561222076416,0.055043935775756836,
674,-3.7828598022460938,0.054464101791381836,
675,-3.9116101264953613,0.054445743560791016,
676,-3.9433860778808594,0.05485796928405762,
677,-3.722805976867676,0.05450320243835449,
678,-3.6315560340881348,0.054476022720336914,
679,-3.922811269760132,0.05397224426269531,
680,-3.7138280868530273,0.05419206619262695,-0.6427788734436035
681,-3.761286973953247,0.1259763240814209,
682,-3.68512225151062,0.054258108139038086,
683,-3.8032889366149902,0.05429339408874512,
684,-3.7736287117004395,0.05442047119140625,
685,-3.7958784103393555,0.05562138557434082,
686,-3.816384792327881,0.054190874099731445,
687,-3.9783167839050293,0.05464577674865723,
688,-3.8198180198669434,0.05559825897216797,
689,-3.8416409492492676,0.054785728454589844,
690,-3.7831971645355225,0.054175615310668945,-0.6469017267227173
691,-3.819675922393799,0.1258544921875,
692,-3.8053956031799316,0.05495476722717285,
693,-3.868363380432129,0.05480670928955078,
694,-3.8628411293029785,0.05503559112548828,
695,-3.7378745079040527,0.05503416061401367,
696,-3.7504725456237793,0.055890798568725586,
697,-3.8682682514190674,0.05428647994995117,
698,-3.97240948677063,0.05423116683959961,
699,-3.8487942218780518,0.054613590240478516,
700,-3.797787666320801,0.05430960655212402,-0.8559111952781677
701,-3.855639934539795,0.12443304061889648,
702,-3.9697115421295166,0.05397367477416992,
703,-3.8313891887664795,0.05435991287231445,
704,-3.813995122909546,0.05443072319030762,
705,-3.5997676849365234,0.054366111755371094,
706,-3.8954100608825684,0.056334733963012695,
707,-3.8408102989196777,0.05528116226196289,
708,-3.9264090061187744,0.054730892181396484,
709,-3.799868583679199,0.055124759674072266,
710,-3.846306800842285,0.054815053939819336,-0.6671713590621948
711,-3.988220691680908,0.12821459770202637,
712,-3.949957847595215,0.05465078353881836,
713,-3.7866499423980713,0.054765939712524414,
714,-4.009715557098389,0.05468297004699707,
715,-3.8248770236968994,0.05541276931762695,
716,-3.663055658340454,0.054607391357421875,
717,-3.7281875610351562,0.05467724800109863,
718,-3.8102903366088867,0.0546259880065918,
719,-3.986274003982544,0.05448293685913086,
720,-3.8153724670410156,0.05503106117248535,-0.7619326114654541
721,-3.754337787628174,0.2503926753997803,
722,-3.823061466217041,0.05465364456176758,
723,-3.861144781112671,0.05484604835510254,
724,-3.8322951793670654,0.05479741096496582,
725,-3.6166136264801025,0.05443310737609863,
726,-3.729888677597046,0.054793596267700195,
727,-3.6664631366729736,0.05392599105834961,
728,-3.7721171379089355,0.05410003662109375,
729,-3.8782670497894287,0.05414247512817383,
730,-3.9633822441101074,0.054418087005615234,-0.9744155406951904
731,-3.663679838180542,0.12479948997497559,
732,-3.8169803619384766,0.0543363094329834,
733,-3.972099781036377,0.054575443267822266,
734,-3.981166362762451,0.05425238609313965,
735,-3.9095001220703125,0.054619550704956055,
736,-4.064780235290527,0.05489325523376465,
737,-3.8932852745056152,0.05410504341125488,
738,-3.942528247833252,0.05458831787109375,
739,-3.869410991668701,0.0545196533203125,
740,-3.8095321655273438,0.05448579788208008,-0.5388166308403015
741,-3.8577990531921387,0.12541413307189941,
742,-3.7520558834075928,0.054496049880981445,
743,-3.9015378952026367,0.05454134941101074,
744,-3.8102011680603027,0.05556750297546387,
745,-3.8684487342834473,0.05467391014099121,
746,-3.8743197917938232,0.05524468421936035,
747,-3.8794381618499756,0.05460929870605469,
748,-3.8936281204223633,0.05401730537414551,
749,-3.9191970825195312,0.05447530746459961,
750,-3.91792631149292,0.05454611778259277,-0.8490374684333801
751,-3.851165771484375,0.12618207931518555,
752,-3.8482513427734375,0.05440926551818848,
753,-3.835967779159546,0.054210662841796875,
754,-3.9084019660949707,0.05421638488769531,
755,-3.9699149131774902,0.05410957336425781,
756,-3.972712516784668,0.054125070571899414,
757,-3.890303134918213,0.0546259880065918,
758,-3.930701732635498,0.0547029972076416,
759,-3.753223419189453,0.054038286209106445,
760,-3.853701114654541,0.05500149726867676,-0.7633845210075378
761,-3.8206892013549805,0.1251220703125,
762,-3.9657368659973145,0.05468416213989258,
763,-3.9648818969726562,0.054512739181518555,
764,-3.8260202407836914,0.05507254600524902,
765,-3.8860220909118652,0.05484747886657715,
766,-3.8479208946228027,0.05431413650512695,
767,-3.952970504760742,0.05462026596069336,
768,-3.8846778869628906,0.05480456352233887,
769,-3.7664432525634766,0.05584216117858887,
770,-3.822849750518799,0.05520343780517578,-0.6967965364456177
771,-3.990170955657959,0.1277172565460205,
772,-3.900259017944336,0.054998159408569336,
773,-3.9790592193603516,0.05493283271789551,
774,-3.790910243988037,0.05478191375732422,
775,-3.9854660034179688,0.054937124252319336,
776,-3.889362335205078,0.05488848686218262,
777,-3.8659260272979736,0.05521678924560547,
778,-3.986090660095215,0.05474495887756348,
779,-3.962447166442871,0.0559840202331543,
780,-4.000077724456787,0.054319143295288086,-0.7574824690818787
781,-3.890075206756592,0.12883710861206055,
782,-4.105306625366211,0.054482460021972656,
783,-3.8908653259277344,0.05444502830505371,
784,-3.8466994762420654,0.05536937713623047,
785,-3.8833999633789062,0.05538678169250488,
786,-3.926985263824463,0.05376887321472168,
787,-4.009737491607666,0.054895639419555664,
788,-3.8830389976501465,0.05488300323486328,
789,-3.9026951789855957,0.054927825927734375,
790,-4.056854248046875,0.05479836463928223,-0.6371643543243408
791,-4.013082504272461,0.1263582706451416,
792,-3.974700927734375,0.05455660820007324,
793,-3.7827200889587402,0.05515885353088379,
794,-3.8278660774230957,0.054018497467041016,
795,-3.986111640930176,0.054654598236083984,
796,-3.854189157485962,0.054808855056762695,
797,-3.813802719116211,0.0544278621673584,
798,-3.8649168014526367,0.054915428161621094,
799,-3.788072347640991,0.055643320083618164,
800,-3.833359718322754,0.05572080612182617,-0.7207314372062683
801,-3.883202075958252,0.12470531463623047,
802,-3.917954921722412,0.05458402633666992,
803,-3.859046697616577,0.05473494529724121,
804,-3.923877716064453,0.05466437339782715,
805,-3.8167431354522705,0.05408072471618652,
806,-3.8670754432678223,0.05428910255432129,
807,-3.744810104370117,0.054839372634887695,
808,-3.835183620452881,0.05417442321777344,
809,-3.9399266242980957,0.05493617057800293,
810,-3.969356060028076,0.05497169494628906,-0.7304184436798096
811,-3.9382925033569336,0.12584543228149414,
812,-3.897721529006958,0.05394864082336426,
813,-3.9523606300354004,0.054097890853881836,
814,-3.9331130981445312,0.053964853286743164,
815,-3.9018607139587402,0.054325103759765625,
816,-4.0905680656433105,0.05450153350830078,
817,-3.914342164993286,0.05468893051147461,
818,-3.9421348571777344,0.05473685264587402,
819,-3.886781692504883,0.05457448959350586,
820,-4.000973224639893,0.05433964729309082,-0.8106276392936707
821,-3.841313362121582,0.12604641914367676,
822,-4.066552639007568,0.05450892448425293,
823,-4.0639328956604,0.05430793762207031,
824,-3.842344284057617,0.05481290817260742,
825,-3.977032423019409,0.05481719970703125,
826,-4.04008150100708,0.055187225341796875,
827,-3.7554328441619873,0.054851531982421875,
828,-3.710679531097412,0.055005788803100586,
829,-3.9553284645080566,0.05518054962158203,
830,-3.870924234390259,0.0546267032623291,-0.6829851269721985
831,-3.8653345108032227,0.1266040802001953,
832,-3.887388229370117,0.05371689796447754,
833,-3.900045394897461,0.05394577980041504,
834,-3.965142250061035,0.053546905517578125,
835,-3.8884196281433105,0.054744720458984375,
836,-3.8494362831115723,0.0543520450592041,
837,-4.029359340667725,0.05417227745056152,
838,-3.9483699798583984,0.05412006378173828,
839,-3.967902660369873,0.05420684814453125,
840,-4.071253776550293,0.05459332466125488,-0.8783721923828125
841,-3.8618807792663574,0.24870681762695312,
842,-3.998537540435791,0.054527997970581055,
843,-3.91180419921875,0.05492901802062988,
844,-3.903075695037842,0.05479025840759277,
845,-4.077502250671387,0.05446290969848633,
846,-4.055444717407227,0.05445384979248047,
847,-3.880018472671509,0.054527997970581055,
848,-3.867678165435791,0.05454897880554199,
849,-3.8118896484375,0.05476832389831543,
850,-3.8732826709747314,0.05410480499267578,-0.7819217443466187
851,-3.826005458831787,0.12549734115600586,
852,-3.933112144470215,0.05410408973693848,
853,-3.800901412963867,0.054291486740112305,
854,-3.9646105766296387,0.05455923080444336,
855,-3.793760061264038,0.05453324317932129,
856,-3.9005813598632812,0.0547637939453125,
857,-3.925570487976074,0.05478096008300781,
858,-4.005526542663574,0.053995609283447266,
859,-3.921468734741211,0.05428814888000488,
860,-3.937405586242676,0.05419921875,-0.6336753964424133
861,-4.026548385620117,0.12613749504089355,
862,-4.07322883605957,0.05416727066040039,
863,-3.8640894889831543,0.05451846122741699,
864,-4.047677040100098,0.05507993698120117,
865,-3.855827569961548,0.05424761772155762,
866,-4.090784072875977,0.054822683334350586,
867,-3.861572265625,0.05478310585021973,
868,-3.9593610763549805,0.05473971366882324,
869,-3.854653835296631,0.055001020431518555,
870,-3.9550185203552246,0.05503368377685547,-0.8889532089233398
871,-3.979987621307373,0.12640094757080078,
872,-3.745436668395996,0.05421948432922363,
873,-3.984739065170288,0.05431866645812988,
874,-3.8945541381835938,0.05478358268737793,
875,-3.9698922634124756,0.05434107780456543,
876,-3.867237091064453,0.05417513847351074,
877,-3.988550901412964,0.054634809494018555,
878,-3.9423837661743164,0.054765939712524414,
879,-3.964017391204834,0.05503034591674805,
880,-3.8692901134490967,0.05430412292480469,-0.5734633803367615
881,-3.9814016819000244,0.12688875198364258,
882,-3.8124475479125977,0.054831743240356445,
883,-3.895583152770996,0.05491328239440918,
884,-3.96060848236084,0.05396580696105957,
885,-3.965517997741699,0.055318593978881836,
886,-3.9831295013427734,0.0553431510925293,
887,-3.869697332382202,0.0541689395904541,
888,-3.9695076942443848,0.054503440856933594,
889,-3.968674659729004,0.05444788932800293,
890,-3.9202723503112793,0.05504870414733887,-0.7105746865272522
891,-4.052238464355469,0.12762236595153809,
892,-4.001018047332764,0.05476641654968262,
893,-3.957749128341675,0.05511832237243652,
894,-3.8857080936431885,0.0550539493560791,
895,-4.020688533782959,0.05497241020202637,
896,-4.015814304351807,0.05461859703063965,
897,-4.04115104675293,0.05514883995056152,
898,-3.997986316680908,0.054567575454711914,
899,-3.9516584873199463,0.05388045310974121,
900,-4.033291339874268,0.05450701713562012,-0.5925834774971008
901,-3.971457004547119,0.1260392665863037,
902,-3.8849430084228516,0.054381370544433594,
903,-4.080908298492432,0.05405759811401367,
904,-3.9200053215026855,0.054757118225097656,
905,-3.9993348121643066,0.05441999435424805,
906,-3.8948965072631836,0.05570697784423828,
907,-3.820329189300537,0.054755210876464844,
908,-3.954667568206787,0.05488896369934082,
909,-4.139216423034668,0.05524945259094238,
910,-4.054754257202148,0.05460071563720703,-0.7506939768791199
911,-4.023771286010742,0.12630271911621094,
912,-3.947674512863159,0.05484414100646973,
913,-4.00280237197876,0.05606508255004883,
914,-4.146431922912598,0.05382513999938965,
915,-3.922534942626953,0.05448555946350098,
916,-4.119998455047607,0.05440402030944824,
917,-3.893301248550415,0.0548098087310791,
918,-4.049452781677246,0.054727792739868164,
919,-4.063187122344971,0.055288076400756836,
920,-3.966649055480957,0.05553746223449707,-0.6412664651870728
921,-3.9414491653442383,0.12625789642333984,
922,-3.992654800415039,0.05475449562072754,
923,-4.026894569396973,0.05507707595825195,
924,-3.977865695953369,0.05486154556274414,
925,-3.9238157272338867,0.055230140686035156,
926,-3.8926639556884766,0.05454444885253906,
927,-3.8229639530181885,0.05503368377685547,
928,-3.978708028793335,0.05502653121948242,
929,-3.8914077281951904,0.05491781234741211,
930,-3.998932123184204,0.054285526275634766,-0.8273204565048218
931,-3.9525070190429688,0.12639379501342773,
932,-4.063169002532959,0.05506110191345215,
933,-4.105999946594238,0.0547025203704834,
934,-4.004733562469482,0.055290937423706055,
935,-3.983423948287964,0.05499386787414551,
936,-4.0714569091796875,0.05472254753112793,
937,-4.068595886230469,0.05475187301635742,
938,-3.965327262878418,0.054944515228271484,
939,-4.1523237228393555,0.055969953536987305,
940,-3.9231839179992676,0.05412697792053223,-0.5767614841461182
941,-3.9407124519348145,0.12560462951660156,
942,-4.117369174957275,0.05452871322631836,
943,-4.108151435852051,0.05532193183898926,
944,-4.1208271980285645,0.054178714752197266,
945,-3.9712917804718018,0.054877519607543945,
946,-4.099801540374756,0.05492806434631348,
947,-3.9562735557556152,0.05590486526489258,
948,-3.959652900695801,0.05476045608520508,
949,-3.9541306495666504,0.05518817901611328,
950,-4.013408660888672,0.05449676513671875,-0.7350964546203613
951,-4.0465803146362305,0.12630248069763184,
952,-4.085960388183594,0.05354762077331543,
953,-4.101526260375977,0.05433845520019531,
954,-4.010584354400635,0.05428767204284668,
955,-3.9650354385375977,0.05529952049255371,
956,-4.109539985656738,0.05426287651062012,
957,-4.08369779586792,0.054573774337768555,
958,-4.043752670288086,0.05435681343078613,
959,-3.970531702041626,0.054123640060424805,
960,-4.0587158203125,0.05444979667663574,-0.6232002973556519
961,-3.977497100830078,0.2412574291229248,
962,-3.774364709854126,0.05433392524719238,
963,-3.83109712600708,0.05463385581970215,
964,-3.9655838012695312,0.05482935905456543,
965,-3.996173858642578,0.054290771484375,
966,-4.055395603179932,0.0547175407409668,
967,-4.012615203857422,0.0548250675201416,
968,-4.087525367736816,0.054888010025024414,
969,-3.917543888092041,0.054750680923461914,
970,-3.966085433959961,0.05477094650268555,-0.5761863589286804
971,-3.9972007274627686,0.12743663787841797,
972,-4.00926399230957,0.053629398345947266,
973,-4.104056358337402,0.054045915603637695,
974,-4.032195568084717,0.05444645881652832,
975,-4.025282382965088,0.054787635803222656,
976,-4.019803047180176,0.05429649353027344,
977,-4.050021648406982,0.05451345443725586,
978,-4.089641094207764,0.05472850799560547,
979,-4.133829116821289,0.05377650260925293,
980,-4.070384979248047,0.05440020561218262,-0.8332128524780273
981,-3.8835394382476807,0.12578749656677246,
982,-4.029504776000977,0.05467867851257324,
983,-4.0177154541015625,0.0545506477355957,
984,-3.917444944381714,0.054718971252441406,
985,-3.9843897819519043,0.05630636215209961,
986,-4.1163530349731445,0.054173946380615234,
987,-3.7886109352111816,0.05394744873046875,
988,-3.830702304840088,0.05526995658874512,
989,-3.6870107650756836,0.056415557861328125,
990,-3.9282877445220947,0.05485057830810547,-0.5884689688682556
991,-4.143294334411621,0.1284472942352295,
992,-3.975874423980713,0.054444313049316406,
993,-3.9149909019470215,0.05438804626464844,
994,-4.069513320922852,0.054618120193481445,
995,-4.0310750007629395,0.05410027503967285,
996,-4.1085004806518555,0.05407381057739258,
997,-4.00247859954834,0.05477023124694824,
998,-4.121819496154785,0.054306983947753906,
999,-4.060359001159668,0.05456137657165527,
1000,-4.032885551452637,0.05498099327087402,-0.8178905248641968
1001,-4.104034423828125,0.12768864631652832,
1002,-4.025433540344238,0.05384564399719238,
1003,-3.914384603500366,0.054267168045043945,
1004,-4.04503059387207,0.05432295799255371,
1005,-4.105681419372559,0.054592132568359375,
1006,-3.975860595703125,0.054221391677856445,
1007,-4.0722336769104,0.05458354949951172,
1008,-3.9482367038726807,0.05502152442932129,
1009,-4.070769786834717,0.05418729782104492,
1010,-4.127052307128906,0.054871320724487305,-0.7924201488494873
1011,-3.9767332077026367,0.12553834915161133,
1012,-3.9551022052764893,0.05470681190490723,
1013,-3.8839354515075684,0.05445384979248047,
1014,-4.108680725097656,0.05540895462036133,
1015,-3.9555954933166504,0.05452704429626465,
1016,-4.117142677307129,0.054563283920288086,
1017,-4.115001201629639,0.0543670654296875,
1018,-4.075139999389648,0.0546875,
1019,-4.05889892578125,0.055074453353881836,
1020,-3.9924073219299316,0.05493807792663574,-0.7320606112480164
1021,-3.9870283603668213,0.12586593627929688,
1022,-3.9440371990203857,0.055651187896728516,
1023,-4.0490875244140625,0.05489921569824219,
1024,-3.9973082542419434,0.05693554878234863,
1025,-4.091794967651367,0.055380821228027344,
1026,-4.0566558837890625,0.05477428436279297,
1027,-4.0860595703125,0.054817914962768555,
1028,-3.9835150241851807,0.05415034294128418,
1029,-4.073663234710693,0.05493497848510742,
1030,-4.144108772277832,0.0553591251373291,-0.8788813948631287
1031,-4.01446533203125,0.1266193389892578,
1032,-4.009926795959473,0.0541536808013916,
1033,-3.9526634216308594,0.0544431209564209,
1034,-4.043454647064209,0.05459022521972656,
1035,-3.925562858581543,0.05515003204345703,
1036,-3.9067599773406982,0.05479884147644043,
1037,-3.9575273990631104,0.0549471378326416,
1038,-3.888920307159424,0.054782867431640625,
1039,-3.931641101837158,0.05439639091491699,
1040,-3.959362745285034,0.0541691780090332,-0.703474223613739
1041,-3.890820026397705,0.1247873306274414,
1042,-4.200952053070068,0.05462980270385742,
1043,-4.109790325164795,0.0551297664642334,
1044,-4.070765495300293,0.05490303039550781,
1045,-4.048537254333496,0.05684351921081543,
1046,-4.163732051849365,0.055966854095458984,
1047,-4.176614761352539,0.05509519577026367,
1048,-3.9667720794677734,0.054978132247924805,
1049,-4.171855926513672,0.05559206008911133,
1050,-4.069329261779785,0.05434441566467285,-0.7373302578926086
1051,-4.090569496154785,0.12980055809020996,
1052,-3.985448122024536,0.05389595031738281,
1053,-4.173627853393555,0.054167747497558594,
1054,-4.088082313537598,0.05480504035949707,
1055,-4.1140947341918945,0.054222822189331055,
1056,-4.139754295349121,0.05527853965759277,
1057,-4.190600872039795,0.054502010345458984,
1058,-4.105886936187744,0.05450010299682617,
1059,-4.032839775085449,0.05441761016845703,
1060,-4.042444705963135,0.05418133735656738,-0.9444206953048706
1061,-4.118476867675781,0.12751436233520508,
1062,-4.239611625671387,0.05391860008239746,
1063,-4.105831146240234,0.054598331451416016,
1064,-4.073092460632324,0.05479073524475098,
1065,-4.04774284362793,0.05549502372741699,
1066,-3.953843832015991,0.05438423156738281,
1067,-3.978029251098633,0.05431103706359863,
1068,-4.15875244140625,0.05505943298339844,
1069,-3.898077964782715,0.05417799949645996,
1070,-4.061775207519531,0.05407094955444336,-0.8334647417068481
1071,-4.026801109313965,0.1255199909210205,
1072,-4.135871410369873,0.054087162017822266,
1073,-4.227130889892578,0.05407428741455078,
1074,-4.024761199951172,0.054186344146728516,
1075,-3.9896950721740723,0.0541386604309082,
1076,-4.144007205963135,0.05396628379821777,
1077,-4.099103927612305,0.05398130416870117,
1078,-3.88716459274292,0.05422806739807129,
1079,-3.9428765773773193,0.0542752742767334,
1080,-4.163313865661621,0.053691864013671875,-0.7663033604621887
1081,-4.120512962341309,0.2512335777282715,
1082,-4.130358695983887,0.053673744201660156,
1083,-4.118284225463867,0.053354740142822266,
1084,-4.113916873931885,0.053684234619140625,
1085,-4.050807952880859,0.05488705635070801,
1086,-4.120303153991699,0.05405545234680176,
1087,-4.318943977355957,0.054111480712890625,
1088,-4.092010498046875,0.05608177185058594,
1089,-4.04678201675415,0.054817914962768555,
1090,-4.036679744720459,0.053969621658325195,-0.6858655214309692
1091,-4.143484115600586,0.12684249877929688,
1092,-4.009243011474609,0.05500197410583496,
1093,-3.997826337814331,0.05437207221984863,
1094,-4.204868316650391,0.054712533950805664,
1095,-4.177420616149902,0.05571150779724121,
1096,-4.127435207366943,0.05428719520568848,
1097,-4.130248546600342,0.05448198318481445,
1098,-4.040835380554199,0.0540771484375,
1099,-4.072343826293945,0.05417656898498535,
1100,-3.984287738800049,0.05502486228942871,-0.9119109511375427
1101,-4.115028381347656,0.12633919715881348,
1102,-4.026887893676758,0.054379940032958984,
1103,-4.160829067230225,0.054619789123535156,
1104,-4.170841217041016,0.05491781234741211,
1105,-4.124355316162109,0.05437660217285156,
1106,-4.066410064697266,0.054608821868896484,
1107,-3.978863000869751,0.05411338806152344,
1108,-4.001680850982666,0.05374908447265625,
1109,-4.121069431304932,0.05363059043884277,
1110,-4.159547328948975,0.053771257400512695,-0.7291262149810791
1111,-4.062854290008545,0.12569451332092285,
1112,-4.1917924880981445,0.05402493476867676,
1113,-3.9722557067871094,0.05454087257385254,
1114,-4.086073875427246,0.05457425117492676,
1115,-4.087408065795898,0.05486941337585449,
1116,-4.013517379760742,0.05403470993041992,
1117,-4.033241271972656,0.0542759895324707,
1118,-4.094010829925537,0.0544428825378418,
1119,-4.131915092468262,0.05380606651306152,
1120,-4.106484413146973,0.054595232009887695,-1.0288394689559937
1121,-4.161952495574951,0.12863516807556152,
1122,-4.004612922668457,0.05536246299743652,
1123,-4.079157829284668,0.05498504638671875,
1124,-4.197954177856445,0.0545964241027832,
1125,-4.187770843505859,0.054569244384765625,
1126,-3.968235492706299,0.05502676963806152,
1127,-4.085366249084473,0.05414009094238281,
1128,-4.151022911071777,0.05523872375488281,
1129,-4.0818986892700195,0.054979562759399414,
1130,-4.0721893310546875,0.0551753044128418,-0.6724836230278015
1131,-4.0295305252075195,0.12596344947814941,
1132,-3.9928250312805176,0.054859161376953125,
1133,-4.055080890655518,0.05553317070007324,
1134,-4.22573184967041,0.05437421798706055,
1135,-4.194573402404785,0.054488420486450195,
1136,-4.073012351989746,0.055165767669677734,
1137,-4.144575119018555,0.05498385429382324,
1138,-4.2293195724487305,0.05454373359680176,
1139,-4.166390895843506,0.05605340003967285,
1140,-4.008174896240234,0.05498027801513672,-0.7220865488052368
1141,-4.223077774047852,0.12676095962524414,
1142,-4.04821252822876,0.05420637130737305,
1143,-4.063203811645508,0.05451011657714844,
1144,-4.094820499420166,0.054625749588012695,
1145,-4.100200653076172,0.055020809173583984,
1146,-3.9880928993225098,0.05401444435119629,
1147,-4.20285701751709,0.05451226234436035,
1148,-4.158229827880859,0.05443549156188965,
1149,-4.159637451171875,0.05490541458129883,
1150,-4.18132209777832,0.05554676055908203,-0.759073793888092
1151,-4.034624099731445,0.12704801559448242,
1152,-4.152634620666504,0.055413246154785156,
1153,-3.955585479736328,0.054986000061035156,
1154,-4.2143754959106445,0.054375648498535156,
1155,-4.204893112182617,0.054199934005737305,
1156,-4.155924320220947,0.0541384220123291,
1157,-4.219356060028076,0.054056406021118164,
1158,-4.084240913391113,0.05405783653259277,
1159,-3.95231556892395,0.05452322959899902,
1160,-4.102010726928711,0.05469059944152832,-0.8511327505111694
1161,-4.141161918640137,0.12600994110107422,
1162,-4.067343711853027,0.05425667762756348,
1163,-4.263566017150879,0.054552316665649414,
1164,-4.209660530090332,0.05469632148742676,
1165,-4.210826396942139,0.05434679985046387,
1166,-4.104068756103516,0.05451393127441406,
1167,-4.0428466796875,0.05498027801513672,
1168,-3.905534267425537,0.0541384220123291,
1169,-4.0536675453186035,0.054560184478759766,
1170,-4.114317893981934,0.05467677116394043,-0.7328675985336304
1171,-4.168929100036621,0.12685680389404297,
1172,-4.184518337249756,0.05411577224731445,
1173,-4.1389384269714355,0.05450773239135742,
1174,-4.247744560241699,0.054550886154174805,
1175,-4.175870895385742,0.05474424362182617,
1176,-4.092703342437744,0.05432772636413574,
1177,-4.129694938659668,0.054689645767211914,
1178,-4.161673069000244,0.05481290817260742,
1179,-4.130586624145508,0.05411362648010254,
1180,-4.2610602378845215,0.05456352233886719,-0.9468186497688293
1181,-4.300511360168457,0.12561655044555664,
1182,-4.234416961669922,0.05495405197143555,
1183,-4.097500801086426,0.05420970916748047,
1184,-4.116777420043945,0.05535888671875,
1185,-4.223888397216797,0.055045127868652344,
1186,-4.1510491371154785,0.05574154853820801,
1187,-4.147620677947998,0.054932355880737305,
1188,-4.208252429962158,0.05512881278991699,
1189,-4.171064376831055,0.05500197410583496,
1190,-4.064754486083984,0.05514240264892578,-0.7335670590400696
1191,-4.166533470153809,0.12487387657165527,
1192,-4.219786643981934,0.05469846725463867,
1193,-4.085919380187988,0.0546269416809082,
1194,-4.16365909576416,0.05453777313232422,
1195,-4.143735885620117,0.05446028709411621,
1196,-4.202801704406738,0.05474257469177246,
1197,-4.025427341461182,0.05511212348937988,
1198,-4.248289585113525,0.05441164970397949,
1199,-4.14050817489624,0.05481457710266113,
1200,-4.10107421875,0.05473065376281738,-0.9994425773620605
1201,-4.296568870544434,0.1274280548095703,
1202,-4.189099311828613,0.05534863471984863,
1203,-4.224466323852539,0.05437922477722168,
1204,-4.2102766036987305,0.05460309982299805,
1205,-4.042943000793457,0.055504798889160156,
1206,-4.143035888671875,0.05542445182800293,
1207,-4.05872106552124,0.0549006462097168,
1208,-4.196611404418945,0.05450320243835449,
1209,-4.266848564147949,0.05449175834655762,
1210,-4.13472318649292,0.05446577072143555,-0.6707995533943176
1211,-4.157151222229004,0.258317232131958,
1212,-4.12312126159668,0.05499434471130371,
1213,-4.130786895751953,0.05482888221740723,
1214,-4.141170501708984,0.054704904556274414,
1215,-4.237653732299805,0.054924964904785156,
1216,-4.145003795623779,0.05452728271484375,
1217,-4.146041393280029,0.05465364456176758,
1218,-4.181850433349609,0.055042266845703125,
1219,-4.149322986602783,0.0548405647277832,
1220,-4.284364700317383,0.055280447006225586,-0.7448384165763855
1221,-4.264953136444092,0.12698626518249512,
1222,-4.162456035614014,0.05459260940551758,
1223,-4.294958114624023,0.05495119094848633,
1224,-4.167352676391602,0.054862022399902344,
1225,-4.315026760101318,0.05466747283935547,
1226,-4.2279229164123535,0.05602836608886719,
1227,-4.1805315017700195,0.055713653564453125,
1228,-4.117709636688232,0.05509519577026367,
1229,-4.322765350341797,0.05404973030090332,
1230,-4.106463432312012,0.05566525459289551,-0.7611793875694275
1231,-4.032933712005615,0.12726187705993652,
1232,-4.147723197937012,0.055910348892211914,
1233,-4.072284698486328,0.05497932434082031,
1234,-4.0840253829956055,0.054767608642578125,
1235,-4.083885192871094,0.05528998374938965,
1236,-4.101984977722168,0.05598902702331543,
1237,-4.1133294105529785,0.05448341369628906,
1238,-4.1205267906188965,0.05501961708068848,
1239,-4.059964179992676,0.05529332160949707,
1240,-4.015582084655762,0.05485129356384277,-0.6676376461982727
1241,-4.17902946472168,0.12665843963623047,
1242,-4.271961688995361,0.05463981628417969,
1243,-4.160655498504639,0.05521106719970703,
1244,-4.134599685668945,0.05590343475341797,
1245,-4.141727447509766,0.05472707748413086,
1246,-4.2614545822143555,0.0543971061706543,
1247,-4.2080183029174805,0.05492091178894043,
1248,-4.214667320251465,0.054956912994384766,
1249,-4.137831211090088,0.055700063705444336,
1250,-4.276360511779785,0.05492687225341797,-0.6696980595588684
1251,-4.23147439956665,0.12627696990966797,
1252,-4.132040023803711,0.0561976432800293,
1253,-4.153618335723877,0.05427742004394531,
1254,-4.182676315307617,0.05497455596923828,
1255,-4.155563831329346,0.05477023124694824,
1256,-4.258190155029297,0.05504941940307617,
1257,-4.325549125671387,0.054114580154418945,
1258,-4.095208644866943,0.05493903160095215,
1259,-4.222404956817627,0.05514025688171387,
1260,-3.9820642471313477,0.055451393127441406,-0.6855273246765137
1261,-4.096485614776611,0.12639164924621582,
1262,-4.073192119598389,0.05415010452270508,
1263,-4.133304595947266,0.054692983627319336,
1264,-4.208581447601318,0.054033756256103516,
1265,-4.235165596008301,0.05446505546569824,
1266,-4.346924304962158,0.054402828216552734,
1267,-4.278804779052734,0.05447030067443848,
1268,-4.233011245727539,0.05497097969055176,
1269,-4.197868347167969,0.05536317825317383,
1270,-4.233405113220215,0.054704904556274414,-0.858212947845459
1271,-4.138357639312744,0.12612652778625488,
1272,-4.269901752471924,0.05481696128845215,
1273,-4.280156135559082,0.05503726005554199,
1274,-4.210870742797852,0.054782867431640625,
1275,-4.324377059936523,0.05427241325378418,
1276,-4.249263286590576,0.05466127395629883,
1277,-4.340529441833496,0.05513262748718262,
1278,-4.180933475494385,0.05538535118103027,
1279,-4.19927453994751,0.0545501708984375,
1280,-4.211382865905762,0.05504274368286133,-0.7346651554107666
1281,-4.209333419799805,0.12558841705322266,
1282,-4.264368057250977,0.055841922760009766,
1283,-4.180034160614014,0.05489492416381836,
1284,-4.149721145629883,0.05494546890258789,
1285,-4.327452659606934,0.05492830276489258,
1286,-4.247222900390625,0.0549626350402832,
1287,-4.101047992706299,0.054874420166015625,
1288,-4.040162563323975,0.0548856258392334,
1289,-4.117095470428467,0.05547308921813965,
1290,-4.226467609405518,0.05458426475524902,-0.9133630394935608
1291,-4.118738651275635,0.12597417831420898,
1292,-4.172564506530762,0.05460810661315918,
1293,-4.254264831542969,0.055581092834472656,
1294,-4.253518104553223,0.054802656173706055,
1295,-4.05168342590332,0.054959774017333984,
1296,-4.00633430480957,0.0550537109375,
1297,-4.2411956787109375,0.05471992492675781,
1298,-4.209931373596191,0.055664777755737305,
1299,-4.24675178527832,0.0553591251373291,
1300,-4.184252738952637,0.05534005165100098,-0.6672684550285339
1301,-4.410931587219238,0.12586760520935059,
1302,-4.4312262535095215,0.05446815490722656,
1303,-4.2736735343933105,0.05482983589172363,
1304,-4.339452743530273,0.05514693260192871,
1305,-4.2389817237854,0.05473184585571289,
1306,-4.22160530090332,0.054666757583618164,
1307,-4.3486127853393555,0.054372310638427734,
1308,-4.3078107833862305,0.05507206916809082,
1309,-4.133610248565674,0.05431222915649414,
1310,-4.143686771392822,0.054770469665527344,-0.6289272904396057
1311,-4.147773742675781,0.12733888626098633,
1312,-4.258813858032227,0.055082082748413086,
1313,-4.3075127601623535,0.05458879470825195,
1314,-4.386819362640381,0.05497908592224121,
1315,-4.248751640319824,0.05487775802612305,
1316,-4.303454399108887,0.05508780479431152,
1317,-4.341543674468994,0.05482602119445801,
1318,-4.23931884765625,0.05499887466430664,
1319,-4.29853630065918,0.055085182189941406,
1320,-4.27426815032959,0.05391287803649902,-0.7666630744934082
1321,-4.267605781555176,0.12467479705810547,
1322,-4.255244255065918,0.05503439903259277,
1323,-4.305972576141357,0.05460524559020996,
1324,-4.260617733001709,0.05404233932495117,
1325,-4.174760818481445,0.05411267280578613,
1326,-4.28544807434082,0.054533958435058594,
1327,-4.165036678314209,0.05458235740661621,
1328,-4.273462295532227,0.054044485092163086,
1329,-4.109189033508301,0.05521869659423828,
1330,-4.298017501831055,0.0549008846282959,-0.7018836736679077
1331,-4.333713531494141,0.24602127075195312,
1332,-4.316139221191406,0.05496692657470703,
1333,-4.200285911560059,0.05399155616760254,
1334,-4.254811763763428,0.0533604621887207,
1335,-4.07652473449707,0.054280757904052734,
1336,-4.240084648132324,0.05431842803955078,
1337,-4.319300651550293,0.0541379451751709,
1338,-4.2213945388793945,0.05432748794555664,
1339,-4.189596176147461,0.05457353591918945,
1340,-4.2322893142700195,0.05602550506591797,-0.7754178047180176
1341,-4.211204528808594,0.12636852264404297,
1342,-4.206181049346924,0.05473470687866211,
1343,-4.258162498474121,0.05560946464538574,
1344,-4.151499271392822,0.05502152442932129,
1345,-4.303700923919678,0.05416297912597656,
1346,-4.0996270179748535,0.05450177192687988,
1347,-4.199349880218506,0.0540313720703125,
1348,-4.104768753051758,0.054006338119506836,
1349,-4.074944496154785,0.055670738220214844,
1350,-4.154807090759277,0.05557394027709961,-0.7511764764785767
1351,-4.1956634521484375,0.12611937522888184,
1352,-4.148052215576172,0.05442619323730469,
1353,-4.241808891296387,0.05430960655212402,
1354,-4.062775611877441,0.05465984344482422,
1355,-4.248791694641113,0.05492854118347168,
1356,-4.2341179847717285,0.0539400577545166,
1357,-4.336761474609375,0.05455303192138672,
1358,-4.264069557189941,0.05479025840759277,
1359,-4.315234184265137,0.054647207260131836,
1360,-4.312766075134277,0.05443978309631348,-0.8479135036468506
1361,-4.349201202392578,0.12659740447998047,
1362,-4.107842445373535,0.054547786712646484,
1363,-4.157262802124023,0.054090023040771484,
1364,-4.356217384338379,0.05414891242980957,
1365,-4.124667167663574,0.054672956466674805,
1366,-4.109530448913574,0.05650758743286133,
1367,-4.182572364807129,0.05403709411621094,
1368,-4.223547458648682,0.05460047721862793,
1369,-4.167189121246338,0.055518388748168945,
1370,-4.256435394287109,0.05576825141906738,-0.7327756285667419
1371,-4.336564064025879,0.12681102752685547,
1372,-4.327836513519287,0.05498623847961426,
1373,-4.198822021484375,0.05550265312194824,
1374,-4.276981353759766,0.05614948272705078,
1375,-4.415489196777344,0.05475473403930664,
1376,-4.383569717407227,0.054244279861450195,
1377,-4.390667915344238,0.054773569107055664,
1378,-4.309963226318359,0.05485248565673828,
1379,-4.199867248535156,0.05464959144592285,
1380,-4.37197208404541,0.05486130714416504,-0.8674051761627197
1381,-4.327269554138184,0.1252460479736328,
1382,-4.255655288696289,0.054228782653808594,
1383,-4.111770153045654,0.05582737922668457,
1384,-4.207645416259766,0.05485057830810547,
1385,-4.237916946411133,0.05578970909118652,
1386,-4.282384872436523,0.05397820472717285,
1387,-4.251424312591553,0.05485820770263672,
1388,-4.224372863769531,0.054912567138671875,
1389,-4.311069488525391,0.05642199516296387,
1390,-4.301032066345215,0.05460023880004883,-0.6972249150276184
1391,-4.457258701324463,0.12504243850708008,
1392,-4.34689998626709,0.05426597595214844,
1393,-4.183961868286133,0.05486416816711426,
1394,-4.391191482543945,0.054274797439575195,
1395,-4.1505537033081055,0.055103302001953125,
1396,-4.245182991027832,0.05454421043395996,
1397,-4.318506240844727,0.05456089973449707,
1398,-4.155856132507324,0.054486751556396484,
1399,-4.201650619506836,0.05462384223937988,
1400,-4.37432861328125,0.055091142654418945,-0.6965330243110657
1401,-4.3081159591674805,0.12473630905151367,
1402,-4.183120250701904,0.055771589279174805,
1403,-4.342035293579102,0.054927825927734375,
1404,-4.242319583892822,0.055445194244384766,
1405,-4.221044540405273,0.05476069450378418,
1406,-4.257608890533447,0.055692195892333984,
1407,-4.373756408691406,0.054759979248046875,
1408,-4.2330193519592285,0.054950714111328125,
1409,-4.171979904174805,0.05494070053100586,
1410,-4.3100481033325195,0.055471181869506836,-0.6796387434005737
1411,-4.159101486206055,0.12657952308654785,
1412,-4.248856067657471,0.05406785011291504,
1413,-4.422688007354736,0.05394482612609863,
1414,-4.268198013305664,0.05476021766662598,
1415,-4.236667156219482,0.05499148368835449,
1416,-4.154025077819824,0.05408072471618652,
1417,-4.286862850189209,0.054558515548706055,
1418,-4.244732856750488,0.0546717643737793,
1419,-4.177641868591309,0.05471086502075195,
1420,-4.187140941619873,0.054549217224121094,-0.6185524463653564
1421,-4.320981502532959,0.12502503395080566,
1422,-4.194305419921875,0.0549013614654541,
1423,-4.28661584854126,0.0547490119934082,
1424,-4.4196062088012695,0.05452680587768555,
1425,-4.209550857543945,0.05583691596984863,
1426,-4.314772605895996,0.05548524856567383,
1427,-4.257723331451416,0.05480647087097168,
1428,-4.223873138427734,0.05517745018005371,
1429,-4.127612113952637,0.054671287536621094,
1430,-4.2348246574401855,0.05524635314941406,-0.6596730351448059
1431,-4.286327362060547,0.12532520294189453,
1432,-4.323942184448242,0.054628610610961914,
1433,-4.2693705558776855,0.05448651313781738,
1434,-4.406552791595459,0.054741621017456055,
1435,-4.257590293884277,0.05440807342529297,
1436,-4.415316581726074,0.05471086502075195,
1437,-4.2353129386901855,0.05459952354431152,
1438,-4.287708282470703,0.054515838623046875,
1439,-4.185192584991455,0.05464959144592285,
1440,-4.201916694641113,0.054796457290649414,-0.9165827035903931
1441,-4.272047519683838,0.12552595138549805,
1442,-4.183568954467773,0.05420231819152832,
1443,-4.209369659423828,0.05461406707763672,
1444,-4.277625560760498,0.054590463638305664,
1445,-4.316134929656982,0.055097103118896484,
1446,-4.154356956481934,0.05435299873352051,
1447,-4.283791542053223,0.054732322692871094,
1448,-4.2578911781311035,0.05488467216491699,
1449,-4.263676643371582,0.05391979217529297,
1450,-4.319580078125,0.0548403263092041,-0.6834359169006348
1451,-4.173556804656982,0.2563002109527588,
1452,-4.256497383117676,0.05460166931152344,
1453,-4.307766437530518,0.054866790771484375,
1454,-4.2971649169921875,0.05470895767211914,
1455,-4.412095069885254,0.054825782775878906,
1456,-4.428230285644531,0.0553889274597168,
1457,-4.254560470581055,0.0546870231628418,
1458,-4.361954689025879,0.05451393127441406,
1459,-4.360533714294434,0.05475616455078125,
1460,-4.198331832885742,0.05460405349731445,-0.7396337985992432
1461,-4.352240562438965,0.12654876708984375,
1462,-4.19488000869751,0.054203033447265625,
1463,-4.335357666015625,0.05395793914794922,
1464,-4.301989555358887,0.05372953414916992,
1465,-4.10273551940918,0.05436444282531738,
1466,-4.13215446472168,0.054712533950805664,
1467,-4.196284294128418,0.05512237548828125,
1468,-4.270929336547852,0.05456280708312988,
1469,-4.232629776000977,0.05461573600769043,
1470,-4.328662872314453,0.05469512939453125,-0.8272599577903748
1471,-4.259918212890625,0.12666773796081543,
1472,-4.191205978393555,0.05419731140136719,
1473,-4.154597759246826,0.054894208908081055,
1474,-4.289641857147217,0.054505348205566406,
1475,-4.293578624725342,0.05444145202636719,
1476,-4.2848615646362305,0.0544581413269043,
1477,-4.155655860900879,0.05463838577270508,
1478,-4.253792762756348,0.05464291572570801,
1479,-4.279128551483154,0.05471920967102051,
1480,-4.259575843811035,0.0547490119934082,-0.6713887453079224
1481,-4.215447425842285,0.12668657302856445,
1482,-4.404087066650391,0.054445743560791016,
1483,-4.2426676750183105,0.054868221282958984,
1484,-4.323190689086914,0.05502963066101074,
1485,-4.425536155700684,0.054831743240356445,
1486,-4.257862567901611,0.05493783950805664,
1487,-4.343780517578125,0.054833173751831055,
1488,-4.157257080078125,0.055062055587768555,
1489,-4.3822455406188965,0.05495429039001465,
1490,-4.266644477844238,0.054282188415527344,-0.5865432620048523
1491,-4.303605556488037,0.12597346305847168,
1492,-4.414094924926758,0.05543851852416992,
1493,-4.333459377288818,0.05526328086853027,
1494,-4.216577529907227,0.05455493927001953,
1495,-4.437684059143066,0.05448436737060547,
1496,-4.271340370178223,0.054804325103759766,
1497,-4.382412910461426,0.0550076961517334,
1498,-4.2277350425720215,0.05471062660217285,
1499,-4.217592239379883,0.05493807792663574,
1500,-4.301704406738281,0.055368900299072266,-0.8181875348091125
1501,-4.268945217132568,0.12982773780822754,
1502,-4.215714454650879,0.05482888221740723,
1503,-4.06453275680542,0.05533146858215332,
1504,-4.316377639770508,0.05524420738220215,
1505,-4.364937782287598,0.0549468994140625,
1506,-4.228625297546387,0.05524587631225586,
1507,-4.219171524047852,0.05460667610168457,
1508,-4.4294514656066895,0.05444073677062988,
1509,-4.340975761413574,0.054390668869018555,
1510,-4.230135917663574,0.05440163612365723,-0.7464917898178101
1511,-4.175192832946777,0.12564563751220703,
1512,-4.33350944519043,0.05490469932556152,
1513,-4.330521583557129,0.05492234230041504,
1514,-4.324601173400879,0.054839372634887695,
1515,-4.356828689575195,0.05488753318786621,
1516,-4.298295974731445,0.05500435829162598,
1517,-4.307356834411621,0.05467796325683594,
1518,-4.158566474914551,0.055006980895996094,
1519,-4.292389869689941,0.05500316619873047,
1520,-4.411104679107666,0.05498814582824707,-0.7650988101959229
1521,-4.3650078773498535,0.12559103965759277,
1522,-4.3421173095703125,0.05454134941101074,
1523,-4.35455322265625,0.05482888221740723,
1524,-4.469407558441162,0.05437135696411133,
1525,-4.400424957275391,0.05453968048095703,
1526,-4.405001640319824,0.05486750602722168,
1527,-4.527082920074463,0.05532956123352051,
1528,-4.257767677307129,0.05528068542480469,
1529,-4.3863372802734375,0.05459284782409668,
1530,-4.246533393859863,0.05440497398376465,-0.8127902150154114
1531,-4.316506862640381,0.12590789794921875,
1532,-4.295945644378662,0.054017066955566406,
1533,-4.29945182800293,0.05364727973937988,
1534,-4.204047679901123,0.0539708137512207,
1535,-4.315959453582764,0.05414724349975586,
1536,-4.430654525756836,0.05463385581970215,
1537,-4.3599934577941895,0.054044485092163086,
1538,-4.245563507080078,0.05403923988342285,
1539,-4.241300582885742,0.054381608963012695,
1540,-4.288241386413574,0.05429267883300781,-0.5987903475761414
1541,-4.192610740661621,0.12564659118652344,
1542,-4.197605133056641,0.054884910583496094,
1543,-4.4248857498168945,0.05451488494873047,
1544,-4.212212562561035,0.05503726005554199,
1545,-4.2903289794921875,0.05520367622375488,
1546,-4.17360782623291,0.05591988563537598,
1547,-4.173938751220703,0.05486464500427246,
1548,-4.180304527282715,0.054902076721191406,
1549,-4.363990783691406,0.054872751235961914,
1550,-4.366512775421143,0.05478930473327637,-0.8441237211227417
1551,-4.356348037719727,0.12679672241210938,
1552,-4.310667991638184,0.055020809173583984,
1553,-4.261848449707031,0.05533909797668457,
1554,-4.252650260925293,0.05436086654663086,
1555,-4.187065124511719,0.05448174476623535,
1556,-4.2783589363098145,0.056218862533569336,
1557,-4.314992904663086,0.05526566505432129,
1558,-4.354554176330566,0.05515408515930176,
1559,-4.171399116516113,0.05489468574523926,
1560,-4.247345924377441,0.05488324165344238,-0.8011487722396851
1561,-4.4494123458862305,0.1251053810119629,
1562,-4.339434623718262,0.05483222007751465,
1563,-4.395317554473877,0.0548708438873291,
1564,-4.426145553588867,0.055185556411743164,
1565,-4.23355770111084,0.054960012435913086,
1566,-4.307030200958252,0.054695844650268555,
1567,-4.279043197631836,0.05506181716918945,
1568,-4.213014602661133,0.05467033386230469,
1569,-4.194819450378418,0.05448126792907715,
1570,-4.225587844848633,0.054779052734375,-0.6986352801322937
1571,-4.256722450256348,0.2541677951812744,
1572,-4.387763500213623,0.054367780685424805,
1573,-4.295400619506836,0.05475354194641113,
1574,-4.198188781738281,0.054747819900512695,
1575,-4.386068344116211,0.05493617057800293,
1576,-4.360812187194824,0.05403923988342285,
1577,-4.31528902053833,0.054485321044921875,
1578,-4.4112396240234375,0.054602861404418945,
1579,-4.409712791442871,0.054335832595825195,
1580,-4.295248031616211,0.05437779426574707,-0.7822459936141968
1581,-4.336764335632324,0.12733817100524902,
1582,-4.515195846557617,0.055059194564819336,
1583,-4.453412055969238,0.054764509201049805,
1584,-4.410874366760254,0.054198503494262695,
1585,-4.222960472106934,0.05472588539123535,
1586,-4.278818130493164,0.05474066734313965,
1587,-4.2986884117126465,0.0540316104888916,
1588,-4.129660129547119,0.05443310737609863,
1589,-4.31314754486084,0.0545201301574707,
1590,-4.388539791107178,0.054552555084228516,-0.8955230116844177
1591,-4.407657623291016,0.12506604194641113,
1592,-4.323502540588379,0.05441617965698242,
1593,-4.465865135192871,0.05480146408081055,
1594,-4.246247291564941,0.05519533157348633,
1595,-4.321809768676758,0.054616451263427734,
1596,-4.4527363777160645,0.05466604232788086,
1597,-4.307960033416748,0.054872751235961914,
1598,-4.42254638671875,0.054544925689697266,
1599,-4.3883280754089355,0.05440330505371094,
1600,-4.478923797607422,0.05463695526123047,-0.7298822999000549
1601,-4.407197952270508,0.12628412246704102,
1602,-4.401683807373047,0.053853511810302734,
1603,-4.450413703918457,0.054811954498291016,
1604,-4.4822845458984375,0.05522584915161133,
1605,-4.3403449058532715,0.054854631423950195,
1606,-4.279683589935303,0.054800987243652344,
1607,-4.366581439971924,0.05489921569824219,
1608,-4.180285453796387,0.05608391761779785,
1609,-4.401100158691406,0.054239749908447266,
1610,-4.397771835327148,0.0549931526184082,-0.7746540307998657
1611,-4.2641143798828125,0.12768149375915527,
1612,-4.302929878234863,0.05444169044494629,
1613,-4.3649797439575195,0.05536818504333496,
1614,-4.300776481628418,0.05600261688232422,
1615,-4.369770050048828,0.054750919342041016,
1616,-4.367073059082031,0.054674386978149414,
1617,-4.457630157470703,0.05392050743103027,
1618,-4.406796455383301,0.054308414459228516,
1619,-4.451435565948486,0.0546116828918457,
1620,-4.223844528198242,0.05463814735412598,-0.7401862144470215
1621,-4.319426536560059,0.12657999992370605,
1622,-4.352762222290039,0.0546417236328125,
1623,-4.440235137939453,0.055040597915649414,
1624,-4.328373908996582,0.0562591552734375,
1625,-4.510693550109863,0.05564069747924805,
1626,-4.388311386108398,0.054854393005371094,
1627,-4.376232147216797,0.055333614349365234,
1628,-4.416125297546387,0.055084943771362305,
1629,-4.474719047546387,0.05646777153015137,
1630,-4.386981010437012,0.05481076240539551,-0.6681997179985046
1631,-4.513975143432617,0.12705230712890625,
1632,-4.369746208190918,0.05463147163391113,
1633,-4.412060737609863,0.054083824157714844,
1634,-4.376781463623047,0.055402278900146484,
1635,-4.229915142059326,0.054999351501464844,
1636,-4.272719383239746,0.05489993095397949,
1637,-4.160896301269531,0.05476665496826172,
1638,-4.241803169250488,0.055685997009277344,
1639,-4.36279296875,0.055098533630371094,
1640,-4.27877140045166,0.05408477783203125,-0.8487526178359985
1641,-4.373687744140625,0.12566423416137695,
1642,-4.391119003295898,0.05461525917053223,
1643,-4.375328540802002,0.0544126033782959,
1644,-4.337435722351074,0.054352760314941406,
1645,-4.3655242919921875,0.05441570281982422,
1646,-4.3964128494262695,0.05437898635864258,
1647,-4.278388023376465,0.054337263107299805,
1648,-4.287491798400879,0.054349422454833984,
1649,-4.291385650634766,0.05474400520324707,
1650,-4.382933616638184,0.05499005317687988,-0.7479912638664246
1651,-4.3281474113464355,0.1273787021636963,
1652,-4.392014503479004,0.05436110496520996,
1653,-4.355376720428467,0.05468416213989258,
1654,-4.350154876708984,0.05503082275390625,
1655,-4.2164154052734375,0.054987192153930664,
1656,-4.352871417999268,0.054953575134277344,
1657,-4.29960823059082,0.05487632751464844,
1658,-4.375186920166016,0.055312395095825195,
1659,-4.41787052154541,0.05455923080444336,
1660,-4.309873104095459,0.05470776557922363,-0.7255470752716064
1661,-4.226767063140869,0.12654829025268555,
1662,-4.348476409912109,0.054619550704956055,
1663,-4.507743835449219,0.05438709259033203,
1664,-4.333050727844238,0.05475974082946777,
1665,-4.365837097167969,0.054718971252441406,
1666,-4.356633186340332,0.05475139617919922,
1667,-4.339907646179199,0.05500006675720215,
1668,-4.3957719802856445,0.05469202995300293,
1669,-4.411777496337891,0.05509543418884277,
1670,-4.268343925476074,0.054594993591308594,-0.7251156568527222
1671,-4.456169128417969,0.12491536140441895,
1672,-4.453872203826904,0.0556950569152832,
1673,-4.364488124847412,0.05493664741516113,
1674,-4.391509532928467,0.05479884147644043,
1675,-4.45232629776001,0.054914236068725586,
1676,-4.356629371643066,0.05491209030151367,
1677,-4.302274227142334,0.05515885353088379,
1678,-4.441469192504883,0.0547182559967041,
1679,-4.360305309295654,0.05487704277038574,
1680,-4.355450630187988,0.05399966239929199,-0.8440020680427551
1681,-4.532431602478027,0.12581396102905273,
1682,-4.44793701171875,0.05420565605163574,
1683,-4.416060447692871,0.054442644119262695,
1684,-4.418125152587891,0.05455207824707031,
1685,-4.294435024261475,0.054898738861083984,
1686,-4.353177070617676,0.05481576919555664,
1687,-4.341944694519043,0.05464434623718262,
1688,-4.350717544555664,0.05617499351501465,
1689,-4.331153869628906,0.05504584312438965,
1690,-4.287440299987793,0.05544686317443848,-0.6881526708602905
1691,-4.30245304107666,0.1274733543395996,
1692,-4.37332820892334,0.05560016632080078,
1693,-4.377549171447754,0.05500459671020508,
1694,-4.393163681030273,0.05492520332336426,
1695,-4.49835729598999,0.0556337833404541,
1696,-4.402309894561768,0.05588245391845703,
1697,-4.280229568481445,0.0551302433013916,
1698,-4.344601631164551,0.05505490303039551,
1699,-4.4653472900390625,0.05537271499633789,
1700,-4.4155988693237305,0.05554533004760742,-0.6965534090995789
1701,-4.494482040405273,0.25391435623168945,
1702,-4.527631759643555,0.0546722412109375,
1703,-4.584810733795166,0.054532766342163086,
1704,-4.507632255554199,0.05498695373535156,
1705,-4.394813537597656,0.054697275161743164,
1706,-4.454654216766357,0.0558931827545166,
1707,-4.483236789703369,0.05567169189453125,
1708,-4.417263507843018,0.05542731285095215,
1709,-4.43787145614624,0.05554699897766113,
1710,-4.361220359802246,0.054821014404296875,-0.8472563028335571
1711,-4.372591018676758,0.1256566047668457,
1712,-4.422895431518555,0.054377079010009766,
1713,-4.508578300476074,0.05469822883605957,
1714,-4.367438316345215,0.05549955368041992,
1715,-4.280879020690918,0.055024147033691406,
1716,-4.190788269042969,0.055437326431274414,
1717,-4.245121002197266,0.054529428482055664,
1718,-4.282415866851807,0.053989410400390625,
1719,-4.465176582336426,0.05391645431518555,
1720,-4.385472297668457,0.05431771278381348,-0.7412930130958557
1721,-4.434950828552246,0.12625980377197266,
1722,-4.466404914855957,0.05421900749206543,
1723,-4.284608840942383,0.0548245906829834,
1724,-4.223567008972168,0.05417823791503906,
1725,-4.350080490112305,0.05510687828063965,
1726,-4.462312698364258,0.05495166778564453,
1727,-4.525519371032715,0.05482816696166992,
1728,-4.521538734436035,0.05550074577331543,
1729,-4.599483013153076,0.05481433868408203,
1730,-4.390759468078613,0.05502462387084961,-0.8333133459091187
1731,-4.387850284576416,0.12566661834716797,
1732,-4.4343037605285645,0.054291725158691406,
1733,-4.426445484161377,0.05438828468322754,
1734,-4.351067543029785,0.05465364456176758,
1735,-4.386325359344482,0.05420994758605957,
1736,-4.414122104644775,0.056212425231933594,
1737,-4.44609260559082,0.054677486419677734,
1738,-4.434701919555664,0.05481076240539551,
1739,-4.567765235900879,0.05460834503173828,
1740,-4.4422125816345215,0.05457282066345215,-0.7941823601722717
1741,-4.430003643035889,0.12545418739318848,
1742,-4.503851890563965,0.05421948432922363,
1743,-4.461415767669678,0.05469012260437012,
1744,-4.319384574890137,0.054770469665527344,
1745,-4.34464168548584,0.05521035194396973,
1746,-4.4461283683776855,0.05406498908996582,
1747,-4.326949596405029,0.055008649826049805,
1748,-4.359709739685059,0.05536460876464844,
1749,-4.469692230224609,0.05460095405578613,
1750,-4.606574058532715,0.05427980422973633,-0.7813723683357239
1751,-4.515754699707031,0.12591052055358887,
1752,-4.362475395202637,0.055045366287231445,
1753,-4.508428573608398,0.05477762222290039,
1754,-4.568567276000977,0.05482316017150879,
1755,-4.489489555358887,0.055045127868652344,
1756,-4.467526912689209,0.05510711669921875,
1757,-4.458415985107422,0.05423998832702637,
1758,-4.364344596862793,0.055185556411743164,
1759,-4.459685325622559,0.054952144622802734,
1760,-4.516695022583008,0.055703163146972656,-0.662554144859314
1761,-4.263240814208984,0.12513518333435059,
1762,-4.337859153747559,0.05474042892456055,
1763,-4.391636371612549,0.05509781837463379,
1764,-4.460773944854736,0.055864572525024414,
1765,-4.400083541870117,0.05480790138244629,
1766,-4.378981590270996,0.055185794830322266,
1767,-4.462180137634277,0.05498528480529785,
1768,-4.306190490722656,0.05485987663269043,
1769,-4.299828052520752,0.054955482482910156,
1770,-4.4310102462768555,0.0550839900970459,-0.9415060877799988
1771,-4.42790412902832,0.12822198867797852,
1772,-4.632672309875488,0.05468893051147461,
1773,-4.484927177429199,0.054372549057006836,
1774,-4.396180629730225,0.05481076240539551,
1775,-4.42325496673584,0.05543398857116699,
1776,-4.475740432739258,0.05405306816101074,
1777,-4.317410945892334,0.05445718765258789,
1778,-4.248058319091797,0.05437302589416504,
1779,-4.448054313659668,0.054236412048339844,
1780,-4.29508113861084,0.054779767990112305,-0.7056453227996826
1781,-4.516660690307617,0.12653183937072754,
1782,-4.5093584060668945,0.05463600158691406,
1783,-4.450523376464844,0.05490899085998535,
1784,-4.470489025115967,0.0551755428314209,
1785,-4.3643083572387695,0.054505348205566406,
1786,-4.622227191925049,0.05458569526672363,
1787,-4.256558418273926,0.05435299873352051,
1788,-4.484794616699219,0.05482172966003418,
1789,-4.404841899871826,0.05503511428833008,
1790,-4.530299186706543,0.05421948432922363,-0.7504124045372009
1791,-4.454929828643799,0.12567782402038574,
1792,-4.427186965942383,0.05453300476074219,
1793,-4.472871780395508,0.054685115814208984,
1794,-4.417661666870117,0.05454826354980469,
1795,-4.484185218811035,0.05531477928161621,
1796,-4.515944480895996,0.054633140563964844,
1797,-4.60313081741333,0.055051326751708984,
1798,-4.574058532714844,0.054131269454956055,
1799,-4.396113395690918,0.05474543571472168,
1800,-4.434784889221191,0.05489516258239746,-0.7959378361701965
1801,-4.386240005493164,0.12522459030151367,
1802,-4.134922981262207,0.05437493324279785,
1803,-4.393464088439941,0.05713486671447754,
1804,-4.383993148803711,0.05540013313293457,
1805,-4.265976428985596,0.05475115776062012,
1806,-4.268919944763184,0.05399632453918457,
1807,-4.3082990646362305,0.05423402786254883,
1808,-4.46431827545166,0.05478477478027344,
1809,-4.409322261810303,0.05394744873046875,
1810,-4.515265464782715,0.055001020431518555,-0.862068772315979
1811,-4.374142646789551,0.12594032287597656,
1812,-4.577596664428711,0.05508923530578613,
1813,-4.4410505294799805,0.05564546585083008,
1814,-4.387777805328369,0.05509543418884277,
1815,-4.490809440612793,0.055156707763671875,
1816,-4.338805198669434,0.056173086166381836,
1817,-4.4198713302612305,0.054804086685180664,
1818,-4.470082759857178,0.05523562431335449,
1819,-4.424221992492676,0.05488777160644531,
1820,-4.453396320343018,0.0546567440032959,-0.7656577825546265
1821,-4.249086380004883,0.2541208267211914,
1822,-4.37355375289917,0.054653167724609375,
1823,-4.322494029998779,0.05464363098144531,
1824,-4.580616474151611,0.05465555191040039,
1825,-4.46537446975708,0.05434918403625488,
1826,-4.513209819793701,0.054593801498413086,
1827,-4.618638515472412,0.05524945259094238,
1828,-4.522809982299805,0.054616689682006836,
1829,-4.6681904792785645,0.05469107627868652,
1830,-4.45503044128418,0.0545351505279541,-0.797465443611145
1831,-4.56087064743042,0.1263408660888672,
1832,-4.478639602661133,0.054222822189331055,
1833,-4.507321834564209,0.05457663536071777,
1834,-4.54372501373291,0.05474734306335449,
1835,-4.487950801849365,0.05472564697265625,
1836,-4.513751029968262,0.054406166076660156,
1837,-4.562046051025391,0.0547635555267334,
1838,-4.438115119934082,0.05475354194641113,
1839,-4.4351348876953125,0.05397987365722656,
1840,-4.389139652252197,0.054332733154296875,-0.5529034733772278
1841,-4.506772994995117,0.12877821922302246,
1842,-4.420044898986816,0.054514169692993164,
1843,-4.437742233276367,0.05426812171936035,
1844,-4.350839614868164,0.05438542366027832,
1845,-4.3104472160339355,0.055144309997558594,
1846,-4.3196916580200195,0.054585933685302734,
1847,-4.360275745391846,0.054282426834106445,
1848,-4.369561672210693,0.05470681190490723,
1849,-4.409847259521484,0.054958343505859375,
1850,-4.473069190979004,0.05392193794250488,-0.8227353096008301
1851,-4.459235191345215,0.12495899200439453,
1852,-4.540465831756592,0.05495953559875488,
1853,-4.459765434265137,0.056043148040771484,
1854,-4.447796821594238,0.05407547950744629,
1855,-4.518235683441162,0.05541706085205078,
1856,-4.548705577850342,0.05461597442626953,
1857,-4.476075172424316,0.05436372756958008,
1858,-4.387808322906494,0.05494999885559082,
1859,-4.329109191894531,0.05509686470031738,
1860,-4.454450607299805,0.05479574203491211,-0.6252216696739197
1861,-4.440250396728516,0.12628555297851562,
1862,-4.561824321746826,0.054877519607543945,
1863,-4.441504955291748,0.05469942092895508,
1864,-4.499780654907227,0.05502820014953613,
1865,-4.302495002746582,0.054566144943237305,
1866,-4.412075042724609,0.05457711219787598,
1867,-4.422665119171143,0.054628610610961914,
1868,-4.567115783691406,0.05575442314147949,
1869,-4.354238510131836,0.05506539344787598,
1870,-4.352665901184082,0.0548250675201416,-0.6303242444992065
1871,-4.465975761413574,0.1262345314025879,
1872,-4.4702253341674805,0.05496478080749512,
1873,-4.451463222503662,0.05465984344482422,
1874,-4.5468244552612305,0.05471658706665039,
1875,-4.474278450012207,0.055266380310058594,
1876,-4.582515716552734,0.05482172966003418,
1877,-4.519674777984619,0.05509233474731445,
1878,-4.6369733810424805,0.05481266975402832,
1879,-4.5491719245910645,0.05500149726867676,
1880,-4.522233963012695,0.05453824996948242,-0.7470810413360596
1881,-4.49383544921875,0.12568402290344238,
1882,-4.673656940460205,0.05507183074951172,
1883,-4.548968315124512,0.05472612380981445,
1884,-4.5691680908203125,0.05545496940612793,
1885,-4.382922172546387,0.05514812469482422,
1886,-4.42777681350708,0.05520486831665039,
1887,-4.60524320602417,0.05482196807861328,
1888,-4.630148887634277,0.054163455963134766,
1889,-4.397615432739258,0.05494117736816406,
1890,-4.560507774353027,0.05464601516723633,-0.7097830176353455
1891,-4.522006988525391,0.12924575805664062,
1892,-4.509751319885254,0.0541074275970459,
1893,-4.404088497161865,0.054291486740112305,
1894,-4.657480716705322,0.05448555946350098,
1895,-4.520971775054932,0.055722713470458984,
1896,-4.485409736633301,0.05402398109436035,
1897,-4.476680278778076,0.05443215370178223,
1898,-4.587014198303223,0.05472540855407715,
1899,-4.324254035949707,0.054883718490600586,
1900,-4.364141941070557,0.05500006675720215,-0.7586106657981873
1901,-4.491373062133789,0.1309666633605957,
1902,-4.425022125244141,0.05549454689025879,
1903,-4.406294822692871,0.05566263198852539,
1904,-4.596634864807129,0.05439400672912598,
1905,-4.524147033691406,0.05544018745422363,
1906,-4.346009254455566,0.05450582504272461,
1907,-4.4784135818481445,0.056253910064697266,
1908,-4.558941841125488,0.054076433181762695,
1909,-4.3783860206604,0.055707454681396484,
1910,-4.2496724128723145,0.055045366287231445,-0.7559192776679993
1911,-4.507932662963867,0.1316664218902588,
1912,-4.497710704803467,0.057295799255371094,
1913,-4.377998352050781,0.054908037185668945,
1914,-4.512706756591797,0.05489945411682129,
1915,-4.5574421882629395,0.055764198303222656,
1916,-4.5168352127075195,0.05579233169555664,
1917,-4.497397422790527,0.05556201934814453,
1918,-4.5745649337768555,0.05585932731628418,
1919,-4.465376853942871,0.05546879768371582,
1920,-4.4813055992126465,0.053908348083496094,-0.6537250280380249
1921,-4.6531219482421875,0.12552165985107422,
1922,-4.57499885559082,0.0552365779876709,
1923,-4.561732769012451,0.054558515548706055,
1924,-4.622774600982666,0.0544438362121582,
1925,-4.54105281829834,0.054926156997680664,
1926,-4.648591041564941,0.05503392219543457,
1927,-4.396559238433838,0.055832862854003906,
1928,-4.49293851852417,0.05493330955505371,
1929,-4.641467094421387,0.05560159683227539,
1930,-4.514648914337158,0.05539655685424805,-0.6446993350982666
1931,-4.458668231964111,0.12665987014770508,
1932,-4.481703758239746,0.05403852462768555,
1933,-4.419613361358643,0.05446815490722656,
1934,-4.506757736206055,0.05432558059692383,
1935,-4.480814456939697,0.05450034141540527,
1936,-4.429198265075684,0.054601192474365234,
1937,-4.40183687210083,0.05474233627319336,
1938,-4.351219177246094,0.0553736686706543,
1939,-4.531905174255371,0.05477142333984375,
1940,-4.388336181640625,0.05488300323486328,-0.6789413094520569
1941,-4.493446350097656,0.25610995292663574,
1942,-4.375311851501465,0.05531811714172363,
1943,-4.514937400817871,0.05476808547973633,
1944,-4.491888046264648,0.05430316925048828,
1945,-4.600532531738281,0.05447506904602051,
1946,-4.562773704528809,0.05478382110595703,
1947,-4.4182634353637695,0.05426645278930664,
1948,-4.5686235427856445,0.05473828315734863,
1949,-4.432442665100098,0.05552792549133301,
1950,-4.528718948364258,0.05458521842956543,-0.6875573992729187
1951,-4.588709831237793,0.1259753704071045,
1952,-4.437861442565918,0.05430269241333008,
1953,-4.387249946594238,0.05433988571166992,
1954,-4.552648544311523,0.05446314811706543,
1955,-4.442670822143555,0.054496049880981445,
1956,-4.396979331970215,0.05431246757507324,
1957,-4.565271377563477,0.05443429946899414,
1958,-4.545620441436768,0.054131269454956055,
1959,-4.487024307250977,0.05472874641418457,
1960,-4.462839126586914,0.0555574893951416,-0.6879039406776428
1961,-4.548966407775879,0.12499141693115234,
1962,-4.520520210266113,0.054389238357543945,
1963,-4.505359172821045,0.0551152229309082,
1964,-4.556350231170654,0.05480170249938965,
1965,-4.572133541107178,0.05401134490966797,
1966,-4.511869430541992,0.05470895767211914,
1967,-4.464273452758789,0.0547022819519043,
1968,-4.5595293045043945,0.05445718765258789,
1969,-4.453825950622559,0.05447673797607422,
1970,-4.382330894470215,0.05452418327331543,-0.707669734954834
1971,-4.527419567108154,0.1256575584411621,
1972,-4.439576148986816,0.05447983741760254,
1973,-4.484121322631836,0.05438733100891113,
1974,-4.384781837463379,0.05490374565124512,
1975,-4.538736343383789,0.0550687313079834,
1976,-4.501959800720215,0.054257869720458984,
1977,-4.536216735839844,0.054828643798828125,
1978,-4.528538703918457,0.054975271224975586,
1979,-4.555240631103516,0.05454826354980469,
1980,-4.435377597808838,0.05480527877807617,-0.866162896156311
1981,-4.494243621826172,0.12503290176391602,
1982,-4.3331804275512695,0.054280757904052734,
1983,-4.436186790466309,0.054216623306274414,
1984,-4.60891056060791,0.054351806640625,
1985,-4.444268226623535,0.054290771484375,
1986,-4.552680015563965,0.05422067642211914,
1987,-4.575819492340088,0.054103851318359375,
1988,-4.3944621086120605,0.05462837219238281,
1989,-4.493319511413574,0.055419206619262695,
1990,-4.4508256912231445,0.05395245552062988,-0.6320480704307556
1991,-4.549525260925293,0.1266307830810547,
1992,-4.744778633117676,0.055140018463134766,
1993,-4.458515167236328,0.05513405799865723,
1994,-4.469588756561279,0.05479741096496582,
1995,-4.468896389007568,0.05495047569274902,
1996,-4.600893020629883,0.05496716499328613,
1997,-4.4604010581970215,0.05570077896118164,
1998,-4.421872138977051,0.05432415008544922,
1999,-4.598005294799805,0.05583667755126953,
2000,-4.504146575927734,0.05504322052001953,-0.6318989396095276
2001,-4.698579788208008,0.12686896324157715,
2002,-4.483570575714111,0.0547940731048584,
2003,-4.330488681793213,0.05444693565368652,
2004,-4.519043922424316,0.0541074275970459,
2005,-4.62462043762207,0.054380178451538086,
2006,-4.595423698425293,0.0543215274810791,
2007,-4.507590293884277,0.05478811264038086,
2008,-4.604916572570801,0.05513501167297363,
2009,-4.537854194641113,0.054284095764160156,
2010,-4.455165386199951,0.054746389389038086,-0.7222718596458435
2011,-4.567713260650635,0.12744832038879395,
2012,-4.388419151306152,0.05480694770812988,
2013,-4.579135894775391,0.05465364456176758,
2014,-4.6565260887146,0.054642677307128906,
2015,-4.590898036956787,0.05475258827209473,
2016,-4.416477680206299,0.05492138862609863,
2017,-4.521750450134277,0.05456686019897461,
2018,-4.509329795837402,0.055011749267578125,
2019,-4.461453437805176,0.05504298210144043,
2020,-4.557369709014893,0.054131269454956055,-0.6879776120185852
2021,-4.5698652267456055,0.12637782096862793,
2022,-4.516329288482666,0.05532956123352051,
2023,-4.602810859680176,0.05465507507324219,
2024,-4.5401411056518555,0.05443239212036133,
2025,-4.504490375518799,0.05455136299133301,
2026,-4.5490336418151855,0.05461597442626953,
2027,-4.535235404968262,0.054738759994506836,
2028,-4.546105861663818,0.054337263107299805,
2029,-4.60673713684082,0.05484652519226074,
2030,-4.652466773986816,0.0545649528503418,-0.5860861539840698
2031,-4.582901954650879,0.12627530097961426,
2032,-4.517925262451172,0.054375648498535156,
2033,-4.537384986877441,0.05488753318786621,
2034,-4.555660247802734,0.054219722747802734,
2035,-4.620309829711914,0.054430246353149414,
2036,-4.684206008911133,0.05468010902404785,
2037,-4.706342697143555,0.0543825626373291,
2038,-4.668021202087402,0.05459427833557129,
2039,-4.710665702819824,0.05403327941894531,
2040,-4.5853400230407715,0.05494880676269531,-0.6559847593307495
2041,-4.630110740661621,0.12780117988586426,
2042,-4.592198371887207,0.05426788330078125,
2043,-4.652059078216553,0.05470609664916992,
2044,-4.484682083129883,0.055047035217285156,
2045,-4.613229751586914,0.05473208427429199,
2046,-4.5676116943359375,0.054203033447265625,
2047,-4.5546770095825195,0.05481886863708496,
2048,-4.6443634033203125,0.054817914962768555,
2049,-4.510008335113525,0.054280996322631836,
2050,-4.549394130706787,0.0544734001159668,-0.6345651745796204
2051,-4.475525856018066,0.12765026092529297,
2052,-4.606598854064941,0.0554962158203125,
2053,-4.606440544128418,0.05502605438232422,
2054,-4.587374687194824,0.05414319038391113,
2055,-4.492897987365723,0.05457568168640137,
2056,-4.626059532165527,0.05454277992248535,
2057,-4.561911106109619,0.054594993591308594,
2058,-4.6161699295043945,0.0543670654296875,
2059,-4.55617618560791,0.054656267166137695,
2060,-4.597337245941162,0.055613040924072266,-0.5954875349998474
2061,-4.543553352355957,0.2577066421508789,
2062,-4.604563236236572,0.05397295951843262,
2063,-4.686144828796387,0.054534196853637695,
2064,-4.634675979614258,0.05439877510070801,
2065,-4.668205738067627,0.05431509017944336,
2066,-4.66627836227417,0.05469655990600586,
2067,-4.569423675537109,0.05591273307800293,
2068,-4.6834492683410645,0.055104970932006836,
2069,-4.467262268066406,0.05406379699707031,
2070,-4.540056228637695,0.054689645767211914,-0.7028429508209229
2071,-4.590147972106934,0.12441158294677734,
2072,-4.555797576904297,0.05424904823303223,
2073,-4.413753509521484,0.054128408432006836,
2074,-4.446063041687012,0.054585933685302734,
2075,-4.608672142028809,0.054900169372558594,
2076,-4.486371040344238,0.05399370193481445,
2077,-4.482651710510254,0.05441617965698242,
2078,-4.531174659729004,0.05456852912902832,
2079,-4.5102667808532715,0.05461549758911133,
2080,-4.592534065246582,0.05459713935852051,-0.6264378428459167
2081,-4.644885063171387,0.12607145309448242,
2082,-4.5566205978393555,0.05457806587219238,
2083,-4.656703948974609,0.054653167724609375,
2084,-4.532563209533691,0.054410457611083984,
2085,-4.546425819396973,0.05579376220703125,
2086,-4.617097854614258,0.055010318756103516,
2087,-4.547823905944824,0.054186344146728516,
2088,-4.492538928985596,0.05518388748168945,
2089,-4.451968193054199,0.05494213104248047,
2090,-4.661250114440918,0.05459952354431152,-0.5196871757507324
2091,-4.665618896484375,0.12612557411193848,
2092,-4.568410396575928,0.05430006980895996,
2093,-4.554392337799072,0.05429673194885254,
2094,-4.49265193939209,0.05440664291381836,
2095,-4.649151802062988,0.05528545379638672,
2096,-4.730843544006348,0.05489969253540039,
2097,-4.621622085571289,0.05468487739562988,
2098,-4.646595001220703,0.05429720878601074,
2099,-4.709347724914551,0.05439615249633789,
2100,-4.558556079864502,0.05425739288330078,-0.7248059511184692
2101,-4.406855583190918,0.12583541870117188,
2102,-4.437355995178223,0.05413460731506348,
2103,-4.729547500610352,0.05518817901611328,
2104,-4.789524078369141,0.05469059944152832,
2105,-4.5464558601379395,0.05483818054199219,
2106,-4.58247184753418,0.05487346649169922,
2107,-4.597831726074219,0.05478024482727051,
2108,-4.646961212158203,0.05589699745178223,
2109,-4.461007118225098,0.05468606948852539,
2110,-4.754584789276123,0.0542902946472168,-0.5584888458251953
2111,-4.61713981628418,0.12570953369140625,
2112,-4.570430755615234,0.05422854423522949,
2113,-4.552560329437256,0.05501866340637207,
2114,-4.546360969543457,0.053891897201538086,
2115,-4.541522979736328,0.05501246452331543,
2116,-4.589803695678711,0.054343223571777344,
2117,-4.66970157623291,0.05466604232788086,
2118,-4.667219161987305,0.0551755428314209,
2119,-4.62391996383667,0.05622720718383789,
2120,-4.627167701721191,0.05439448356628418,-0.6079187393188477
2121,-4.585085391998291,0.12631702423095703,
2122,-4.726398468017578,0.05436849594116211,
2123,-4.648268699645996,0.055127620697021484,
2124,-4.623973369598389,0.05500221252441406,
2125,-4.639141082763672,0.055361032485961914,
2126,-4.561049461364746,0.0550382137298584,
2127,-4.716620922088623,0.05622410774230957,
2128,-4.690825939178467,0.05425310134887695,
2129,-4.619525909423828,0.05566692352294922,
2130,-4.583767890930176,0.05493974685668945,-0.5533202886581421
2131,-4.5375776290893555,0.12612509727478027,
2132,-4.560534477233887,0.05476856231689453,
2133,-4.6266984939575195,0.05472874641418457,
2134,-4.5378828048706055,0.05478954315185547,
2135,-4.502587795257568,0.055075645446777344,
2136,-4.636458396911621,0.05447244644165039,
2137,-4.601378440856934,0.05487537384033203,
2138,-4.471493244171143,0.05500197410583496,
2139,-4.702962875366211,0.05458235740661621,
2140,-4.445184707641602,0.054459333419799805,-0.6845605373382568
2141,-4.646228790283203,0.12742161750793457,
2142,-4.621495723724365,0.054900169372558594,
2143,-4.569250583648682,0.054975271224975586,
2144,-4.528983116149902,0.0550689697265625,
2145,-4.487328052520752,0.05501914024353027,
2146,-4.716932773590088,0.055025577545166016,
2147,-4.658970832824707,0.05563688278198242,
2148,-4.667287826538086,0.055184364318847656,
2149,-4.594484329223633,0.05552339553833008,
2150,-4.5540385246276855,0.05601000785827637,-0.6936823129653931
2151,-4.624497413635254,0.12714362144470215,
2152,-4.679111480712891,0.05419039726257324,
2153,-4.426738739013672,0.05541205406188965,
2154,-4.5324296951293945,0.05513143539428711,
2155,-4.677638053894043,0.05493760108947754,
2156,-4.608278274536133,0.05473613739013672,
2157,-4.631220817565918,0.05509376525878906,
2158,-4.674219131469727,0.055170536041259766,
2159,-4.674034595489502,0.05432248115539551,
2160,-4.459012985229492,0.05502891540527344,-0.6705536246299744
2161,-4.535538196563721,0.1270904541015625,
2162,-4.439435958862305,0.05491924285888672,
2163,-4.603063106536865,0.05465292930603027,
2164,-4.578415870666504,0.05479311943054199,
2165,-4.580160140991211,0.0543513298034668,
2166,-4.53334903717041,0.0552823543548584,
2167,-4.588553428649902,0.05469918251037598,
2168,-4.707973480224609,0.05459737777709961,
2169,-4.539133548736572,0.05506539344787598,
2170,-4.526456832885742,0.05429816246032715,-0.5624947547912598
2171,-4.543238639831543,0.12704133987426758,
2172,-4.5075483322143555,0.05511665344238281,
2173,-4.530023097991943,0.05460691452026367,
2174,-4.526459217071533,0.05470538139343262,
2175,-4.568821907043457,0.054804086685180664,
2176,-4.560168266296387,0.05520367622375488,
2177,-4.538644790649414,0.05565023422241211,
2178,-4.495309829711914,0.054811716079711914,
2179,-4.534239768981934,0.05459713935852051,
2180,-4.67447566986084,0.0544133186340332,-0.6476112008094788
2181,-4.436840057373047,0.12708568572998047,
2182,-4.484940528869629,0.054070472717285156,
2183,-4.645440101623535,0.05422186851501465,
2184,-4.611809730529785,0.053917646408081055,
2185,-4.626495361328125,0.055666208267211914,
2186,-4.469679832458496,0.05530500411987305,
2187,-4.461184501647949,0.055991411209106445,
2188,-4.7266340255737305,0.05518960952758789,
2189,-4.695387840270996,0.05402064323425293,
2190,-4.581742286682129,0.05470538139343262,-0.6307964324951172
2191,-4.551743030548096,0.2485663890838623,
2192,-4.583714485168457,0.055303335189819336,
2193,-4.568483829498291,0.05425095558166504,
2194,-4.675362586975098,0.05478858947753906,
2195,-4.463095664978027,0.055773019790649414,
2196,-4.515776634216309,0.05419349670410156,
2197,-4.671961784362793,0.054692983627319336,
2198,-4.5116119384765625,0.054485321044921875,
2199,-4.6723856925964355,0.054471492767333984,
2200,-4.576801776885986,0.05457139015197754,-0.689009428024292
2201,-4.609918594360352,0.12846016883850098,
2202,-4.5669145584106445,0.05497622489929199,
2203,-4.3595380783081055,0.05610156059265137,
2204,-4.5824174880981445,0.054033756256103516,
2205,-4.569664001464844,0.05456423759460449,
2206,-4.581201553344727,0.05483365058898926,
2207,-4.648507118225098,0.05480313301086426,
2208,-4.590268611907959,0.054799795150756836,
2209,-4.654990196228027,0.055391550064086914,
2210,-4.525313854217529,0.055657386779785156,-0.6567288637161255
2211,-4.663026809692383,0.12527775764465332,
2212,-4.654592037200928,0.05425715446472168,
2213,-4.611381530761719,0.05437636375427246,
2214,-4.634188652038574,0.0555269718170166,
2215,-4.564352989196777,0.054567575454711914,
2216,-4.471379280090332,0.05437731742858887,
2217,-4.641452789306641,0.0544590950012207,
2218,-4.622033596038818,0.054526329040527344,
2219,-4.635585308074951,0.054390668869018555,
2220,-4.619848251342773,0.05437326431274414,-0.8280820250511169
2221,-4.663207054138184,0.12545514106750488,
2222,-4.651139259338379,0.0538487434387207,
2223,-4.6397857666015625,0.05520057678222656,
2224,-4.632059097290039,0.05426287651062012,
2225,-4.540444374084473,0.05549478530883789,
2226,-4.626258850097656,0.0550684928894043,
2227,-4.795090675354004,0.05457496643066406,
2228,-4.6482696533203125,0.0544123649597168,
2229,-4.5762224197387695,0.05383920669555664,
2230,-4.715259552001953,0.054363250732421875,-0.6689065098762512
2231,-4.699002265930176,0.12571191787719727,
2232,-4.510095596313477,0.05546998977661133,
2233,-4.5744404792785645,0.05511045455932617,
2234,-4.564241409301758,0.054512739181518555,
2235,-4.740233421325684,0.05455160140991211,
2236,-4.590367317199707,0.05588507652282715,
2237,-4.514097213745117,0.05477643013000488,
2238,-4.5221452713012695,0.05440568923950195,
2239,-4.736149787902832,0.05448579788208008,
2240,-4.733108997344971,0.05452752113342285,-0.6875147223472595
2241,-4.577888488769531,0.12571954727172852,
2242,-4.4739532470703125,0.05473828315734863,
2243,-4.47889518737793,0.05451154708862305,
2244,-4.602236747741699,0.05442309379577637,
2245,-4.586337089538574,0.054431915283203125,
2246,-4.671408176422119,0.05440974235534668,
2247,-4.637817859649658,0.054564714431762695,
2248,-4.620046138763428,0.053974151611328125,
2249,-4.570451736450195,0.05480337142944336,
2250,-4.462638854980469,0.054833412170410156,-0.6737796664237976
2251,-4.489643573760986,0.12803316116333008,
2252,-4.618799209594727,0.05489802360534668,
2253,-4.527010440826416,0.054910898208618164,
2254,-4.489093780517578,0.05510115623474121,
2255,-4.491103649139404,0.05515861511230469,
2256,-4.486100196838379,0.05466818809509277,
2257,-4.44673490524292,0.05492043495178223,
2258,-4.263240337371826,0.05633187294006348,
2259,-4.423792839050293,0.05448198318481445,
2260,-4.456851005554199,0.05475735664367676,-0.6110368371009827
2261,-4.805803298950195,0.1284804344177246,
2262,-4.461918830871582,0.05434131622314453,
2263,-4.315546035766602,0.054148197174072266,
2264,-4.599438190460205,0.054186105728149414,
2265,-4.660017013549805,0.05458807945251465,
2266,-4.468194484710693,0.055116891860961914,
2267,-4.241610050201416,0.0543215274810791,
2268,-4.275062561035156,0.05460166931152344,
2269,-4.720653533935547,0.05457735061645508,
2270,-4.606359481811523,0.05402112007141113,-0.6771639585494995
2271,-4.49024772644043,0.1276700496673584,
2272,-4.214468002319336,0.055787086486816406,
2273,-4.437722206115723,0.05651974678039551,
2274,-4.660877227783203,0.05483508110046387,
2275,-4.578771591186523,0.05504274368286133,
2276,-4.315346717834473,0.05489039421081543,
2277,-4.4026336669921875,0.05505514144897461,
2278,-4.782138824462891,0.05496525764465332,
2279,-4.638788223266602,0.054668426513671875,
2280,-4.671874046325684,0.05591559410095215,-0.8350716829299927
2281,-4.527896881103516,0.12863707542419434,
2282,-4.5984721183776855,0.05458569526672363,
2283,-4.8006672859191895,0.054945945739746094,
2284,-4.759491443634033,0.05448293685913086,
2285,-4.7873215675354,0.05456280708312988,
2286,-4.8409833908081055,0.054511308670043945,
2287,-4.778822898864746,0.055283308029174805,
2288,-4.652790069580078,0.054595947265625,
2289,-4.81812047958374,0.05497384071350098,
2290,-4.749505043029785,0.054355621337890625,-0.5695372819900513
2291,-4.718656539916992,0.12909984588623047,
2292,-4.636141777038574,0.05562925338745117,
2293,-4.854955673217773,0.05553078651428223,
2294,-4.734968662261963,0.055077314376831055,
2295,-4.763031959533691,0.05443692207336426,
2296,-4.825054168701172,0.05453634262084961,
2297,-4.62675666809082,0.0548093318939209,
2298,-4.5777482986450195,0.05392599105834961,
2299,-4.714962005615234,0.05443239212036133,
2300,-4.63260555267334,0.05496692657470703,-0.7274450659751892
2301,-4.70203161239624,0.1266629695892334,
2302,-4.8518524169921875,0.05381059646606445,
2303,-4.459842205047607,0.0546875,
2304,-4.523116111755371,0.054816484451293945,
2305,-4.6724853515625,0.054415225982666016,
2306,-4.694574356079102,0.0543978214263916,
2307,-4.6339006423950195,0.055094242095947266,
2308,-4.654879570007324,0.054845333099365234,
2309,-4.796304702758789,0.05441713333129883,
2310,-4.691885948181152,0.05487489700317383,-0.7991492748260498
2311,-4.670741081237793,0.25417351722717285,
2312,-4.656581878662109,0.0549466609954834,
2313,-4.665092468261719,0.05449318885803223,
2314,-4.681310176849365,0.05491161346435547,
2315,-4.65324592590332,0.05462145805358887,
2316,-4.6772990226745605,0.054813385009765625,
2317,-4.586065292358398,0.054692983627319336,
2318,-4.7466020584106445,0.054986000061035156,
2319,-4.795722961425781,0.05562186241149902,
2320,-4.555592060089111,0.054166316986083984,-0.6973741054534912
2321,-4.659013748168945,0.12796974182128906,
2322,-4.679692268371582,0.0563807487487793,
2323,-4.585623741149902,0.054343223571777344,
2324,-4.623325347900391,0.054299354553222656,
2325,-4.527136325836182,0.05451059341430664,
2326,-4.762528419494629,0.05471014976501465,
2327,-4.692752361297607,0.05497384071350098,
2328,-4.668078422546387,0.05447959899902344,
2329,-4.918185234069824,0.05467534065246582,
2330,-4.687222480773926,0.0549159049987793,-0.8339666128158569
2331,-4.661250114440918,0.12597870826721191,
2332,-4.689425945281982,0.054296016693115234,
2333,-4.6562700271606445,0.05515599250793457,
2334,-4.617101669311523,0.054628849029541016,
2335,-4.6105194091796875,0.05442023277282715,
2336,-4.678836822509766,0.05443739891052246,
2337,-4.776600360870361,0.05460238456726074,
2338,-4.623109817504883,0.054862022399902344,
2339,-4.59009313583374,0.05425143241882324,
2340,-4.624824523925781,0.054757118225097656,-0.7680975198745728
2341,-4.572951316833496,0.1254558563232422,
2342,-4.616369247436523,0.05417895317077637,
2343,-4.7023468017578125,0.054909467697143555,
2344,-4.718323707580566,0.05581188201904297,
2345,-4.651101112365723,0.054936885833740234,
2346,-4.712274551391602,0.05426526069641113,
2347,-4.676872730255127,0.05439424514770508,
2348,-4.639220714569092,0.05458378791809082,
2349,-4.687444686889648,0.05472421646118164,
2350,-4.643051624298096,0.0543825626373291,-0.7212569117546082
2351,-4.7088212966918945,0.1286327838897705,
2352,-4.8204240798950195,0.05596208572387695,
2353,-4.470975399017334,0.05478525161743164,
2354,-4.744231224060059,0.05489087104797363,
2355,-4.686408042907715,0.054949283599853516,
2356,-4.6192169189453125,0.05611228942871094,
2357,-4.7573442459106445,0.05533933639526367,
2358,-4.7955522537231445,0.05626344680786133,
2359,-4.725123405456543,0.05449795722961426,
2360,-4.77644157409668,0.05517244338989258,-0.8112772107124329
2361,-4.78825569152832,0.12557625770568848,
2362,-4.685789585113525,0.054482460021972656,
2363,-4.648324012756348,0.05472970008850098,
2364,-4.595304489135742,0.05501985549926758,
2365,-4.724093437194824,0.05419611930847168,
2366,-4.803187370300293,0.05380082130432129,
2367,-4.473282814025879,0.054209232330322266,
2368,-4.555070877075195,0.05510568618774414,
2369,-4.617725372314453,0.0547482967376709,
2370,-4.727960586547852,0.05478930473327637,-0.5288755893707275
2371,-4.669066429138184,0.1268923282623291,
2372,-4.588192939758301,0.054765939712524414,
2373,-4.835467338562012,0.05395770072937012,
2374,-4.6690449714660645,0.05472278594970703,
2375,-4.6926069259643555,0.055123090744018555,
2376,-4.565773963928223,0.05494284629821777,
2377,-4.674257755279541,0.05484914779663086,
2378,-4.7393269538879395,0.055121421813964844,
2379,-4.809208869934082,0.05652356147766113,
2380,-4.803789138793945,0.05413055419921875,-0.8555518388748169
2381,-4.775356292724609,0.12732362747192383,
2382,-4.770867347717285,0.055235862731933594,
2383,-4.7731194496154785,0.05530905723571777,
2384,-4.731528282165527,0.05411672592163086,
2385,-4.732977867126465,0.05465292930603027,
2386,-4.697319984436035,0.05555844306945801,
2387,-4.551614284515381,0.05686140060424805,
2388,-4.693930625915527,0.05420565605163574,
2389,-4.590156078338623,0.05482959747314453,
2390,-4.638042449951172,0.054590702056884766,-0.8151882290840149
2391,-4.735263347625732,0.12530088424682617,
2392,-4.827449798583984,0.05394148826599121,
2393,-4.601866722106934,0.054383039474487305,
2394,-4.630978584289551,0.054741621017456055,
2395,-4.756752967834473,0.05409073829650879,
2396,-4.653928756713867,0.0549006462097168,
2397,-4.802892684936523,0.054207563400268555,
2398,-4.851689338684082,0.05487799644470215,
2399,-4.700502872467041,0.05409860610961914,
2400,-4.621617317199707,0.05452561378479004,-0.5932047367095947
2401,-4.6498003005981445,0.12735462188720703,
2402,-4.698553085327148,0.05504965782165527,
2403,-4.590798854827881,0.054424285888671875,
2404,-4.749678611755371,0.054839134216308594,
2405,-4.697269439697266,0.05536770820617676,
2406,-4.754424095153809,0.05506253242492676,
2407,-4.643098831176758,0.05433201789855957,
2408,-4.635191440582275,0.05517840385437012,
2409,-4.634218215942383,0.054842472076416016,
2410,-4.732522964477539,0.05424904823303223,-0.6434633731842041
2411,-4.665907859802246,0.12685275077819824,
2412,-4.6749982833862305,0.054491519927978516,
2413,-4.730379104614258,0.054476022720336914,
2414,-4.617058753967285,0.05455803871154785,
2415,-4.706275939941406,0.05440640449523926,
2416,-4.662929058074951,0.05455827713012695,
2417,-4.58055305480957,0.05487871170043945,
2418,-4.613830089569092,0.05425095558166504,
2419,-4.594827651977539,0.05587887763977051,
2420,-4.584660530090332,0.054601192474365234,-0.6804409027099609
2421,-4.574288845062256,0.13165497779846191,
2422,-4.543377876281738,0.05453634262084961,
2423,-4.625174045562744,0.05472135543823242,
2424,-4.598808288574219,0.055028676986694336,
2425,-4.690547943115234,0.0549921989440918,
2426,-4.766970634460449,0.05461716651916504,
2427,-4.656305313110352,0.055448293685913086,
2428,-4.7062225341796875,0.05469369888305664,
2429,-4.448361396789551,0.055014848709106445,
2430,-4.675939559936523,0.05462956428527832,-0.5585353970527649
2431,-4.763896942138672,0.2501657009124756,
2432,-4.7145161628723145,0.0547177791595459,
2433,-4.649691581726074,0.05390739440917969,
2434,-4.696443557739258,0.05402541160583496,
2435,-4.5949907302856445,0.05424833297729492,
2436,-4.639841556549072,0.05419659614562988,
2437,-4.693130016326904,0.05386686325073242,
2438,-4.620070457458496,0.05420494079589844,
2439,-4.705806732177734,0.054116010665893555,
2440,-4.660620212554932,0.05401015281677246,-0.643584668636322
2441,-4.700488567352295,0.1253979206085205,
2442,-4.569343566894531,0.05481767654418945,
2443,-4.697314262390137,0.05475354194641113,
2444,-4.609716892242432,0.05492901802062988,
2445,-4.579986095428467,0.05498766899108887,
2446,-4.689769744873047,0.05458641052246094,
2447,-4.698718070983887,0.05426311492919922,
2448,-4.673707962036133,0.054540157318115234,
2449,-4.6672821044921875,0.054227590560913086,
2450,-4.692325592041016,0.05460214614868164,-0.5697199106216431
2451,-4.7550201416015625,0.1277632713317871,
2452,-4.6777496337890625,0.055304527282714844,
2453,-4.763470649719238,0.05466103553771973,
2454,-4.687137603759766,0.055223941802978516,
2455,-4.575745105743408,0.05548834800720215,
2456,-4.563647747039795,0.05532693862915039,
2457,-4.6526689529418945,0.05485415458679199,
2458,-4.607964515686035,0.05419802665710449,
2459,-4.383018493652344,0.05452537536621094,
2460,-4.642892837524414,0.05612611770629883,-0.5995649695396423
2461,-4.607415199279785,0.12521767616271973,
2462,-4.628617763519287,0.05540037155151367,
2463,-4.639764785766602,0.05524039268493652,
2464,-4.606599807739258,0.05482053756713867,
2465,-4.59550666809082,0.05397486686706543,
2466,-4.611353874206543,0.053501129150390625,
2467,-4.585358619689941,0.053757667541503906,
2468,-4.732934474945068,0.054347991943359375,
2469,-4.517539024353027,0.054291725158691406,
2470,-4.769944667816162,0.05432701110839844,-0.6472623944282532
2471,-4.634829521179199,0.12580633163452148,
2472,-4.666110038757324,0.05443763732910156,
2473,-4.655665397644043,0.0540163516998291,
2474,-4.865687370300293,0.05390214920043945,
2475,-4.635957717895508,0.05423283576965332,
2476,-4.52835750579834,0.054038286209106445,
2477,-4.67138671875,0.054511308670043945,
2478,-4.7765631675720215,0.054291486740112305,
2479,-4.651115417480469,0.05511474609375,
2480,-4.776540279388428,0.054563283920288086,-0.642287015914917
2481,-4.704460144042969,0.12575340270996094,
2482,-4.832786560058594,0.053987979888916016,
2483,-4.706001281738281,0.05395007133483887,
2484,-4.742373466491699,0.054331302642822266,
2485,-4.782293796539307,0.05374431610107422,
2486,-4.868794918060303,0.055185556411743164,
2487,-4.729130744934082,0.05455780029296875,
2488,-4.802116394042969,0.0551455020904541,
2489,-4.856634616851807,0.05456876754760742,
2490,-4.763429641723633,0.05495786666870117,-0.5719524025917053
2491,-4.717551231384277,0.12708783149719238,
2492,-4.873936176300049,0.055202484130859375,
2493,-4.731807231903076,0.055663108825683594,
2494,-4.849984169006348,0.05509662628173828,
2495,-4.831498146057129,0.05422401428222656,
2496,-4.751490116119385,0.05468320846557617,
2497,-4.715330123901367,0.054869651794433594,
2498,-4.519381046295166,0.05422091484069824,
2499,-4.646200180053711,0.05467081069946289,
2500,-4.744611740112305,0.05489706993103027,-0.6688197255134583
2501,-4.738701820373535,0.1250002384185791,
2502,-4.775872707366943,0.05487775802612305,
2503,-4.698692321777344,0.054971933364868164,
2504,-4.691754341125488,0.054662227630615234,
2505,-4.760331153869629,0.05522775650024414,
2506,-4.630369663238525,0.05414319038391113,
2507,-4.794173717498779,0.05471634864807129,
2508,-4.755596160888672,0.054706573486328125,
2509,-4.642989158630371,0.05420660972595215,
2510,-4.67883825302124,0.05393218994140625,-0.49617552757263184
2511,-4.6638336181640625,0.13073015213012695,
2512,-4.723823547363281,0.05584883689880371,
2513,-4.773913383483887,0.05451846122741699,
2514,-4.878516674041748,0.05459904670715332,
2515,-4.759382247924805,0.05458998680114746,
2516,-4.764410018920898,0.05462455749511719,
2517,-4.599287033081055,0.05505037307739258,
2518,-4.846035003662109,0.05458569526672363,
2519,-4.936212539672852,0.05497932434082031,
2520,-4.725442886352539,0.05487489700317383,-0.7607882022857666
2521,-4.734306335449219,0.1261768341064453,
2522,-4.757006645202637,0.05460691452026367,
2523,-4.7578935623168945,0.05481266975402832,
2524,-4.775753021240234,0.055101633071899414,
2525,-4.675869464874268,0.054902076721191406,
2526,-4.66126823425293,0.05482125282287598,
2527,-4.6713104248046875,0.055449724197387695,
2528,-4.726602554321289,0.05535006523132324,
2529,-4.751901149749756,0.05380678176879883,
2530,-4.594232559204102,0.05450940132141113,-0.42047786712646484
2531,-4.727637767791748,0.1257936954498291,
2532,-4.841861724853516,0.05498862266540527,
2533,-4.693384647369385,0.05419635772705078,
2534,-4.539952278137207,0.05459332466125488,
2535,-4.660246849060059,0.05465197563171387,
2536,-4.644833564758301,0.05468893051147461,
2537,-4.720119476318359,0.055115699768066406,
2538,-4.78449821472168,0.05588054656982422,
2539,-4.725860595703125,0.05635547637939453,
2540,-4.741374969482422,0.05529975891113281,-0.6148842573165894
2541,-4.882430076599121,0.126190185546875,
2542,-4.713669776916504,0.05441641807556152,
2543,-4.636493682861328,0.054636478424072266,
2544,-4.860371112823486,0.05426979064941406,
2545,-4.637203693389893,0.05426025390625,
2546,-4.729092121124268,0.05542302131652832,
2547,-4.802793025970459,0.05532526969909668,
2548,-4.836846828460693,0.05444455146789551,
2549,-4.61747932434082,0.05617833137512207,
2550,-4.745508193969727,0.054851531982421875,-0.6123281717300415
2551,-4.829418182373047,0.1285257339477539,
2552,-4.764785289764404,0.05509042739868164,
2553,-4.856101036071777,0.05490255355834961,
2554,-4.775510311126709,0.05515289306640625,
2555,-4.780725002288818,0.05493640899658203,
2556,-4.731423377990723,0.05401253700256348,
2557,-4.706890106201172,0.05484938621520996,
2558,-4.9252119064331055,0.0549466609954834,
2559,-4.782955169677734,0.05504322052001953,
2560,-4.95600700378418,0.05431413650512695,-0.679390013217926
2561,-4.821868896484375,0.25373291969299316,
2562,-4.793456077575684,0.054575443267822266,
2563,-4.608992576599121,0.05440998077392578,
2564,-4.705279350280762,0.05533456802368164,
2565,-4.779075622558594,0.05508923530578613,
2566,-4.802936553955078,0.05663037300109863,
2567,-4.761068344116211,0.05426192283630371,
2568,-4.665911674499512,0.05555367469787598,
2569,-4.679886817932129,0.0554509162902832,
2570,-4.723409652709961,0.0550839900970459,-0.6517837047576904
2571,-4.739031791687012,0.13006973266601562,
2572,-4.870126724243164,0.054683685302734375,
2573,-4.7996416091918945,0.054988861083984375,
2574,-4.774435997009277,0.05489230155944824,
2575,-4.684487342834473,0.05474710464477539,
2576,-4.693970203399658,0.0552515983581543,
2577,-4.813741207122803,0.05506777763366699,
2578,-4.801662445068359,0.05493354797363281,
2579,-4.7121477127075195,0.0540623664855957,
2580,-4.863729953765869,0.05471444129943848,-0.6126653552055359
2581,-4.621879577636719,0.12749981880187988,
2582,-4.766860008239746,0.05484914779663086,
2583,-4.678130149841309,0.05499982833862305,
2584,-4.880807876586914,0.0550382137298584,
2585,-4.661211967468262,0.055037736892700195,
2586,-4.608095169067383,0.05538368225097656,
2587,-4.429925441741943,0.05449080467224121,
2588,-4.831392288208008,0.054793596267700195,
2589,-4.870067119598389,0.055020809173583984,
2590,-4.74840784072876,0.054466962814331055,-0.5007675886154175
2591,-4.660414218902588,0.12525725364685059,
2592,-4.661459445953369,0.05487680435180664,
2593,-4.579938888549805,0.054700613021850586,
2594,-4.710142135620117,0.054346561431884766,
2595,-4.703675270080566,0.05443072319030762,
2596,-4.703743934631348,0.054622650146484375,
2597,-4.771439552307129,0.05487394332885742,
2598,-4.456860542297363,0.05519509315490723,
2599,-4.556359767913818,0.05445694923400879,
2600,-4.7028021812438965,0.054096221923828125,-0.6207098364830017
2601,-4.752434730529785,0.12719178199768066,
2602,-4.939406871795654,0.053994178771972656,
2603,-4.717442035675049,0.05452275276184082,
2604,-4.673566818237305,0.05499720573425293,
2605,-4.7465105056762695,0.05569338798522949,
2606,-4.786706924438477,0.05609846115112305,
2607,-4.68571662902832,0.05524110794067383,
2608,-4.6209821701049805,0.05489158630371094,
2609,-4.655849456787109,0.05484652519226074,
2610,-4.786004543304443,0.05513191223144531,-0.6105647683143616
2611,-4.6930389404296875,0.12636709213256836,
2612,-4.786479473114014,0.05415773391723633,
2613,-4.886252403259277,0.05430722236633301,
2614,-4.744213104248047,0.05395770072937012,
2615,-4.543185234069824,0.05430245399475098,
2616,-4.754429817199707,0.055045127868652344,
2617,-4.722675323486328,0.0542902946472168,
2618,-4.674612522125244,0.05452919006347656,
2619,-4.710222244262695,0.054847002029418945,
2620,-4.7681097984313965,0.05445289611816406,-0.610867977142334
2621,-4.727919101715088,0.1263587474822998,
2622,-4.728337287902832,0.05469465255737305,
2623,-4.6561102867126465,0.05477738380432129,
2624,-4.785192012786865,0.05471992492675781,
2625,-4.711927890777588,0.054471492767333984,
2626,-4.687952041625977,0.05473637580871582,
2627,-4.749061107635498,0.05522274971008301,
2628,-4.847959518432617,0.05431556701660156,
2629,-4.77403450012207,0.05481266975402832,
2630,-4.697714328765869,0.0548708438873291,-0.6378307342529297
2631,-4.762739181518555,0.12713289260864258,
2632,-4.825809478759766,0.05423259735107422,
2633,-4.782957077026367,0.054943084716796875,
2634,-4.791569709777832,0.054952383041381836,
2635,-4.698859214782715,0.05527353286743164,
2636,-4.881239891052246,0.055184364318847656,
2637,-4.703675270080566,0.05510592460632324,
2638,-4.81060266494751,0.054816246032714844,
2639,-4.729641437530518,0.054322242736816406,
2640,-4.686651229858398,0.05475473403930664,-0.5855898261070251
2641,-4.78091287612915,0.12567424774169922,
2642,-4.677430629730225,0.0544281005859375,
2643,-4.884174823760986,0.05443215370178223,
2644,-4.673126697540283,0.054979562759399414,
2645,-4.914250373840332,0.05452680587768555,
2646,-4.8838300704956055,0.05464792251586914,
2647,-4.886203765869141,0.05425667762756348,
2648,-4.773355960845947,0.0548093318939209,
2649,-4.8665361404418945,0.05563950538635254,
2650,-4.959765434265137,0.05419492721557617,-0.5868041515350342
2651,-4.974235534667969,0.12462687492370605,
2652,-4.959846496582031,0.05472254753112793,
2653,-4.777061462402344,0.05479168891906738,
2654,-4.82664680480957,0.05417013168334961,
2655,-4.901416778564453,0.05469679832458496,
2656,-4.943093776702881,0.05472230911254883,
2657,-4.89426326751709,0.05463552474975586,
2658,-4.8159894943237305,0.05490756034851074,
2659,-4.85239315032959,0.05485224723815918,
2660,-4.947333335876465,0.05536174774169922,-0.5501703023910522
2661,-4.898867130279541,0.1269984245300293,
2662,-4.836650371551514,0.05469822883605957,
2663,-4.884649753570557,0.05555152893066406,
2664,-4.778078079223633,0.054650306701660156,
2665,-4.7801594734191895,0.055695295333862305,
2666,-4.86727237701416,0.0553746223449707,
2667,-4.691013813018799,0.055119991302490234,
2668,-4.920016288757324,0.05594158172607422,
2669,-4.897883892059326,0.05490422248840332,
2670,-4.858366012573242,0.05475497245788574,-0.6949094533920288
2671,-4.7197184562683105,0.12555313110351562,
2672,-4.709231376647949,0.055876731872558594,
2673,-4.778332710266113,0.05443620681762695,
2674,-4.841553211212158,0.05495619773864746,
2675,-4.780064582824707,0.054941654205322266,
2676,-4.852570533752441,0.05465888977050781,
2677,-4.807024002075195,0.05458641052246094,
2678,-4.849745750427246,0.05491018295288086,
2679,-4.94651460647583,0.05557847023010254,
2680,-4.8256072998046875,0.054216623306274414,-0.6501656770706177
2681,-4.631680488586426,0.2502453327178955,
2682,-4.709476947784424,0.05452847480773926,
2683,-4.860264301300049,0.055074214935302734,
2684,-4.78764533996582,0.054277896881103516,
2685,-4.752640724182129,0.05470156669616699,
2686,-4.660682201385498,0.05469179153442383,
2687,-4.869088172912598,0.05410504341125488,
2688,-4.760171413421631,0.05506396293640137,
2689,-4.806778907775879,0.05482316017150879,
2690,-4.87901496887207,0.05491781234741211,-0.5384197235107422
2691,-4.872031211853027,0.12563538551330566,
2692,-4.740624904632568,0.05421638488769531,
2693,-4.667719841003418,0.05503058433532715,
2694,-4.668980121612549,0.05512809753417969,
2695,-4.768282413482666,0.05410909652709961,
2696,-4.610539436340332,0.05551028251647949,
2697,-4.71992301940918,0.05544233322143555,
2698,-4.787594795227051,0.0546727180480957,
2699,-4.789860248565674,0.05403900146484375,
2700,-4.986255645751953,0.054726600646972656,-0.6074904799461365
2701,-4.749575138092041,0.1253070831298828,
2702,-4.823301315307617,0.05442190170288086,
2703,-4.995893478393555,0.054631710052490234,
2704,-4.747533798217773,0.05442667007446289,
2705,-4.925424098968506,0.05419158935546875,
2706,-4.865468978881836,0.05436301231384277,
2707,-4.720123291015625,0.05513262748718262,
2708,-4.771225929260254,0.054975271224975586,
2709,-4.824018478393555,0.05460023880004883,
2710,-4.892127513885498,0.05633854866027832,-0.594558596611023
2711,-4.759918212890625,0.127305269241333,
2712,-4.844661235809326,0.054743289947509766,
2713,-4.818015098571777,0.05502128601074219,
2714,-4.77777099609375,0.0544891357421875,
2715,-4.860247611999512,0.05490517616271973,
2716,-4.958038330078125,0.05492687225341797,
2717,-4.85736083984375,0.053879737854003906,
2718,-4.904397964477539,0.05446743965148926,
2719,-4.966209411621094,0.05403494834899902,
2720,-4.866659164428711,0.05388808250427246,-0.7404502630233765
2721,-4.8506083488464355,0.1251065731048584,
2722,-4.885951995849609,0.055351972579956055,
2723,-4.955069065093994,0.05415201187133789,
2724,-4.779986381530762,0.053850650787353516,
2725,-4.776698112487793,0.053781747817993164,
2726,-4.790248394012451,0.054712533950805664,
2727,-4.73525333404541,0.053946733474731445,
2728,-4.731453895568848,0.054154157638549805,
2729,-4.831905364990234,0.05383706092834473,
2730,-4.853078365325928,0.05376863479614258,-0.5458561182022095
2731,-4.789937496185303,0.1251375675201416,
2732,-4.848305702209473,0.05431723594665527,
2733,-4.889133930206299,0.05519676208496094,
2734,-5.016805648803711,0.056256771087646484,
2735,-4.812014579772949,0.054268836975097656,
2736,-4.688170909881592,0.055359601974487305,
2737,-4.63264274597168,0.05523562431335449,
2738,-4.845009803771973,0.054331064224243164,
2739,-4.861697196960449,0.05434775352478027,
2740,-4.826279163360596,0.05520939826965332,-0.6119709014892578
2741,-4.892136573791504,0.13090109825134277,
2742,-4.851135730743408,0.0545194149017334,
2743,-4.917849540710449,0.05443859100341797,
2744,-4.844051837921143,0.05459189414978027,
2745,-4.658053398132324,0.05453324317932129,
2746,-4.950509548187256,0.05445051193237305,
2747,-4.903294086456299,0.05395960807800293,
2748,-4.706603050231934,0.05406522750854492,
2749,-4.776787281036377,0.05436873435974121,
2750,-4.9021687507629395,0.056620121002197266,-0.5839060544967651
2751,-4.747165203094482,0.12565135955810547,
2752,-4.721461296081543,0.05446267127990723,
2753,-4.8108062744140625,0.056204795837402344,
2754,-4.827902317047119,0.05445456504821777,
2755,-4.723140716552734,0.0549161434173584,
2756,-4.837899208068848,0.054993391036987305,
2757,-4.823714256286621,0.0552523136138916,
2758,-4.858033180236816,0.0546879768371582,
2759,-4.891468524932861,0.055350542068481445,
2760,-4.755337715148926,0.05452394485473633,-0.5255033373832703
2761,-4.9569902420043945,0.1270461082458496,
2762,-4.9157609939575195,0.05393552780151367,
2763,-4.958238124847412,0.053968191146850586,
2764,-4.827557563781738,0.05482935905456543,
2765,-4.905989646911621,0.05491018295288086,
2766,-4.833555221557617,0.05432724952697754,
2767,-4.892861366271973,0.05480694770812988,
2768,-4.728677749633789,0.05460786819458008,
2769,-4.768247127532959,0.05444812774658203,
2770,-4.671835899353027,0.054848670959472656,-0.7141833901405334
2771,-4.72906494140625,0.12596416473388672,
2772,-4.732104301452637,0.054721832275390625,
2773,-4.803623199462891,0.055254459381103516,
2774,-4.681389808654785,0.054776906967163086,
2775,-4.643182277679443,0.05484509468078613,
2776,-4.803548812866211,0.05623674392700195,
2777,-4.848335266113281,0.05434775352478027,
2778,-4.870107650756836,0.05436968803405762,
2779,-4.719659805297852,0.055518388748168945,
2780,-4.736948013305664,0.054259300231933594,-0.625345766544342
2781,-4.790913105010986,0.12491655349731445,
2782,-4.755070686340332,0.05486154556274414,
2783,-4.674278736114502,0.055623531341552734,
2784,-4.638373374938965,0.05434536933898926,
2785,-4.788181304931641,0.054430484771728516,
2786,-4.785694122314453,0.054601192474365234,
2787,-4.895246982574463,0.054743051528930664,
2788,-4.735077857971191,0.05412793159484863,
2789,-4.857105255126953,0.05450797080993652,
2790,-4.849248886108398,0.05425620079040527,-0.7234269380569458
2791,-4.82729434967041,0.12483906745910645,
2792,-4.895200729370117,0.054845571517944336,
2793,-4.895474433898926,0.05494189262390137,
2794,-4.75240421295166,0.05516505241394043,
2795,-4.486109733581543,0.054620981216430664,
2796,-4.821486949920654,0.05496644973754883,
2797,-4.830014228820801,0.05470848083496094,
2798,-4.774738311767578,0.054566383361816406,
2799,-4.729008197784424,0.054535865783691406,
2800,-4.860984802246094,0.05463099479675293,-0.7577553987503052
2801,-4.8799662590026855,0.25171899795532227,
2802,-4.8992838859558105,0.054617881774902344,
2803,-4.917078971862793,0.05473446846008301,
2804,-4.8310322761535645,0.054823875427246094,
2805,-4.924514293670654,0.05435466766357422,
2806,-4.9487481117248535,0.05458688735961914,
2807,-5.099400520324707,0.05446052551269531,
2808,-4.916648864746094,0.05495715141296387,
2809,-4.8715500831604,0.05606532096862793,
2810,-4.905720233917236,0.05519533157348633,-0.5774629712104797
2811,-4.835544109344482,0.12602758407592773,
2812,-4.873286724090576,0.05360007286071777,
2813,-4.777970314025879,0.053310394287109375,
2814,-4.818796634674072,0.05325627326965332,
2815,-4.803738594055176,0.054973602294921875,
2816,-4.947079658508301,0.054436683654785156,
2817,-4.790639877319336,0.055544376373291016,
2818,-4.997852325439453,0.053945064544677734,
2819,-4.948867321014404,0.05392098426818848,
2820,-4.6847333908081055,0.05447983741760254,-0.47267404198646545
2821,-4.826079368591309,0.1262037754058838,
2822,-4.925233840942383,0.0560758113861084,
2823,-4.703545570373535,0.05508232116699219,
2824,-4.840062141418457,0.0545201301574707,
2825,-4.775242328643799,0.054943084716796875,
2826,-4.791468143463135,0.0548708438873291,
2827,-4.907391548156738,0.0550084114074707,
2828,-4.67484712600708,0.05427265167236328,
2829,-4.740175724029541,0.05466723442077637,
2830,-4.822149753570557,0.05489349365234375,-0.5906401872634888
2831,-4.870805740356445,0.1272449493408203,
2832,-5.040425777435303,0.05417275428771973,
2833,-4.938847541809082,0.0547032356262207,
2834,-4.731834411621094,0.05490875244140625,
2835,-4.9709978103637695,0.05448341369628906,
2836,-4.935841083526611,0.05440950393676758,
2837,-4.845457077026367,0.05466055870056152,
2838,-4.755497932434082,0.05489516258239746,
2839,-4.888681411743164,0.0547175407409668,
2840,-5.029017925262451,0.05531954765319824,-0.44744354486465454
2841,-4.884422302246094,0.12580370903015137,
2842,-4.835289001464844,0.053890228271484375,
2843,-4.768693923950195,0.05518007278442383,
2844,-4.906144618988037,0.05485391616821289,
2845,-4.846310615539551,0.054676055908203125,
2846,-4.903248310089111,0.05371665954589844,
2847,-4.929749488830566,0.05423545837402344,
2848,-4.958489418029785,0.05487823486328125,
2849,-4.780031204223633,0.054296255111694336,
2850,-4.859556198120117,0.05467867851257324,-0.6403446197509766
2851,-4.83880615234375,0.12801337242126465,
2852,-4.872319221496582,0.05447244644165039,
2853,-4.881289958953857,0.05498528480529785,
2854,-4.809471130371094,0.05433964729309082,
2855,-4.85575532913208,0.05460476875305176,
2856,-4.717455863952637,0.05460095405578613,
2857,-4.91191291809082,0.05444002151489258,
2858,-4.883070468902588,0.05440998077392578,
2859,-4.947043418884277,0.05460929870605469,
2860,-4.853216171264648,0.05450272560119629,-0.582899272441864
2861,-5.015063285827637,0.12598180770874023,
2862,-4.934954643249512,0.05518364906311035,
2863,-5.00614595413208,0.05544233322143555,
2864,-4.859182834625244,0.05672454833984375,
2865,-4.893911361694336,0.055004119873046875,
2866,-4.743966579437256,0.05604958534240723,
2867,-4.83550500869751,0.055206298828125,
2868,-4.972706317901611,0.05479884147644043,
2869,-4.869236469268799,0.05446648597717285,
2870,-4.971407413482666,0.055208444595336914,-0.7154837846755981
2871,-4.872350692749023,0.12635493278503418,
2872,-4.8358025550842285,0.054570913314819336,
2873,-4.865734100341797,0.05478167533874512,
2874,-5.007286071777344,0.054799556732177734,
2875,-4.979077339172363,0.0550386905670166,
2876,-4.90121603012085,0.05507826805114746,
2877,-4.864946365356445,0.0549015998840332,
2878,-4.918793678283691,0.05501818656921387,
2879,-4.937556266784668,0.05504441261291504,
2880,-4.833273887634277,0.05453991889953613,-0.6000305414199829
2881,-4.9486165046691895,0.1259622573852539,
2882,-4.950273036956787,0.055208444595336914,
2883,-4.8178300857543945,0.05513930320739746,
2884,-4.927917957305908,0.05463266372680664,
2885,-4.858925819396973,0.05481386184692383,
2886,-5.0195441246032715,0.055043697357177734,
2887,-4.694700241088867,0.05533266067504883,
2888,-4.906158447265625,0.05539751052856445,
2889,-4.969776153564453,0.05452895164489746,
2890,-4.785133361816406,0.05530095100402832,-0.5153720378875732
2891,-4.882292747497559,0.12614059448242188,
2892,-4.934176445007324,0.05456042289733887,
2893,-5.041426181793213,0.05447530746459961,
2894,-4.911571502685547,0.05484294891357422,
2895,-4.9342217445373535,0.05480599403381348,
2896,-4.9166646003723145,0.05485129356384277,
2897,-4.9366655349731445,0.05533957481384277,
2898,-4.920654296875,0.05496478080749512,
2899,-4.839223384857178,0.05422472953796387,
2900,-4.945889472961426,0.055388450622558594,-0.6631389856338501
2901,-4.996096611022949,0.1263885498046875,
2902,-4.934080600738525,0.05588126182556152,
2903,-5.005776405334473,0.055335044860839844,
2904,-4.831820964813232,0.05495142936706543,
2905,-4.964958667755127,0.05518293380737305,
2906,-4.984182357788086,0.05494189262390137,
2907,-5.102638244628906,0.055153846740722656,
2908,-4.907077312469482,0.054778099060058594,
2909,-4.9355010986328125,0.0549015998840332,
2910,-4.964905738830566,0.055138349533081055,-0.47144603729248047
2911,-4.964873313903809,0.12636160850524902,
2912,-4.907670021057129,0.05444502830505371,
2913,-4.844069480895996,0.05445432662963867,
2914,-4.935057640075684,0.05526328086853027,
2915,-5.010167121887207,0.05456423759460449,
2916,-4.974617958068848,0.054987192153930664,
2917,-4.998029708862305,0.05480527877807617,
2918,-4.767672538757324,0.05520176887512207,
2919,-5.060060977935791,0.05417609214782715,
2920,-5.140719413757324,0.05474996566772461,-0.718327522277832
2921,-4.927852153778076,0.128617525100708,
2922,-4.880094528198242,0.055136680603027344,
2923,-4.6943464279174805,0.05467820167541504,
2924,-4.874375343322754,0.05499434471130371,
2925,-4.996964454650879,0.1862328052520752,
2926,-5.049501419067383,0.05484747886657715,
2927,-4.926629066467285,0.05414843559265137,
2928,-4.898202896118164,0.054136037826538086,
2929,-5.150724411010742,0.05475330352783203,
2930,-5.060542106628418,0.05465126037597656,-0.522049605846405
2931,-4.943296909332275,0.12510228157043457,
2932,-5.005038261413574,0.05470991134643555,
2933,-4.780735492706299,0.05443525314331055,
2934,-4.844259262084961,0.0545809268951416,
2935,-4.824068069458008,0.05475044250488281,
2936,-4.992308616638184,0.05487370491027832,
2937,-4.967172145843506,0.05452609062194824,
2938,-4.848020076751709,0.05453181266784668,
2939,-4.827846050262451,0.05491495132446289,
2940,-4.920863628387451,0.05503201484680176,-0.5605469346046448
2941,-4.848409175872803,0.1252121925354004,
2942,-4.888754367828369,0.05434155464172363,
2943,-4.860350608825684,0.0550236701965332,
2944,-4.819581508636475,0.05544900894165039,
2945,-4.985575199127197,0.05592656135559082,
2946,-4.960593223571777,0.05471515655517578,
2947,-4.876280784606934,0.05479288101196289,
2948,-4.85488224029541,0.05521988868713379,
2949,-4.85487174987793,0.05462336540222168,
2950,-4.947093963623047,0.05483651161193848,-0.6315825581550598
2951,-4.8880085945129395,0.12702178955078125,
2952,-4.934975624084473,0.05474996566772461,
2953,-5.074779510498047,0.05490899085998535,
2954,-4.942544937133789,0.055051326751708984,
2955,-4.891982078552246,0.055089473724365234,
2956,-5.057853698730469,0.05414319038391113,
2957,-4.969118118286133,0.05395102500915527,
2958,-4.958898544311523,0.054584503173828125,
2959,-5.016702651977539,0.05480599403381348,
2960,-4.9204535484313965,0.05507183074951172,-0.5357063412666321
2961,-4.930721759796143,0.12496781349182129,
2962,-5.002096176147461,0.05515241622924805,
2963,-4.911498069763184,0.05415964126586914,
2964,-4.958752632141113,0.05467057228088379,
2965,-4.983375549316406,0.05491971969604492,
2966,-4.924742698669434,0.05620241165161133,
2967,-5.174773216247559,0.056138038635253906,
2968,-5.087242126464844,0.054470062255859375,
2969,-4.9464430809021,0.05512213706970215,
2970,-4.895730495452881,0.05475759506225586,-0.6118361353874207
2971,-4.989349365234375,0.12702393531799316,
2972,-5.036348342895508,0.054505109786987305,
2973,-5.067088603973389,0.054982662200927734,
2974,-4.9653401374816895,0.05508708953857422,
2975,-4.8586344718933105,0.05433964729309082,
2976,-4.854925155639648,0.05459260940551758,
2977,-4.905036926269531,0.054735660552978516,
2978,-4.852774620056152,0.055945396423339844,
2979,-4.834139823913574,0.05433964729309082,
2980,-4.961060047149658,0.054732561111450195,-0.6678094267845154
2981,-4.9464569091796875,0.12686848640441895,
2982,-4.833568096160889,0.05481600761413574,
2983,-4.900757789611816,0.05436849594116211,
2984,-4.924745082855225,0.05550050735473633,
2985,-4.910181045532227,0.05498170852661133,
2986,-4.890241622924805,0.05521225929260254,
2987,-4.8994245529174805,0.054800987243652344,
2988,-5.005242347717285,0.05579805374145508,
2989,-4.914010047912598,0.05576443672180176,
2990,-4.946602821350098,0.054833173751831055,-0.5123080611228943
2991,-4.972909927368164,0.1289656162261963,
2992,-5.067342758178711,0.05452442169189453,
2993,-5.014937400817871,0.05484914779663086,
2994,-4.8636932373046875,0.05496525764465332,
2995,-4.932503700256348,0.054574012756347656,
2996,-4.989823818206787,0.05495858192443848,
2997,-4.983945846557617,0.05527138710021973,
2998,-5.045536041259766,0.05511593818664551,
2999,-4.935011863708496,0.054593801498413086,
3000,-5.039614200592041,0.054319143295288086,-0.5643903613090515
3001,-4.890082359313965,0.1257474422454834,
3002,-4.9239678382873535,0.054892778396606445,
3003,-5.045368671417236,0.05470085144042969,
3004,-5.02142858505249,0.05536818504333496,
3005,-5.109130859375,0.055304527282714844,
3006,-4.985328674316406,0.05435609817504883,
3007,-4.983468055725098,0.05482339859008789,
3008,-5.063076019287109,0.054215431213378906,
3009,-5.024123668670654,0.0547327995300293,
3010,-4.959719181060791,0.05422067642211914,-0.5561968684196472
3011,-4.965822696685791,0.12550950050354004,
3012,-5.014195442199707,0.054779767990112305,
3013,-4.885373592376709,0.05528736114501953,
3014,-4.920267105102539,0.05454564094543457,
3015,-4.970973014831543,0.05445361137390137,
3016,-4.87257194519043,0.05477333068847656,
3017,-4.998274803161621,0.05487513542175293,
3018,-4.824704170227051,0.0547327995300293,
3019,-4.889477729797363,0.05495619773864746,
3020,-4.974784851074219,0.054372310638427734,-0.587651252746582
3021,-4.941038131713867,0.12560701370239258,
3022,-4.95278263092041,0.055854082107543945,
3023,-4.871864318847656,0.05514240264892578,
3024,-4.8665971755981445,0.05623221397399902,
3025,-5.149096965789795,0.05451011657714844,
3026,-4.843331336975098,0.05480384826660156,
3027,-4.878328800201416,0.05487561225891113,
3028,-4.922027111053467,0.05510354042053223,
3029,-4.8332319259643555,0.05407238006591797,
3030,-4.972825050354004,0.05435371398925781,-0.5683660507202148
3031,-4.874172210693359,0.12510466575622559,
3032,-4.898519515991211,0.05426597595214844,
3033,-5.0313005447387695,0.054688453674316406,
3034,-4.817636013031006,0.05495047569274902,
3035,-4.840685844421387,0.05531930923461914,
3036,-5.0321502685546875,0.054636478424072266,
3037,-4.845686435699463,0.054647207260131836,
3038,-4.773116111755371,0.05437207221984863,
3039,-5.104202747344971,0.05467033386230469,
3040,-5.073847770690918,0.05489635467529297,-0.4965457320213318
3041,-5.052206039428711,0.12636494636535645,
3042,-5.049424648284912,0.05481410026550293,
3043,-4.919984817504883,0.055004119873046875,
3044,-4.99014139175415,0.05451560020446777,
3045,-5.014714241027832,0.054960012435913086,
3046,-5.006451606750488,0.054738759994506836,
3047,-4.919087886810303,0.054149627685546875,
3048,-5.039071559906006,0.055243730545043945,
3049,-5.035663604736328,0.05467557907104492,
3050,-5.004208564758301,0.05462026596069336,-0.6772727370262146
3051,-4.949032783508301,0.25008630752563477,
3052,-4.9975152015686035,0.0545353889465332,
3053,-4.874927520751953,0.05517292022705078,
3054,-4.916240215301514,0.05418801307678223,
3055,-5.045431613922119,0.05451703071594238,
3056,-4.985990047454834,0.054561614990234375,
3057,-4.985553741455078,0.054480791091918945,
3058,-5.225677967071533,0.054229736328125,
3059,-4.888866901397705,0.05450153350830078,
3060,-4.883147239685059,0.05478954315185547,-0.5080584287643433
3061,-5.029099464416504,0.12981247901916504,
3062,-5.002409934997559,0.05488944053649902,
3063,-4.868082046508789,0.05544114112854004,
3064,-4.923457145690918,0.0551145076751709,
3065,-4.910386085510254,0.0545501708984375,
3066,-4.998019695281982,0.05454874038696289,
3067,-5.14277458190918,0.05488729476928711,
3068,-5.025012969970703,0.055912017822265625,
3069,-5.158329486846924,0.0546720027923584,
3070,-5.081940174102783,0.05482983589172363,-0.5456269383430481
3071,-5.226563453674316,0.12716007232666016,
3072,-5.018084526062012,0.054903507232666016,
3073,-5.076886177062988,0.0543057918548584,
3074,-5.128464698791504,0.05540156364440918,
3075,-5.035170555114746,0.054756879806518555,
3076,-5.136890411376953,0.05516481399536133,
3077,-5.08164119720459,0.05426454544067383,
3078,-5.139762878417969,0.05482602119445801,
3079,-5.029631614685059,0.05457592010498047,
3080,-4.99647855758667,0.054932594299316406,-0.5974532961845398
3081,-4.984433650970459,0.12935876846313477,
3082,-4.900941371917725,0.05394887924194336,
3083,-5.050471305847168,0.05460071563720703,
3084,-5.197848320007324,0.055077314376831055,
3085,-5.239248275756836,0.05406665802001953,
3086,-5.2111077308654785,0.054499149322509766,
3087,-5.00991153717041,0.05429577827453613,
3088,-5.059530735015869,0.05391955375671387,
3089,-5.050456523895264,0.0539860725402832,
3090,-5.033763885498047,0.0545499324798584,-0.6768287420272827
3091,-4.960623741149902,0.12741827964782715,
3092,-5.091066360473633,0.05394864082336426,
3093,-4.992417335510254,0.054465532302856445,
3094,-4.924496650695801,0.05431222915649414,
3095,-5.082780838012695,0.05456805229187012,
3096,-5.067394256591797,0.05437302589416504,
3097,-5.145476341247559,0.05379676818847656,
3098,-4.98671817779541,0.05400371551513672,
3099,-4.999778747558594,0.05452561378479004,
3100,-5.032232284545898,0.054892539978027344,-0.6692549586296082
3101,-5.0172858238220215,0.12512445449829102,
3102,-4.937282562255859,0.054815053939819336,
3103,-5.086331367492676,0.054007530212402344,
3104,-5.038804054260254,0.05529499053955078,
3105,-4.820188045501709,0.054168701171875,
3106,-5.096074104309082,0.053873538970947266,
3107,-5.06880521774292,0.05417633056640625,
3108,-4.898284912109375,0.05411028861999512,
3109,-4.86800479888916,0.054116249084472656,
3110,-5.16046667098999,0.05375266075134277,-0.5590482950210571
3111,-4.9658355712890625,0.12523841857910156,
3112,-5.234675884246826,0.054914236068725586,
3113,-5.174154758453369,0.055687665939331055,
3114,-5.0320515632629395,0.0544435977935791,
3115,-4.903781890869141,0.054665565490722656,
3116,-5.160506248474121,0.055953025817871094,
3117,-5.005245208740234,0.05480813980102539,
3118,-5.031520843505859,0.05501532554626465,
3119,-5.166208744049072,0.054936885833740234,
3120,-5.101510047912598,0.05473065376281738,-0.6517988443374634
3121,-5.048834800720215,0.12524032592773438,
3122,-4.95832633972168,0.05412173271179199,
3123,-5.0338029861450195,0.05431675910949707,
3124,-4.8642191886901855,0.05526137351989746,
3125,-4.956907272338867,0.05452108383178711,
3126,-5.0138726234436035,0.0548090934753418,
3127,-4.948055744171143,0.05519461631774902,
3128,-5.168206214904785,0.0542144775390625,
3129,-5.032170295715332,0.05480456352233887,
3130,-5.107292175292969,0.05470466613769531,-0.5329804420471191
3131,-5.231659889221191,0.1255345344543457,
3132,-5.1071343421936035,0.05394387245178223,
3133,-5.059390068054199,0.05440163612365723,
3134,-5.020938873291016,0.05469465255737305,
3135,-4.930678367614746,0.054826974868774414,
3136,-4.82949161529541,0.054709434509277344,
3137,-4.746708869934082,0.05579042434692383,
3138,-4.961873531341553,0.05490279197692871,
3139,-4.993288516998291,0.055882930755615234,
3140,-4.849186897277832,0.054784536361694336,-0.6708440780639648
3141,-4.996939182281494,0.12802386283874512,
3142,-5.041045188903809,0.05502676963806152,
3143,-4.9604291915893555,0.05540108680725098,
3144,-4.991581916809082,0.05450010299682617,
3145,-4.830322265625,0.054727792739868164,
3146,-5.003319263458252,0.05434083938598633,
3147,-5.103834629058838,0.05451536178588867,
3148,-5.069149971008301,0.05609297752380371,
3149,-4.996583461761475,0.0538938045501709,
3150,-5.102813720703125,0.05315399169921875,-0.6553977727890015
3151,-4.866150856018066,0.1260976791381836,
3152,-5.009607315063477,0.05370950698852539,
3153,-5.019001007080078,0.05390429496765137,
3154,-5.004849433898926,0.053968191146850586,
3155,-5.10782527923584,0.05379199981689453,
3156,-5.113147258758545,0.05410313606262207,
3157,-5.236487865447998,0.054947853088378906,
3158,-5.063746452331543,0.05384707450866699,
3159,-4.965746879577637,0.05396890640258789,
3160,-4.963502883911133,0.05412125587463379,-0.4700224995613098
3161,-5.180810451507568,0.12981486320495605,
3162,-5.093897819519043,0.05560708045959473,
3163,-4.970432758331299,0.05496096611022949,
3164,-4.911062240600586,0.05448722839355469,
3165,-4.868964195251465,0.05448627471923828,
3166,-4.939733505249023,0.05427265167236328,
3167,-5.005720138549805,0.05375313758850098,
3168,-5.096236228942871,0.05403280258178711,
3169,-5.058656215667725,0.05366373062133789,
3170,-4.993791103363037,0.05426788330078125,-0.5977061986923218
3171,-5.056741237640381,0.2533073425292969,
3172,-5.027243614196777,0.05495023727416992,
3173,-4.898148536682129,0.05428624153137207,
3174,-4.958497047424316,0.05477643013000488,
3175,-5.021536827087402,0.054616451263427734,
3176,-5.008242607116699,0.05430865287780762,
3177,-5.182787895202637,0.05440998077392578,
3178,-5.205880165100098,0.05454277992248535,
3179,-4.825848579406738,0.05496931076049805,
3180,-5.006385803222656,0.05435442924499512,-0.6046246290206909
3181,-5.097052574157715,0.1271517276763916,
3182,-4.859766483306885,0.05486702919006348,
3183,-4.898825645446777,0.0565946102142334,
3184,-5.044745445251465,0.054094791412353516,
3185,-5.009820938110352,0.05432868003845215,
3186,-5.157447814941406,0.054567813873291016,
3187,-5.050683975219727,0.0551910400390625,
3188,-4.966129779815674,0.05446052551269531,
3189,-5.091793060302734,0.05485248565673828,
3190,-5.027176856994629,0.056084632873535156,-0.5756996870040894
3191,-4.98468017578125,0.12728619575500488,
3192,-5.141529083251953,0.053977012634277344,
3193,-5.0539774894714355,0.05446004867553711,
3194,-5.225892066955566,0.054743051528930664,
3195,-5.083619117736816,0.054441213607788086,
3196,-5.099239826202393,0.054598093032836914,
3197,-5.021877288818359,0.054245948791503906,
3198,-5.043703556060791,0.05459237098693848,
3199,-5.160190105438232,0.054305076599121094,
3200,-5.039190769195557,0.05547523498535156,-0.502634584903717
3201,-4.969474792480469,0.12741804122924805,
3202,-4.946650505065918,0.0543670654296875,
3203,-4.986338138580322,0.054018259048461914,
3204,-5.066030025482178,0.05454087257385254,
3205,-5.004065990447998,0.054788827896118164,
3206,-4.977919578552246,0.0545802116394043,
3207,-5.097762584686279,0.0551607608795166,
3208,-4.882246017456055,0.055825233459472656,
3209,-4.982071399688721,0.055298805236816406,
3210,-5.136875152587891,0.054279327392578125,-0.6874746084213257
3211,-5.128142356872559,0.12530946731567383,
3212,-5.141101360321045,0.05453610420227051,
3213,-5.252870559692383,0.05493927001953125,
3214,-5.138501167297363,0.05412888526916504,
3215,-5.229847431182861,0.05448293685913086,
3216,-5.144350051879883,0.05473899841308594,
3217,-5.073009014129639,0.05472731590270996,
3218,-5.154394149780273,0.05453324317932129,
3219,-5.1430511474609375,0.054619789123535156,
3220,-5.069617748260498,0.054860591888427734,-0.550369381904602
3221,-5.118631839752197,0.12536978721618652,
3222,-5.065520286560059,0.05453205108642578,
3223,-5.101378440856934,0.05486798286437988,
3224,-4.990211486816406,0.055138587951660156,
3225,-4.965329170227051,0.05442547798156738,
3226,-5.064762592315674,0.05472731590270996,
3227,-5.148681640625,0.05514979362487793,
3228,-5.03167200088501,0.0553889274597168,
3229,-5.346095085144043,0.054682254791259766,
3230,-5.201237678527832,0.0549921989440918,-0.6801661252975464
3231,-5.139298915863037,0.12693119049072266,
3232,-5.014706611633301,0.05585503578186035,
3233,-5.078248500823975,0.0546422004699707,
3234,-4.999904632568359,0.05430459976196289,
3235,-5.084324836730957,0.05464982986450195,
3236,-4.912508964538574,0.05449056625366211,
3237,-4.9083123207092285,0.05576157569885254,
3238,-4.980786323547363,0.05453777313232422,
3239,-5.026732921600342,0.05536794662475586,
3240,-4.853292465209961,0.05451607704162598,-0.5777808427810669
3241,-4.97578239440918,0.1243436336517334,
3242,-4.989750862121582,0.05479145050048828,
3243,-5.196122169494629,0.054784297943115234,
3244,-4.937596321105957,0.05393242835998535,
3245,-5.077632904052734,0.054998159408569336,
3246,-5.08804178237915,0.05492734909057617,
3247,-4.998640537261963,0.054147958755493164,
3248,-5.0005998611450195,0.05466413497924805,
3249,-5.060917854309082,0.05495309829711914,
3250,-5.12083625793457,0.054523468017578125,-0.6250693202018738
3251,-4.930952072143555,0.12763214111328125,
3252,-4.9474077224731445,0.054790496826171875,
3253,-5.067853927612305,0.05461478233337402,
3254,-5.051057815551758,0.054483890533447266,
3255,-4.986955642700195,0.05392813682556152,
3256,-4.897538185119629,0.05404782295227051,
3257,-5.0263752937316895,0.054471492767333984,
3258,-4.917760848999023,0.054282188415527344,
3259,-4.919083118438721,0.05449986457824707,
3260,-4.872091770172119,0.0545194149017334,-0.5553921461105347
3261,-5.007938385009766,0.1309211254119873,
3262,-4.883528232574463,0.05431842803955078,
3263,-5.0750322341918945,0.054474830627441406,
3264,-5.020124435424805,0.05432868003845215,
3265,-4.885137557983398,0.05480647087097168,
3266,-5.144606113433838,0.05411648750305176,
3267,-5.003391265869141,0.05466723442077637,
3268,-5.165047645568848,0.05465078353881836,
3269,-5.031620979309082,0.055954694747924805,
3270,-5.125286102294922,0.054529428482055664,-0.6050519943237305
3271,-5.160303115844727,0.1253950595855713,
3272,-5.127657890319824,0.054541826248168945,
3273,-4.9509124755859375,0.05450749397277832,
3274,-4.918778896331787,0.0541379451751709,
3275,-4.977178573608398,0.05432009696960449,
3276,-5.009639263153076,0.05495810508728027,
3277,-5.095980644226074,0.05421733856201172,
3278,-5.132793426513672,0.05747628211975098,
3279,-5.155826568603516,0.05485653877258301,
3280,-4.945370674133301,0.0563349723815918,-0.7473798394203186
3281,-5.0311760902404785,0.1271986961364746,
3282,-5.114032745361328,0.05554509162902832,
3283,-5.234577655792236,0.055008888244628906,
3284,-5.2368316650390625,0.054956912994384766,
3285,-5.121874809265137,0.054947614669799805,
3286,-5.201057434082031,0.05507850646972656,
3287,-5.096736907958984,0.05483412742614746,
3288,-5.030115127563477,0.05481266975402832,
3289,-5.097344398498535,0.05478715896606445,
3290,-5.093713283538818,0.055042266845703125,-0.5736571550369263
3291,-5.099224090576172,0.25306272506713867,
3292,-4.909627914428711,0.05498623847961426,
3293,-4.96605110168457,0.054778337478637695,
3294,-5.080934047698975,0.05415058135986328,
3295,-5.15451717376709,0.05403614044189453,
3296,-5.115717887878418,0.05380988121032715,
3297,-5.227334976196289,0.05517768859863281,
3298,-5.014809608459473,0.05478239059448242,
3299,-5.177944183349609,0.05458688735961914,
3300,-5.3176164627075195,0.05412483215332031,-0.6740872263908386
3301,-5.180323600769043,0.12492632865905762,
3302,-5.052810192108154,0.0544581413269043,
3303,-5.213702201843262,0.05469059944152832,
3304,-5.121563911437988,0.05458950996398926,
3305,-5.277040481567383,0.05509018898010254,
3306,-5.278303623199463,0.05646657943725586,
3307,-5.1099748611450195,0.054962873458862305,
3308,-5.15291690826416,0.05534791946411133,
3309,-5.045129776000977,0.05471014976501465,
3310,-5.088423728942871,0.055310726165771484,-0.5831204056739807
3311,-5.080343246459961,0.12665367126464844,
3312,-5.160202980041504,0.0536646842956543,
3313,-5.213443279266357,0.05437803268432617,
3314,-5.203212261199951,0.05495119094848633,
3315,-5.156605243682861,0.05394291877746582,
3316,-5.153717041015625,0.0540616512298584,
3317,-5.277056694030762,0.055060386657714844,
3318,-5.246801376342773,0.05456352233886719,
3319,-5.185031890869141,0.05576324462890625,
3320,-5.225971698760986,0.054839134216308594,-0.5519276261329651
3321,-5.167051792144775,0.12862038612365723,
3322,-5.228505611419678,0.055243730545043945,
3323,-5.119687080383301,0.0544590950012207,
3324,-5.072479248046875,0.054831504821777344,
3325,-5.036712646484375,0.05529451370239258,
3326,-5.140154838562012,0.05564594268798828,
3327,-5.147743225097656,0.05430030822753906,
3328,-5.130364418029785,0.055121660232543945,
3329,-5.014191627502441,0.05590510368347168,
3330,-5.1594319343566895,0.05394387245178223,-0.5264602899551392
3331,-4.968074798583984,0.12521600723266602,
3332,-5.09824275970459,0.05526852607727051,
3333,-5.268270969390869,0.054892539978027344,
3334,-5.080538749694824,0.053849220275878906,
3335,-5.115359306335449,0.05466628074645996,
3336,-5.13199520111084,0.05432891845703125,
3337,-5.130043029785156,0.05392336845397949,
3338,-4.987336158752441,0.05458664894104004,
3339,-5.120476722717285,0.05504870414733887,
3340,-5.344963550567627,0.05418562889099121,-0.5113009214401245
3341,-5.219071388244629,0.12712335586547852,
3342,-5.018765449523926,0.05463266372680664,
3343,-5.083640098571777,0.05519390106201172,
3344,-5.152204513549805,0.05549144744873047,
3345,-5.259875774383545,0.054804086685180664,
3346,-5.285043716430664,0.05501675605773926,
3347,-5.162139892578125,0.054918527603149414,
3348,-5.19014835357666,0.05508112907409668,
3349,-5.055782318115234,0.05476713180541992,
3350,-5.162713050842285,0.05552840232849121,-0.6086896061897278
3351,-5.241011619567871,0.12961196899414062,
3352,-5.137506484985352,0.054836273193359375,
3353,-4.995340347290039,0.055005788803100586,
3354,-5.1498003005981445,0.05479860305786133,
3355,-5.156245231628418,0.05540728569030762,
3356,-5.094125270843506,0.05557084083557129,
3357,-5.041684150695801,0.05489706993103027,
3358,-5.069976806640625,0.0549778938293457,
3359,-5.061413288116455,0.05504608154296875,
3360,-5.008612632751465,0.05556821823120117,-0.6814363598823547
3361,-5.293087959289551,0.12615251541137695,
3362,-5.229036331176758,0.05479860305786133,
3363,-5.185719013214111,0.05533957481384277,
3364,-5.283839225769043,0.0549924373626709,
3365,-5.145136833190918,0.0543522834777832,
3366,-5.041804313659668,0.055031776428222656,
3367,-5.168061256408691,0.05512881278991699,
3368,-5.133551597595215,0.05419206619262695,
3369,-5.287781715393066,0.0547332763671875,
3370,-5.317198276519775,0.05470466613769531,-0.6398267149925232
3371,-5.2079668045043945,0.12604641914367676,
3372,-5.113777160644531,0.0548703670501709,
3373,-5.109952449798584,0.05490303039550781,
3374,-5.0938639640808105,0.05493450164794922,
3375,-5.089329242706299,0.05549144744873047,
3376,-5.028090953826904,0.05429887771606445,
3377,-4.999380111694336,0.05467939376831055,
3378,-5.1172637939453125,0.05538153648376465,
3379,-5.260556221008301,0.05442166328430176,
3380,-4.978034019470215,0.05423092842102051,-0.7322998642921448
3381,-5.016755104064941,0.12600398063659668,
3382,-5.1514081954956055,0.05439591407775879,
3383,-5.12528657913208,0.05460381507873535,
3384,-5.050632953643799,0.054766178131103516,
3385,-5.026721000671387,0.05417323112487793,
3386,-5.105576038360596,0.05406928062438965,
3387,-5.011934280395508,0.0548403263092041,
3388,-5.024627685546875,0.054868221282958984,
3389,-5.213008403778076,0.055025577545166016,
3390,-5.248508930206299,0.05488944053649902,-0.6637110710144043
3391,-5.174552917480469,0.12506890296936035,
3392,-5.094847679138184,0.055606842041015625,
3393,-5.287833213806152,0.05530381202697754,
3394,-5.1192522048950195,0.055094242095947266,
3395,-5.26753044128418,0.0543522834777832,
3396,-5.026884078979492,0.05493783950805664,
3397,-5.133719444274902,0.056021690368652344,
3398,-5.176365852355957,0.054967403411865234,
3399,-5.089744567871094,0.05495119094848633,
3400,-5.285813808441162,0.05492091178894043,-0.6619056463241577
3401,-5.118808269500732,0.12587976455688477,
3402,-5.077468395233154,0.05402565002441406,
3403,-5.061575889587402,0.05497264862060547,
3404,-5.081791877746582,0.055197715759277344,
3405,-5.173516750335693,0.05487966537475586,
3406,-4.989415168762207,0.0544438362121582,
3407,-5.1168904304504395,0.054132699966430664,
3408,-5.223123550415039,0.05434441566467285,
3409,-4.985567092895508,0.053938865661621094,
3410,-5.069081783294678,0.05491447448730469,-0.5634773969650269
3411,-5.1726531982421875,0.12832236289978027,
3412,-5.098539352416992,0.054388999938964844,
3413,-5.019268989562988,0.05482673645019531,
3414,-4.9471116065979,0.05442094802856445,
3415,-5.1591796875,0.05448317527770996,
3416,-5.15427303314209,0.05469489097595215,
3417,-5.000394821166992,0.05429410934448242,
3418,-4.902050018310547,0.05446648597717285,
3419,-5.019463539123535,0.05547475814819336,
3420,-4.979741096496582,0.05487251281738281,-0.45121151208877563
3421,-4.920909881591797,0.2564537525177002,
3422,-5.042847633361816,0.05444478988647461,
3423,-5.1321916580200195,0.054628610610961914,
3424,-5.170533657073975,0.05501508712768555,
3425,-5.238254547119141,0.054837703704833984,
3426,-5.036667823791504,0.055091142654418945,
3427,-5.214283466339111,0.0553739070892334,
3428,-5.205248832702637,0.05464029312133789,
3429,-5.274163246154785,0.05458855628967285,
3430,-5.218781471252441,0.05498647689819336,-0.5591377019882202
3431,-5.074120998382568,0.1259622573852539,
3432,-5.052883625030518,0.054071903228759766,
3433,-5.113761901855469,0.05436539649963379,
3434,-5.104677677154541,0.054439544677734375,
3435,-5.085113048553467,0.054062604904174805,
3436,-5.092577934265137,0.05424904823303223,
3437,-4.975409507751465,0.054698944091796875,
3438,-5.166604995727539,0.054685354232788086,
3439,-5.077699184417725,0.054923057556152344,
3440,-4.959254741668701,0.055248260498046875,-0.6296893358230591
3441,-5.137171745300293,0.12958550453186035,
3442,-5.108768939971924,0.05498218536376953,
3443,-5.208724021911621,0.054715633392333984,
3444,-4.97750997543335,0.0543520450592041,
3445,-5.141062259674072,0.054865360260009766,
3446,-5.0802001953125,0.0548853874206543,
3447,-5.166889190673828,0.0547335147857666,
3448,-5.144612789154053,0.054944753646850586,
3449,-5.070278167724609,0.0544741153717041,
3450,-5.002915859222412,0.053731679916381836,-0.4184778034687042
3451,-5.078210830688477,0.12593770027160645,
3452,-5.230935096740723,0.05466747283935547,
3453,-5.399894714355469,0.05421113967895508,
3454,-5.2013092041015625,0.055451393127441406,
3455,-5.1523542404174805,0.05434703826904297,
3456,-5.198363780975342,0.0550999641418457,
3457,-5.160952568054199,0.05486249923706055,
3458,-5.135205268859863,0.05439138412475586,
3459,-5.170223236083984,0.05429959297180176,
3460,-5.216694355010986,0.05501604080200195,-0.5387614369392395
3461,-5.115299224853516,0.1251049041748047,
3462,-5.175354480743408,0.05427289009094238,
3463,-5.2271013259887695,0.05526328086853027,
3464,-5.117617607116699,0.05603480339050293,
3465,-5.078979969024658,0.054746389389038086,
3466,-5.2682366371154785,0.05542755126953125,
3467,-5.107675552368164,0.05510878562927246,
3468,-5.285654067993164,0.05568695068359375,
3469,-5.121440887451172,0.054708242416381836,
3470,-5.399288177490234,0.05520296096801758,-0.6092849969863892
3471,-5.154223918914795,0.12626957893371582,
3472,-5.175268173217773,0.054459571838378906,
3473,-5.267684459686279,0.05446171760559082,
3474,-5.175538063049316,0.05463743209838867,
3475,-5.119234561920166,0.05460500717163086,
3476,-5.293144226074219,0.05453681945800781,
3477,-5.320489406585693,0.05442523956298828,
3478,-5.1939544677734375,0.054718017578125,
3479,-5.055661201477051,0.05560755729675293,
3480,-5.049570083618164,0.054411888122558594,-0.5676593780517578
3481,-5.30202579498291,0.12626314163208008,
3482,-5.253909111022949,0.055327653884887695,
3483,-5.234055519104004,0.05526471138000488,
3484,-5.196292877197266,0.05498051643371582,
3485,-5.194210052490234,0.05480480194091797,
3486,-5.324336528778076,0.05637049674987793,
3487,-4.993381977081299,0.05531024932861328,
3488,-5.074528694152832,0.05384659767150879,
3489,-5.08787727355957,0.054283857345581055,
3490,-5.075984477996826,0.05458188056945801,-0.6676669716835022
3491,-5.025928020477295,0.12476825714111328,
3492,-5.182554721832275,0.0542912483215332,
3493,-5.206643104553223,0.054726362228393555,
3494,-5.04166316986084,0.05466055870056152,
3495,-5.29089879989624,0.05444145202636719,
3496,-5.284383296966553,0.05515623092651367,
3497,-5.3592071533203125,0.05494880676269531,
3498,-5.276784420013428,0.05611109733581543,
3499,-5.264129638671875,0.054404497146606445,
3500,-5.195347785949707,0.05459880828857422,-0.6666183471679688
3501,-5.346718788146973,0.1252577304840088,
3502,-5.241792678833008,0.055342912673950195,
3503,-5.176576614379883,0.054322242736816406,
3504,-5.174903869628906,0.054657697677612305,
3505,-5.35612678527832,0.05440068244934082,
3506,-5.140851974487305,0.05445265769958496,
3507,-5.147279739379883,0.0543668270111084,
3508,-5.119450569152832,0.05463671684265137,
3509,-5.296375274658203,0.0566408634185791,
3510,-5.122935771942139,0.05479860305786133,-0.5445370078086853
3511,-5.27903413772583,0.13163304328918457,
3512,-5.468700885772705,0.05463862419128418,
3513,-5.282862663269043,0.05467104911804199,
3514,-5.396097183227539,0.05482029914855957,
3515,-5.227756023406982,0.05527806282043457,
3516,-5.091845512390137,0.0548100471496582,
3517,-5.2826762199401855,0.055005788803100586,
3518,-5.440536975860596,0.055806636810302734,
3519,-5.232471942901611,0.05472445487976074,
3520,-5.157529830932617,0.05467486381530762,-0.6274349689483643
3521,-5.14939546585083,0.12638545036315918,
3522,-5.213527679443359,0.05409550666809082,
3523,-5.121120929718018,0.054697275161743164,
3524,-5.173116683959961,0.05505180358886719,
3525,-5.056988716125488,0.05568361282348633,
3526,-4.9678778648376465,0.05479693412780762,
3527,-5.0898637771606445,0.05489468574523926,
3528,-4.789648532867432,0.05493974685668945,
3529,-4.9403395652771,0.05438351631164551,
3530,-4.936684608459473,0.05473732948303223,-0.5924937129020691
3531,-5.04170036315918,0.12597274780273438,
3532,-5.283904075622559,0.054721832275390625,
3533,-5.213114261627197,0.05515909194946289,
3534,-5.1151533126831055,0.054483652114868164,
3535,-5.292318820953369,0.054904937744140625,
3536,-5.356199264526367,0.056060791015625,
3537,-5.2078857421875,0.054273128509521484,
3538,-5.249213218688965,0.05473494529724121,
3539,-5.390618324279785,0.05424761772155762,
3540,-5.129753112792969,0.05456733703613281,-0.6396309733390808
3541,-5.092845439910889,0.2513575553894043,
3542,-5.234976768493652,0.0547785758972168,
3543,-5.342487812042236,0.05436062812805176,
3544,-5.2558112144470215,0.05406618118286133,
3545,-5.35259485244751,0.054099321365356445,
3546,-5.46673583984375,0.0545651912689209,
3547,-5.1729254722595215,0.054926156997680664,
3548,-5.332562446594238,0.055573225021362305,
3549,-5.174191474914551,0.05480241775512695,
3550,-5.224346160888672,0.05578279495239258,-0.5414867997169495
3551,-5.216555118560791,0.1268010139465332,
3552,-5.422682762145996,0.05405592918395996,
3553,-5.205530166625977,0.0546722412109375,
3554,-5.253349304199219,0.05448174476623535,
3555,-5.1187849044799805,0.05443239212036133,
3556,-5.168689727783203,0.05446314811706543,
3557,-5.238868713378906,0.05445075035095215,
3558,-5.2829670906066895,0.05439352989196777,
3559,-5.4449462890625,0.05435609817504883,
3560,-5.432242393493652,0.05447554588317871,-0.4651269316673279
3561,-5.322673797607422,0.1259007453918457,
3562,-5.425998687744141,0.053560733795166016,
3563,-5.308977127075195,0.05389094352722168,
3564,-5.278372287750244,0.05450153350830078,
3565,-5.351527214050293,0.05477166175842285,
3566,-5.442368030548096,0.05482220649719238,
3567,-5.324037551879883,0.05505108833312988,
3568,-5.258944511413574,0.054778337478637695,
3569,-5.10759162902832,0.0547482967376709,
3570,-5.315372467041016,0.0551609992980957,-0.7449994683265686
3571,-5.190566062927246,0.12488126754760742,
3572,-5.24298620223999,0.05416297912597656,
3573,-5.293146133422852,0.05401968955993652,
3574,-5.279693603515625,0.054685354232788086,
3575,-5.278603553771973,0.054872989654541016,
3576,-5.258099555969238,0.05445146560668945,
3577,-5.069730281829834,0.05478072166442871,
3578,-5.0689697265625,0.05467677116394043,
3579,-5.2381086349487305,0.055312156677246094,
3580,-5.233036994934082,0.0542604923248291,-0.5055990219116211
3581,-5.302594184875488,0.1258533000946045,
3582,-5.278198719024658,0.054601192474365234,
3583,-5.2789835929870605,0.05493354797363281,
3584,-5.236914157867432,0.0540468692779541,
3585,-5.229861259460449,0.054460763931274414,
3586,-5.219968795776367,0.054514408111572266,
3587,-5.233713150024414,0.05458688735961914,
3588,-5.224704742431641,0.05433225631713867,
3589,-5.396732330322266,0.054444074630737305,
3590,-5.315648555755615,0.055007219314575195,-0.6583236455917358
3591,-5.199187278747559,0.12627196311950684,
3592,-5.337390899658203,0.05417680740356445,
3593,-5.262009620666504,0.054680824279785156,
3594,-5.086042404174805,0.05467104911804199,
3595,-5.311640739440918,0.05410027503967285,
3596,-5.452785968780518,0.054511308670043945,
3597,-5.303820610046387,0.05462956428527832,
3598,-5.291093349456787,0.05442166328430176,
3599,-5.096811294555664,0.0544281005859375,
3600,-5.182402610778809,0.05461931228637695,-0.5952968001365662
3601,-5.2606611251831055,0.12681126594543457,
3602,-5.278291702270508,0.05397605895996094,
3603,-5.349423408508301,0.05442047119140625,
3604,-5.172365665435791,0.05587577819824219,
3605,-5.242158889770508,0.05469250679016113,
3606,-5.269526481628418,0.05425620079040527,
3607,-5.310365676879883,0.054872989654541016,
3608,-5.253366947174072,0.05501270294189453,
3609,-5.390874862670898,0.05474591255187988,
3610,-5.204821586608887,0.054375410079956055,-0.6548166275024414
3611,-5.320758819580078,0.12564492225646973,
3612,-5.372231483459473,0.0549168586730957,
3613,-5.244082450866699,0.055226802825927734,
3614,-5.179298400878906,0.05463433265686035,
3615,-5.379931449890137,0.05449342727661133,
3616,-5.323151111602783,0.054811954498291016,
3617,-5.294404029846191,0.053906917572021484,
3618,-5.21387243270874,0.05451798439025879,
3619,-5.29829740524292,0.054671287536621094,
3620,-5.290291786193848,0.05485653877258301,-0.6043528914451599
3621,-5.125016212463379,0.1258835792541504,
3622,-5.179397106170654,0.05440950393676758,
3623,-5.425289630889893,0.05371999740600586,
3624,-5.275641441345215,0.0547487735748291,
3625,-5.158740043640137,0.05421280860900879,
3626,-5.443525791168213,0.05414462089538574,
3627,-5.345615386962891,0.054250240325927734,
3628,-5.201127052307129,0.05386042594909668,
3629,-5.2867045402526855,0.05482912063598633,
3630,-5.238798141479492,0.054688215255737305,-0.5388966798782349
3631,-5.332548141479492,0.12566828727722168,
3632,-5.3100056648254395,0.05631256103515625,
3633,-5.222947597503662,0.05449056625366211,
3634,-4.926140785217285,0.05468869209289551,
3635,-4.932407379150391,0.05469822883605957,
3636,-5.165343761444092,0.05411100387573242,
3637,-5.247547626495361,0.056914567947387695,
3638,-5.257109642028809,0.05499672889709473,
3639,-5.273942947387695,0.05560803413391113,
3640,-5.295005798339844,0.055661678314208984,-0.5798774361610413
3641,-5.37960958480835,0.1247091293334961,
3642,-5.406647205352783,0.05536222457885742,
3643,-5.317394256591797,0.05452990531921387,
3644,-5.255414962768555,0.05432271957397461,
3645,-5.200750350952148,0.05521130561828613,
3646,-5.333967208862305,0.05507016181945801,
3647,-5.284607887268066,0.054796695709228516,
3648,-5.392853736877441,0.05540871620178223,
3649,-5.314277172088623,0.054594993591308594,
3650,-5.360438346862793,0.05440568923950195,-0.5168095827102661
3651,-5.355405807495117,0.13024115562438965,
3652,-5.366989612579346,0.05392909049987793,
3653,-5.3003997802734375,0.05359482765197754,
3654,-5.347596168518066,0.053626060485839844,
3655,-5.407316207885742,0.053331613540649414,
3656,-5.3013505935668945,0.05364418029785156,
3657,-5.400650978088379,0.05365800857543945,
3658,-5.338943004608154,0.05415225028991699,
3659,-5.329990863800049,0.05480337142944336,
3660,-5.234572410583496,0.054804325103759766,-0.6384754776954651
3661,-5.2660980224609375,0.2482776641845703,
3662,-5.381982803344727,0.05414867401123047,
3663,-5.413060665130615,0.05415797233581543,
3664,-5.266372203826904,0.05399131774902344,
3665,-5.246152877807617,0.05409741401672363,
3666,-5.301580429077148,0.05454707145690918,
3667,-5.354915618896484,0.05509018898010254,
3668,-5.344795227050781,0.054296016693115234,
3669,-5.494785308837891,0.054696083068847656,
3670,-5.322539806365967,0.054358482360839844,-0.5834976434707642
3671,-5.445646286010742,0.12726235389709473,
3672,-5.4393310546875,0.054525136947631836,
3673,-5.311142921447754,0.05462026596069336,
3674,-5.191895484924316,0.0542759895324707,
3675,-5.078592300415039,0.0548703670501709,
3676,-5.124996185302734,0.05501842498779297,
3677,-5.230240821838379,0.054746150970458984,
3678,-5.232048511505127,0.054750919342041016,
3679,-5.085530757904053,0.054144859313964844,
3680,-5.227545738220215,0.054631948471069336,-0.4629778563976288
3681,-5.216268539428711,0.12702226638793945,
3682,-5.233275890350342,0.054032325744628906,
3683,-5.200653076171875,0.05382537841796875,
3684,-5.324540615081787,0.0540773868560791,
3685,-5.186646461486816,0.05425620079040527,
3686,-5.33762788772583,0.0552210807800293,
3687,-5.376197814941406,0.05463767051696777,
3688,-5.357944488525391,0.05437755584716797,
3689,-5.329083442687988,0.05419731140136719,
3690,-5.420064926147461,0.05398988723754883,-0.5572466850280762
3691,-5.3537445068359375,0.12459659576416016,
3692,-5.421119213104248,0.05449962615966797,
3693,-5.444396018981934,0.054538726806640625,
3694,-5.424644470214844,0.05419468879699707,
3695,-5.614742279052734,0.05454087257385254,
3696,-5.3272247314453125,0.0549473762512207,
3697,-5.250515460968018,0.05406451225280762,
3698,-5.4316277503967285,0.0545499324798584,
3699,-5.5304179191589355,0.05455493927001953,
3700,-5.292402267456055,0.05428266525268555,-0.528255820274353
3701,-5.383275985717773,0.12468814849853516,
3702,-5.599738597869873,0.054433584213256836,
3703,-5.496277809143066,0.05446672439575195,
3704,-5.394454002380371,0.05426144599914551,
3705,-5.4906005859375,0.05439615249633789,
3706,-5.239814758300781,0.05533790588378906,
3707,-5.289271354675293,0.056047916412353516,
3708,-5.3036274909973145,0.055681467056274414,
3709,-5.191532611846924,0.05575704574584961,
3710,-5.060685157775879,0.0542452335357666,-0.5730172395706177
3711,-5.14918327331543,0.12665534019470215,
3712,-5.297077178955078,0.05376696586608887,
3713,-5.077366828918457,0.05459284782409668,
3714,-5.036581993103027,0.05464577674865723,
3715,-5.048103332519531,0.054619789123535156,
3716,-5.213489532470703,0.05412125587463379,
3717,-4.997101306915283,0.05449938774108887,
3718,-5.074786186218262,0.054515838623046875,
3719,-5.172760009765625,0.054212331771850586,
3720,-5.285869121551514,0.054357290267944336,-0.5154740214347839
3721,-5.100197792053223,0.1269514560699463,
3722,-5.148675918579102,0.05459427833557129,
3723,-5.197935104370117,0.05464053153991699,
3724,-5.181866645812988,0.055976152420043945,
3725,-5.544628143310547,0.054715871810913086,
3726,-5.45906925201416,0.054769277572631836,
3727,-5.299318313598633,0.05496096611022949,
3728,-5.517829895019531,0.0550084114074707,
3729,-5.415022850036621,0.05595755577087402,
3730,-5.325074195861816,0.054619550704956055,-0.54367595911026
3731,-5.318694114685059,0.12610268592834473,
3732,-5.201869487762451,0.05455946922302246,
3733,-5.221247673034668,0.05453896522521973,
3734,-5.3673810958862305,0.054361820220947266,
3735,-5.363471984863281,0.054380178451538086,
3736,-5.238924026489258,0.05438804626464844,
3737,-5.33338737487793,0.0544583797454834,
3738,-5.159065246582031,0.05498027801513672,
3739,-5.180550575256348,0.0549161434173584,
3740,-5.4849772453308105,0.05473470687866211,-0.5120305418968201
3741,-5.376779556274414,0.1257615089416504,
3742,-5.287324905395508,0.054468631744384766,
3743,-5.196176528930664,0.054831504821777344,
3744,-5.349625587463379,0.05502510070800781,
3745,-5.147195339202881,0.05571579933166504,
3746,-5.406564235687256,0.05422329902648926,
3747,-5.223247528076172,0.054978132247924805,
3748,-5.313691139221191,0.054952144622802734,
3749,-5.240715980529785,0.054224252700805664,
3750,-5.328073501586914,0.05524182319641113,-0.5215524435043335
3751,-5.373629570007324,0.12580323219299316,
3752,-5.405705451965332,0.055287837982177734,
3753,-5.175581932067871,0.05488991737365723,
3754,-5.406827449798584,0.05493593215942383,
3755,-5.353737831115723,0.05493354797363281,
3756,-5.345510482788086,0.05494976043701172,
3757,-5.430109024047852,0.0552523136138916,
3758,-5.380179405212402,0.055335283279418945,
3759,-5.1832275390625,0.054961204528808594,
3760,-5.256777763366699,0.05406475067138672,-0.4055895507335663
3761,-5.385058879852295,0.12662649154663086,
3762,-5.416803359985352,0.05451560020446777,
3763,-5.309055328369141,0.05585050582885742,
3764,-5.313849925994873,0.055515289306640625,
3765,-5.291713237762451,0.05438494682312012,
3766,-5.289839744567871,0.05460309982299805,
3767,-5.198317527770996,0.05511736869812012,
3768,-5.323850631713867,0.05409073829650879,
3769,-5.4582600593566895,0.05552554130554199,
3770,-5.315720558166504,0.05495882034301758,-0.5261518359184265
3771,-5.3697829246521,0.12691473960876465,
3772,-5.414969444274902,0.05418992042541504,
3773,-5.448687553405762,0.05478858947753906,
3774,-5.268209457397461,0.05494570732116699,
3775,-5.323329448699951,0.05519556999206543,
3776,-5.376473426818848,0.054834842681884766,
3777,-5.536501884460449,0.0547480583190918,
3778,-5.39340877532959,0.05478191375732422,
3779,-5.316512584686279,0.05436134338378906,
3780,-5.366177558898926,0.05440998077392578,-0.5642180442810059
3781,-5.538734436035156,0.12536883354187012,
3782,-5.588757038116455,0.05455279350280762,
3783,-5.332028388977051,0.05474424362182617,
3784,-5.497933387756348,0.05485415458679199,
3785,-5.500261306762695,0.05505871772766113,
3786,-5.452936172485352,0.05496931076049805,
3787,-5.45417594909668,0.0551145076751709,
3788,-5.444100856781006,0.05508852005004883,
3789,-5.629682540893555,0.054932594299316406,
3790,-5.349815368652344,0.054900169372558594,-0.5385712385177612
3791,-5.33698844909668,0.25491786003112793,
3792,-5.3809943199157715,0.054173946380615234,
3793,-5.6170654296875,0.05566072463989258,
3794,-5.419267654418945,0.055854082107543945,
3795,-5.241019248962402,0.05422544479370117,
3796,-5.4888916015625,0.054607391357421875,
3797,-5.673342704772949,0.05540060997009277,
3798,-5.558475971221924,0.05382871627807617,
3799,-5.343687057495117,0.05443310737609863,
3800,-5.347728729248047,0.05450296401977539,-0.46353504061698914
3801,-5.312503814697266,0.12913799285888672,
3802,-5.316688060760498,0.05421328544616699,
3803,-5.473568916320801,0.054442644119262695,
3804,-5.449774742126465,0.05470752716064453,
3805,-5.428613185882568,0.05457282066345215,
3806,-5.392922878265381,0.054117441177368164,
3807,-5.294009208679199,0.054547786712646484,
3808,-5.3952484130859375,0.05486750602722168,
3809,-5.234895706176758,0.05412769317626953,
3810,-5.176069259643555,0.05444598197937012,-0.6394420862197876
3811,-5.394876480102539,0.12640070915222168,
3812,-5.377267360687256,0.054503440856933594,
3813,-5.392692565917969,0.05474042892456055,
3814,-5.303597927093506,0.05477738380432129,
3815,-5.380670070648193,0.05447697639465332,
3816,-5.393712997436523,0.054892778396606445,
3817,-5.521300315856934,0.05398201942443848,
3818,-5.474770545959473,0.05406951904296875,
3819,-5.368382453918457,0.05421757698059082,
3820,-5.360496520996094,0.05393719673156738,-0.6486735939979553
3821,-5.367718696594238,0.12518668174743652,
3822,-5.354808330535889,0.054930686950683594,
3823,-5.5346150398254395,0.05649447441101074,
3824,-5.385077476501465,0.054483652114868164,
3825,-5.297397136688232,0.0545651912689209,
3826,-5.4082207679748535,0.05506610870361328,
3827,-5.424110412597656,0.05468034744262695,
3828,-5.385351181030273,0.054125070571899414,
3829,-5.3155131340026855,0.054384708404541016,
3830,-5.418614864349365,0.05415987968444824,-0.5181369185447693
3831,-5.286299705505371,0.12445712089538574,
3832,-5.237968444824219,0.05467104911804199,
3833,-5.42120885848999,0.05507850646972656,
3834,-5.275460720062256,0.05480623245239258,
3835,-5.315814018249512,0.054453134536743164,
3836,-5.234411239624023,0.05487680435180664,
3837,-5.441212177276611,0.05567455291748047,
3838,-5.366086483001709,0.05415487289428711,
3839,-5.184733867645264,0.05497908592224121,
3840,-5.2842698097229,0.05490756034851074,-0.5862107276916504
3841,-5.336706161499023,0.12549448013305664,
3842,-5.259949684143066,0.054119110107421875,
3843,-5.4025726318359375,0.05437183380126953,
3844,-5.180723190307617,0.05458259582519531,
3845,-5.324934959411621,0.05475163459777832,
3846,-5.190691947937012,0.054386138916015625,
3847,-5.3299055099487305,0.054726600646972656,
3848,-5.329297065734863,0.0553739070892334,
3849,-5.562325477600098,0.05399489402770996,
3850,-5.33575439453125,0.05417227745056152,-0.7586125135421753
3851,-5.208232879638672,0.12595152854919434,
3852,-5.166697978973389,0.054978132247924805,
3853,-5.324524879455566,0.05439114570617676,
3854,-5.256137371063232,0.05450129508972168,
3855,-5.298966884613037,0.05422210693359375,
3856,-5.278616905212402,0.05466198921203613,
3857,-5.227185249328613,0.054114580154418945,
3858,-5.278293132781982,0.05400991439819336,
3859,-5.312240123748779,0.05478239059448242,
3860,-5.442695617675781,0.05576825141906738,-0.5779312252998352
3861,-5.420461654663086,0.12494325637817383,
3862,-5.338412284851074,0.05440473556518555,
3863,-5.125644683837891,0.055165767669677734,
3864,-5.3297648429870605,0.054312944412231445,
3865,-5.357795715332031,0.05484485626220703,
3866,-5.181981086730957,0.05461835861206055,
3867,-5.256034851074219,0.05444931983947754,
3868,-5.255173683166504,0.05476546287536621,
3869,-5.3554253578186035,0.05502176284790039,
3870,-5.275448799133301,0.05490231513977051,-0.6229578852653503
3871,-5.465088844299316,0.12389802932739258,
3872,-5.443480968475342,0.054529428482055664,
3873,-5.258792400360107,0.05450844764709473,
3874,-5.283276081085205,0.05437755584716797,
3875,-5.302038192749023,0.054251909255981445,
3876,-5.331238269805908,0.05466198921203613,
3877,-5.238414764404297,0.05504298210144043,
3878,-5.233907699584961,0.05450177192687988,
3879,-5.36091947555542,0.055498600006103516,
3880,-5.166194438934326,0.054262399673461914,-0.42006099224090576
3881,-5.2589216232299805,0.12732887268066406,
3882,-5.243509292602539,0.05449342727661133,
3883,-5.255573272705078,0.05480504035949707,
3884,-5.4096269607543945,0.05486607551574707,
3885,-5.361685752868652,0.05478811264038086,
3886,-5.529432773590088,0.05416059494018555,
3887,-5.379367828369141,0.05457115173339844,
3888,-5.443197250366211,0.05510854721069336,
3889,-5.5029616355896,0.05427670478820801,
3890,-5.326354026794434,0.05420231819152832,-0.6434844732284546
3891,-5.432640075683594,0.12592315673828125,
3892,-5.415236473083496,0.05556011199951172,
3893,-5.368961334228516,0.05405259132385254,
3894,-5.3670806884765625,0.05440115928649902,
3895,-5.499995231628418,0.05554008483886719,
3896,-5.534763813018799,0.05437970161437988,
3897,-5.44610071182251,0.05454707145690918,
3898,-5.451915740966797,0.05484485626220703,
3899,-5.615424156188965,0.05492424964904785,
3900,-5.573408126831055,0.0539703369140625,-0.5694215893745422
3901,-5.487730979919434,0.12816500663757324,
3902,-5.500779628753662,0.0556185245513916,
3903,-5.455317974090576,0.05552792549133301,
3904,-5.376927375793457,0.05628252029418945,
3905,-5.362213134765625,0.054335832595825195,
3906,-5.457396984100342,0.054639339447021484,
3907,-5.620319366455078,0.0560758113861084,
3908,-5.382101058959961,0.05440163612365723,
3909,-5.4684553146362305,0.05516982078552246,
3910,-5.277431964874268,0.055011749267578125,-0.5559028387069702
3911,-5.379481315612793,0.24959826469421387,
3912,-5.3855390548706055,0.054428815841674805,
3913,-5.352419853210449,0.05584836006164551,
3914,-5.377740383148193,0.055573225021362305,
3915,-5.2802348136901855,0.053673505783081055,
3916,-5.4476118087768555,0.05443000793457031,
3917,-5.450597763061523,0.05484628677368164,
3918,-5.360905647277832,0.05508089065551758,
3919,-5.257659435272217,0.05482983589172363,
3920,-5.359789848327637,0.05498838424682617,-0.49190664291381836
3921,-5.259565353393555,0.12564396858215332,
3922,-5.3623199462890625,0.054564476013183594,
3923,-5.533000946044922,0.05435514450073242,
3924,-5.585115909576416,0.05613136291503906,
3925,-5.314984321594238,0.05461859703063965,
3926,-5.281496524810791,0.05496716499328613,
3927,-5.188418388366699,0.05421018600463867,
3928,-5.376285076141357,0.054574012756347656,
3929,-5.455699920654297,0.05485796928405762,
3930,-5.505465507507324,0.05434823036193848,-0.42142146825790405
3931,-5.440998554229736,0.12492799758911133,
3932,-5.288275718688965,0.05454897880554199,
3933,-5.428652763366699,0.0549163818359375,
3934,-5.47358512878418,0.05522656440734863,
3935,-5.264644622802734,0.05493426322937012,
3936,-5.412538528442383,0.054938316345214844,
3937,-5.272283554077148,0.0551602840423584,
3938,-5.253674507141113,0.05466103553771973,
3939,-5.326650619506836,0.05470728874206543,
3940,-5.31462287902832,0.05523324012756348,-0.588047981262207
3941,-5.313029766082764,0.12503981590270996,
3942,-5.275060653686523,0.05594658851623535,
3943,-5.3578996658325195,0.055316925048828125,
3944,-5.310098648071289,0.05541682243347168,
3945,-5.4603376388549805,0.054472923278808594,
3946,-5.543267250061035,0.054816246032714844,
3947,-5.557003974914551,0.05480027198791504,
3948,-5.446810722351074,0.0541386604309082,
3949,-5.458251476287842,0.05462837219238281,
3950,-5.374524116516113,0.05428600311279297,-0.5136264562606812
3951,-5.340242385864258,0.12812566757202148,
3952,-5.251916408538818,0.054274797439575195,
3953,-5.456315040588379,0.05436372756958008,
3954,-5.205605983734131,0.05565214157104492,
3955,-5.132369041442871,0.05480790138244629,
3956,-5.28922176361084,0.0550694465637207,
3957,-5.478793144226074,0.05408906936645508,
3958,-5.426324844360352,0.054103851318359375,
3959,-5.36679744720459,0.05654001235961914,
3960,-5.501190185546875,0.05408525466918945,-0.5425387024879456
3961,-5.255393981933594,0.12449240684509277,
3962,-5.546884059906006,0.05402421951293945,
3963,-5.486124515533447,0.054303646087646484,
3964,-5.5200514793396,0.054030418395996094,
3965,-5.557109832763672,0.0544123649597168,
3966,-5.457176208496094,0.05450916290283203,
3967,-5.340453147888184,0.054351806640625,
3968,-5.379112243652344,0.05425572395324707,
3969,-5.260547161102295,0.054296255111694336,
3970,-5.409879684448242,0.05446219444274902,-0.693902313709259
3971,-5.282557487487793,0.12436652183532715,
3972,-5.407843112945557,0.054167747497558594,
3973,-5.349456787109375,0.05466628074645996,
3974,-5.435689926147461,0.05460548400878906,
3975,-5.376032829284668,0.05517244338989258,
3976,-5.274172782897949,0.05512237548828125,
3977,-5.416773319244385,0.054702043533325195,
3978,-5.418237686157227,0.05420732498168945,
3979,-5.4916815757751465,0.05541491508483887,
3980,-5.465183258056641,0.054570674896240234,-0.6310555338859558
3981,-5.307869911193848,0.1267702579498291,
3982,-5.38230037689209,0.054608821868896484,
3983,-5.338010787963867,0.05435919761657715,
3984,-5.431849479675293,0.054561614990234375,
3985,-5.479254245758057,0.05411553382873535,
3986,-5.5552978515625,0.05416607856750488,
3987,-5.424563884735107,0.05428338050842285,
3988,-5.337935447692871,0.05436396598815918,
3989,-5.486034393310547,0.054353952407836914,
3990,-5.438000679016113,0.05473470687866211,-0.5861878991127014
3991,-5.369063854217529,0.1312730312347412,
3992,-5.440765380859375,0.05488896369934082,
3993,-5.647406101226807,0.05419349670410156,
3994,-5.332813739776611,0.05458188056945801,
3995,-5.465615272521973,0.0542755126953125,
3996,-5.575283527374268,0.054414987564086914,
3997,-5.313461780548096,0.05400872230529785,
3998,-5.50893497467041,0.05416512489318848,
3999,-5.47047758102417,0.05454611778259277,
4000,-5.473110675811768,0.05390572547912598,-0.5744043588638306
4001,-5.417276859283447,0.12485218048095703,
4002,-5.481454372406006,0.05489349365234375,
4003,-5.3363823890686035,0.05534482002258301,
4004,-5.668831825256348,0.05425405502319336,
4005,-5.5409932136535645,0.05487346649169922,
4006,-5.517055988311768,0.05481529235839844,
4007,-5.636505603790283,0.057601213455200195,
4008,-5.4672346115112305,0.05525708198547363,
4009,-5.488340377807617,0.05437803268432617,
4010,-5.361102104187012,0.0543971061706543,-0.6394920349121094
4011,-5.452730655670166,0.12573528289794922,
4012,-5.481287002563477,0.05459737777709961,
4013,-5.355046272277832,0.0547029972076416,
4014,-5.31752347946167,0.05494999885559082,
4015,-5.379692554473877,0.05408024787902832,
4016,-5.391554355621338,0.05461931228637695,
4017,-5.384633541107178,0.05478405952453613,
4018,-5.577263832092285,0.05491995811462402,
4019,-5.3195929527282715,0.05464959144592285,
4020,-5.400768756866455,0.054763078689575195,-0.5401034355163574
4021,-5.359704971313477,0.1252884864807129,
4022,-5.525299072265625,0.054368019104003906,
4023,-5.50250768661499,0.054317474365234375,
4024,-5.610342025756836,0.05449414253234863,
4025,-5.480195045471191,0.05483698844909668,
4026,-5.671741485595703,0.05404925346374512,
4027,-5.4667205810546875,0.05444622039794922,
4028,-5.467454433441162,0.05453896522521973,
4029,-5.471732139587402,0.05453777313232422,
4030,-5.395110130310059,0.05457949638366699,-0.6930258274078369
4031,-5.500858306884766,0.2497997283935547,
4032,-5.345372200012207,0.055082082748413086,
4033,-5.3978271484375,0.054540395736694336,
4034,-5.51992130279541,0.05438232421875,
4035,-5.499053955078125,0.05477142333984375,
4036,-5.559748649597168,0.054842472076416016,
4037,-5.628451824188232,0.05471658706665039,
4038,-5.568795680999756,0.05448484420776367,
4039,-5.510477542877197,0.05496931076049805,
4040,-5.467301368713379,0.05475044250488281,-0.40115949511528015
4041,-5.6052703857421875,0.1257152557373047,
4042,-5.516242980957031,0.054927825927734375,
4043,-5.4438090324401855,0.05430960655212402,
4044,-5.5345354080200195,0.05458855628967285,
4045,-5.546836853027344,0.054107666015625,
4046,-5.482790470123291,0.05467486381530762,
4047,-5.568021774291992,0.053868770599365234,
4048,-5.416155815124512,0.05425429344177246,
4049,-5.363166332244873,0.054688453674316406,
4050,-5.567831993103027,0.05448341369628906,-0.5895547866821289
4051,-5.400901794433594,0.12397241592407227,
4052,-5.522152900695801,0.05457329750061035,
4053,-5.501991271972656,0.054350852966308594,
4054,-5.50141716003418,0.055608510971069336,
4055,-5.568290710449219,0.05408596992492676,
4056,-5.423858642578125,0.05478930473327637,
4057,-5.511498928070068,0.054685115814208984,
4058,-5.410987854003906,0.05417037010192871,
4059,-5.552196979522705,0.056279897689819336,
4060,-5.627058506011963,0.05529308319091797,-0.590975821018219
4061,-5.385928153991699,0.12589621543884277,
4062,-5.3003249168396,0.05436515808105469,
4063,-5.589540004730225,0.05430316925048828,
4064,-5.579244613647461,0.054775238037109375,
4065,-5.659928798675537,0.054631948471069336,
4066,-5.532873153686523,0.054181814193725586,
4067,-5.436379432678223,0.05442094802856445,
4068,-5.50648307800293,0.054679155349731445,
4069,-5.329845428466797,0.055190086364746094,
4070,-5.3912672996521,0.05437350273132324,-0.5519967675209045
4071,-5.334080696105957,0.12438321113586426,
4072,-5.337050437927246,0.054473876953125,
4073,-5.519247055053711,0.05405378341674805,
4074,-5.497822284698486,0.05442547798156738,
4075,-5.527377605438232,0.054532527923583984,
4076,-5.496233940124512,0.054376840591430664,
4077,-5.506997108459473,0.05485868453979492,
4078,-5.5402421951293945,0.05496931076049805,
4079,-5.444613933563232,0.05497241020202637,
4080,-5.467130661010742,0.054334163665771484,-0.5883017182350159
4081,-5.353305816650391,0.12457585334777832,
4082,-5.568243026733398,0.05454206466674805,
4083,-5.269476890563965,0.0548250675201416,
4084,-5.389615058898926,0.05433201789855957,
4085,-5.451937675476074,0.0549321174621582,
4086,-5.319304943084717,0.05471920967102051,
4087,-5.22657585144043,0.05458331108093262,
4088,-5.302241325378418,0.05500626564025879,
4089,-5.520937919616699,0.05469465255737305,
4090,-5.431819438934326,0.05466866493225098,-0.5514786243438721
4091,-5.326002597808838,0.12522125244140625,
4092,-5.410158157348633,0.05450034141540527,
4093,-5.541630268096924,0.0546574592590332,
4094,-5.456562042236328,0.05481243133544922,
4095,-5.247313499450684,0.05406451225280762,
4096,-5.469519138336182,0.05463123321533203,
4097,-5.425322532653809,0.054808855056762695,
4098,-5.495306968688965,0.05581212043762207,
4099,-5.496774673461914,0.05439186096191406,
4100,-5.445691108703613,0.05427670478820801,-0.45024460554122925
4101,-5.41743803024292,0.1266803741455078,
4102,-5.28316593170166,0.05366945266723633,
4103,-5.491954803466797,0.055039167404174805,
4104,-5.551633834838867,0.05468630790710449,
4105,-5.5119171142578125,0.055459022521972656,
4106,-5.516236782073975,0.054392337799072266,
4107,-5.606647968292236,0.055498600006103516,
4108,-5.417264461517334,0.05544090270996094,
4109,-5.599377155303955,0.05417203903198242,
4110,-5.513978481292725,0.05473494529724121,-0.566190242767334
4111,-5.604294776916504,0.12614774703979492,
4112,-5.483855247497559,0.05489993095397949,
4113,-5.4039459228515625,0.05452466011047363,
4114,-5.345902442932129,0.054331064224243164,
4115,-5.431252479553223,0.054931640625,
4116,-5.555904865264893,0.055108070373535156,
4117,-5.553036689758301,0.05420708656311035,
4118,-5.503364562988281,0.056279659271240234,
4119,-5.559206962585449,0.05495142936706543,
4120,-5.309711456298828,0.05419182777404785,-0.6300787329673767
4121,-5.460329055786133,0.12490558624267578,
4122,-5.288369178771973,0.05433201789855957,
4123,-5.475559234619141,0.0546717643737793,
4124,-5.556858062744141,0.054523468017578125,
4125,-5.509819984436035,0.05430960655212402,
4126,-5.360476493835449,0.05465888977050781,
4127,-5.280134201049805,0.05508708953857422,
4128,-5.409201622009277,0.05458474159240723,
4129,-5.4832258224487305,0.05477786064147949,
4130,-5.549456596374512,0.05470085144042969,-0.6350804567337036
4131,-5.639604568481445,0.12531423568725586,
4132,-5.499394416809082,0.05425572395324707,
4133,-5.414365291595459,0.054886817932128906,
4134,-5.292119979858398,0.05434393882751465,
4135,-5.377939224243164,0.054884910583496094,
4136,-5.442873001098633,0.054773807525634766,
4137,-5.587369918823242,0.05590081214904785,
4138,-5.4839935302734375,0.055100440979003906,
4139,-5.669923782348633,0.05417513847351074,
4140,-5.3966827392578125,0.054506778717041016,-0.35836276412010193
4141,-5.316216468811035,0.12856841087341309,
4142,-5.368887901306152,0.053507328033447266,
4143,-5.438013553619385,0.05380392074584961,
4144,-5.409579753875732,0.055448293685913086,
4145,-5.351797580718994,0.05565047264099121,
4146,-5.455000877380371,0.055047035217285156,
4147,-5.586703777313232,0.05466771125793457,
4148,-5.48941707611084,0.05476069450378418,
4149,-5.580171585083008,0.05521512031555176,
4150,-5.635442733764648,0.05402541160583496,-0.5672116279602051
4151,-5.658830642700195,0.12461423873901367,
4152,-5.638650894165039,0.05379009246826172,
4153,-5.49030876159668,0.05567765235900879,
4154,-5.4298930168151855,0.054453134536743164,
4155,-5.377468109130859,0.054834604263305664,
4156,-5.349228382110596,0.05418562889099121,
4157,-5.268770217895508,0.054689645767211914,
4158,-5.336781024932861,0.05416297912597656,
4159,-5.546417236328125,0.05482959747314453,
4160,-5.499971866607666,0.05532503128051758,-0.3459278643131256
4161,-5.3615546226501465,0.2486276626586914,
4162,-5.280886650085449,0.05476808547973633,
4163,-5.392256736755371,0.05474543571472168,
4164,-5.401890754699707,0.054541826248168945,
4165,-5.464876174926758,0.05458998680114746,
4166,-5.486573696136475,0.0543825626373291,
4167,-5.5038676261901855,0.05478310585021973,
4168,-5.6360764503479,0.054080963134765625,
4169,-5.637103080749512,0.054642438888549805,
4170,-5.739832878112793,0.05482935905456543,-0.4007292687892914
4171,-5.505055904388428,0.1274104118347168,
4172,-5.590976238250732,0.05500984191894531,
4173,-5.586792945861816,0.05446910858154297,
4174,-5.478373050689697,0.055141448974609375,
4175,-5.385397911071777,0.054884910583496094,
4176,-5.662083625793457,0.05450105667114258,
4177,-5.61161994934082,0.0559842586517334,
4178,-5.5246477127075195,0.05485796928405762,
4179,-5.479658126831055,0.05423402786254883,
4180,-5.576904296875,0.05391836166381836,-0.4720110297203064
4181,-5.576205730438232,0.1250302791595459,
4182,-5.757167816162109,0.05346798896789551,
4183,-5.572967052459717,0.05312943458557129,
4184,-5.590819835662842,0.05349445343017578,
4185,-5.739307403564453,0.054590702056884766,
4186,-5.624091625213623,0.05406546592712402,
4187,-5.607995986938477,0.054062604904174805,
4188,-5.550534248352051,0.05387234687805176,
4189,-5.666037082672119,0.05398702621459961,
4190,-5.553312301635742,0.05387544631958008,-0.4753713607788086
4191,-5.693339824676514,0.12381219863891602,
4192,-5.5946855545043945,0.053900718688964844,
4193,-5.605635166168213,0.05408215522766113,
4194,-5.660051345825195,0.05394768714904785,
4195,-5.55978536605835,0.054070234298706055,
4196,-5.470224380493164,0.054491519927978516,
4197,-5.572292327880859,0.0541987419128418,
4198,-5.573051452636719,0.05415749549865723,
4199,-5.663570404052734,0.05423760414123535,
4200,-5.56735372543335,0.053891897201538086,-0.5864149332046509
4201,-5.528837203979492,0.12623906135559082,
4202,-5.547931671142578,0.054583072662353516,
4203,-5.829319953918457,0.05475640296936035,
4204,-5.598432540893555,0.05413627624511719,
4205,-5.479501724243164,0.05489206314086914,
4206,-5.440136909484863,0.055632591247558594,
4207,-5.5771613121032715,0.05402231216430664,
4208,-5.559967994689941,0.05410480499267578,
4209,-5.5521368980407715,0.05432891845703125,
4210,-5.513687610626221,0.05418968200683594,-0.5407208800315857
4211,-5.612374782562256,0.12330889701843262,
4212,-5.60627555847168,0.054144859313964844,
4213,-5.490674018859863,0.05479025840759277,
4214,-5.5727691650390625,0.05573773384094238,
4215,-5.5256195068359375,0.05448269844055176,
4216,-5.462010383605957,0.05448412895202637,
4217,-5.534110069274902,0.05495882034301758,
4218,-5.553780555725098,0.054656028747558594,
4219,-5.519170761108398,0.05496811866760254,
4220,-5.457512378692627,0.054289817810058594,-0.44233042001724243
4221,-5.4381585121154785,0.1269524097442627,
4222,-5.442661285400391,0.054636240005493164,
4223,-5.4464287757873535,0.05487823486328125,
4224,-5.562575340270996,0.05485033988952637,
4225,-5.523444652557373,0.05479598045349121,
4226,-5.2921271324157715,0.05466032028198242,
4227,-5.570038795471191,0.05478978157043457,
4228,-5.353461742401123,0.055754661560058594,
4229,-5.544508934020996,0.054592132568359375,
4230,-5.649372577667236,0.05502152442932129,-0.4183550775051117
4231,-5.563843727111816,0.1264636516571045,
4232,-5.602174758911133,0.0553135871887207,
4233,-5.689591407775879,0.054871559143066406,
4234,-5.616044998168945,0.05446338653564453,
4235,-5.68741512298584,0.05484175682067871,
4236,-5.627285003662109,0.05446362495422363,
4237,-5.6036858558654785,0.05441474914550781,
4238,-5.521808624267578,0.055032968521118164,
4239,-5.593091011047363,0.054648637771606445,
4240,-5.51057767868042,0.05495476722717285,-0.5813615322113037
4241,-5.587270259857178,0.12748336791992188,
4242,-5.587249755859375,0.05513763427734375,
4243,-5.482928276062012,0.05508708953857422,
4244,-5.578800678253174,0.0552515983581543,
4245,-5.613986015319824,0.05491065979003906,
4246,-5.363137245178223,0.05459451675415039,
4247,-5.5199995040893555,0.054830074310302734,
4248,-5.633573532104492,0.054894208908081055,
4249,-5.660549640655518,0.05488324165344238,
4250,-5.606353759765625,0.05438971519470215,-0.54628586769104
4251,-5.607060432434082,0.1258389949798584,
4252,-5.540265083312988,0.05402421951293945,
4253,-5.648868560791016,0.05452251434326172,
4254,-5.759734153747559,0.05419659614562988,
4255,-5.608704566955566,0.05497622489929199,
4256,-5.537080764770508,0.05477738380432129,
4257,-5.441677570343018,0.05521202087402344,
4258,-5.668548583984375,0.05573844909667969,
4259,-5.637698173522949,0.05417180061340332,
4260,-5.510251045227051,0.05471920967102051,-0.48948052525520325
4261,-5.578192710876465,0.1254715919494629,
4262,-5.327970027923584,0.056679487228393555,
4263,-5.446954727172852,0.05439400672912598,
4264,-5.718180179595947,0.05468487739562988,
4265,-5.387811183929443,0.05550742149353027,
4266,-5.611056804656982,0.05625486373901367,
4267,-5.6112961769104,0.054556846618652344,
4268,-5.3693413734436035,0.054945945739746094,
4269,-5.463107109069824,0.054903268814086914,
4270,-5.561052322387695,0.05494213104248047,-0.4888487458229065
4271,-5.514004707336426,0.1264183521270752,
4272,-5.6297526359558105,0.054703712463378906,
4273,-5.512260913848877,0.054999351501464844,
4274,-5.533369064331055,0.05520319938659668,
4275,-5.640510559082031,0.05425715446472168,
4276,-5.55681037902832,0.054625749588012695,
4277,-5.48811149597168,0.05465888977050781,
4278,-5.574506759643555,0.05429720878601074,
4279,-5.621912002563477,0.05520963668823242,
4280,-5.445441722869873,0.05494213104248047,-0.6264966130256653
4281,-5.598016738891602,0.25163960456848145,
4282,-5.575901508331299,0.05451846122741699,
4283,-5.522740364074707,0.05472135543823242,
4284,-5.603507995605469,0.05472850799560547,
4285,-5.6966094970703125,0.05483269691467285,
4286,-5.583597660064697,0.055292606353759766,
4287,-5.8083295822143555,0.05487561225891113,
4288,-5.542872428894043,0.054758548736572266,
4289,-5.6878862380981445,0.054169416427612305,
4290,-5.635672092437744,0.05468893051147461,-0.5558258295059204
4291,-5.639350414276123,0.12698650360107422,
4292,-5.625496864318848,0.05554556846618652,
4293,-5.618120193481445,0.056633710861206055,
4294,-5.640067100524902,0.05485725402832031,
4295,-5.687882423400879,0.054785728454589844,
4296,-5.5812273025512695,0.05484294891357422,
4297,-5.538514137268066,0.05433082580566406,
4298,-5.5704874992370605,0.054967641830444336,
4299,-5.498527526855469,0.05451536178588867,
4300,-5.600386142730713,0.054712533950805664,-0.589587926864624
4301,-5.650674343109131,0.12679362297058105,
4302,-5.409030914306641,0.054383277893066406,
4303,-5.555923938751221,0.053949594497680664,
4304,-5.546304702758789,0.05413937568664551,
4305,-5.633873462677002,0.05444788932800293,
4306,-5.596327304840088,0.05423712730407715,
4307,-5.61049222946167,0.05413031578063965,
4308,-5.671766757965088,0.054739952087402344,
4309,-5.826572895050049,0.055147409439086914,
4310,-5.597449779510498,0.054884910583496094,-0.6306761503219604
4311,-5.507735252380371,0.12720870971679688,
4312,-5.755260467529297,0.05450773239135742,
4313,-5.634149551391602,0.05591416358947754,
4314,-5.508988380432129,0.05484890937805176,
4315,-5.490988731384277,0.05491232872009277,
4316,-5.659976482391357,0.05478262901306152,
4317,-5.4166669845581055,0.0550541877746582,
4318,-5.5770344734191895,0.055098772048950195,
4319,-5.5407304763793945,0.054680824279785156,
4320,-5.634634017944336,0.05497026443481445,-0.5773047208786011
4321,-5.572231292724609,0.1262342929840088,
4322,-5.694897651672363,0.054981231689453125,
4323,-5.502058029174805,0.05542421340942383,
4324,-5.605109214782715,0.05447864532470703,
4325,-5.65339469909668,0.0547330379486084,
4326,-5.499538898468018,0.0551762580871582,
4327,-5.4583048820495605,0.05465102195739746,
4328,-5.552829265594482,0.054880380630493164,
4329,-5.569638252258301,0.05484342575073242,
4330,-5.5577392578125,0.05423164367675781,-0.5687583088874817
4331,-5.554812908172607,0.12557172775268555,
4332,-5.500971794128418,0.054891109466552734,
4333,-5.547224044799805,0.05524110794067383,
4334,-5.778520584106445,0.05496954917907715,
4335,-5.83461856842041,0.054793596267700195,
4336,-5.56065559387207,0.05402183532714844,
4337,-5.722990989685059,0.05484604835510254,
4338,-5.710501194000244,0.05475044250488281,
4339,-5.754741668701172,0.055088043212890625,
4340,-5.498126983642578,0.054869651794433594,-0.5678420662879944
4341,-5.410361289978027,0.12658905982971191,
4342,-5.676807403564453,0.05385017395019531,
4343,-5.720944404602051,0.05400705337524414,
4344,-5.676350116729736,0.0544734001159668,
4345,-5.4696197509765625,0.054810285568237305,
4346,-5.254630088806152,0.054532766342163086,
4347,-5.437716484069824,0.05473494529724121,
4348,-5.664806365966797,0.055294036865234375,
4349,-5.617865562438965,0.05413222312927246,
4350,-5.768771171569824,0.055365800857543945,-0.41901978850364685
4351,-5.770606994628906,0.12671542167663574,
4352,-5.544284820556641,0.05505967140197754,
4353,-5.457529067993164,0.05456376075744629,
4354,-5.461877346038818,0.05445671081542969,
4355,-5.51974630355835,0.05449962615966797,
4356,-5.6352219581604,0.054311513900756836,
4357,-5.328805923461914,0.05416250228881836,
4358,-5.583224773406982,0.056325435638427734,
4359,-5.596960067749023,0.05617380142211914,
4360,-5.449617385864258,0.05501151084899902,-0.6118095517158508
4361,-5.3025007247924805,0.1265275478363037,
4362,-5.647882461547852,0.05500483512878418,
4363,-5.534057140350342,0.05477499961853027,
4364,-5.427680969238281,0.05419564247131348,
4365,-5.621047496795654,0.054013967514038086,
4366,-5.560494899749756,0.05466008186340332,
4367,-5.542352199554443,0.05442619323730469,
4368,-5.462806701660156,0.0545656681060791,
4369,-5.454466819763184,0.05504584312438965,
4370,-5.585845947265625,0.05485987663269043,-0.48952221870422363
4371,-5.701051235198975,0.1266193389892578,
4372,-5.633953094482422,0.05432891845703125,
4373,-5.669703483581543,0.05470132827758789,
4374,-5.574593544006348,0.05490565299987793,
4375,-5.644536972045898,0.05426621437072754,
4376,-5.652080535888672,0.05490255355834961,
4377,-5.6001176834106445,0.055275678634643555,
4378,-5.650788307189941,0.0561065673828125,
4379,-5.543741703033447,0.05623054504394531,
4380,-5.490488052368164,0.05512523651123047,-0.5203778147697449
4381,-5.504591941833496,0.1269981861114502,
4382,-5.57795524597168,0.055348873138427734,
4383,-5.388193607330322,0.05576586723327637,
4384,-5.594213485717773,0.05535078048706055,
4385,-5.742555618286133,0.05510377883911133,
4386,-5.545297145843506,0.05501747131347656,
4387,-5.518011093139648,0.05493283271789551,
4388,-5.542075157165527,0.05500006675720215,
4389,-5.7159423828125,0.0548553466796875,
4390,-5.491957664489746,0.05425858497619629,-0.616436779499054
4391,-5.429818153381348,0.12586617469787598,
4392,-5.562748908996582,0.05455207824707031,
4393,-5.650947570800781,0.05614876747131348,
4394,-5.5426483154296875,0.05505084991455078,
4395,-5.652831077575684,0.054434776306152344,
4396,-5.586870193481445,0.056439876556396484,
4397,-5.714181900024414,0.055884361267089844,
4398,-5.569156646728516,0.05469512939453125,
4399,-5.84973669052124,0.054387569427490234,
4400,-5.62810754776001,0.05497002601623535,-0.49923670291900635
4401,-5.696554183959961,0.25282740592956543,
4402,-5.401690483093262,0.05503702163696289,
4403,-5.5922393798828125,0.054604530334472656,
4404,-5.730584144592285,0.054932355880737305,
4405,-5.608028411865234,0.05511021614074707,
4406,-5.500170707702637,0.0538637638092041,
4407,-5.607766628265381,0.05422019958496094,
4408,-5.725185871124268,0.05431365966796875,
4409,-5.695878028869629,0.05431962013244629,
4410,-5.653305530548096,0.05449819564819336,-0.41439566016197205
4411,-5.615610122680664,0.12878155708312988,
4412,-5.467517852783203,0.05456280708312988,
4413,-5.723852634429932,0.05478644371032715,
4414,-5.584334373474121,0.0543208122253418,
4415,-5.738369464874268,0.054702043533325195,
4416,-5.55819034576416,0.05567622184753418,
4417,-5.5935211181640625,0.054288625717163086,
4418,-5.5995306968688965,0.054906606674194336,
4419,-5.487627983093262,0.05420064926147461,
4420,-5.671356201171875,0.05458998680114746,-0.5339766144752502
4421,-5.677750587463379,0.12538671493530273,
4422,-5.578973293304443,0.054319143295288086,
4423,-5.390564918518066,0.053830623626708984,
4424,-5.554596900939941,0.053884267807006836,
4425,-5.629483222961426,0.05445504188537598,
4426,-5.517474174499512,0.05440402030944824,
4427,-5.715643882751465,0.05512714385986328,
4428,-5.587514877319336,0.054166555404663086,
4429,-5.580720901489258,0.05467414855957031,
4430,-5.5954999923706055,0.05508756637573242,-0.5583531856536865
4431,-5.560121536254883,0.12712478637695312,
4432,-5.707821846008301,0.05458855628967285,
4433,-5.662581443786621,0.05490899085998535,
4434,-5.687579154968262,0.05541372299194336,
4435,-5.755192756652832,0.054749250411987305,
4436,-5.512024879455566,0.05495929718017578,
4437,-5.6449785232543945,0.055159568786621094,
4438,-5.748129844665527,0.05559086799621582,
4439,-5.6855878829956055,0.05441427230834961,
4440,-5.455233573913574,0.05426025390625,-0.6096706390380859
4441,-5.620610237121582,0.12527036666870117,
4442,-5.746344566345215,0.05404496192932129,
4443,-5.647116184234619,0.05400657653808594,
4444,-5.607292652130127,0.05619525909423828,
4445,-5.641066074371338,0.05433535575866699,
4446,-5.609230995178223,0.05354785919189453,
4447,-5.671996593475342,0.05362367630004883,
4448,-5.771623611450195,0.054160118103027344,
4449,-5.693597793579102,0.054317474365234375,
4450,-5.685324668884277,0.054010868072509766,-0.46369707584381104
4451,-5.76115083694458,0.12501311302185059,
4452,-5.685749053955078,0.054735660552978516,
4453,-5.662258148193359,0.054891347885131836,
4454,-5.513147354125977,0.05448770523071289,
4455,-5.560250282287598,0.05474376678466797,
4456,-5.562788009643555,0.05460000038146973,
4457,-5.719023704528809,0.05464601516723633,
4458,-5.720263481140137,0.0545964241027832,
4459,-5.480818748474121,0.0548710823059082,
4460,-5.509268760681152,0.055525779724121094,-0.5084994435310364
4461,-5.632143020629883,0.12444448471069336,
4462,-5.636762619018555,0.054271697998046875,
4463,-5.646586894989014,0.05478072166442871,
4464,-5.483431816101074,0.05516457557678223,
4465,-5.679049491882324,0.05454611778259277,
4466,-5.56279182434082,0.054765939712524414,
4467,-5.8006510734558105,0.0545961856842041,
4468,-5.763055324554443,0.054555416107177734,
4469,-5.432948112487793,0.054747819900512695,
4470,-5.345157146453857,0.05450034141540527,-0.5561299324035645
4471,-5.578984260559082,0.12537860870361328,
4472,-5.570452690124512,0.0539700984954834,
4473,-5.578365325927734,0.05455756187438965,
4474,-5.611459255218506,0.05448603630065918,
4475,-5.695703506469727,0.054573774337768555,
4476,-5.760988235473633,0.05419516563415527,
4477,-5.849745750427246,0.05463051795959473,
4478,-5.687297821044922,0.05496811866760254,
4479,-5.690563678741455,0.05424928665161133,
4480,-5.544361114501953,0.055710792541503906,-0.37593817710876465
4481,-5.649162292480469,0.12707185745239258,
4482,-5.557742118835449,0.05523228645324707,
4483,-5.611395835876465,0.054871559143066406,
4484,-5.5045166015625,0.05458831787109375,
4485,-5.397465705871582,0.05495262145996094,
4486,-5.624413013458252,0.05578303337097168,
4487,-5.748101711273193,0.0547792911529541,
4488,-5.632966041564941,0.05451250076293945,
4489,-5.549728870391846,0.054718732833862305,
4490,-5.688045978546143,0.054822444915771484,-0.5670984983444214
4491,-5.521632194519043,0.12751197814941406,
4492,-5.668331623077393,0.054737091064453125,
4493,-5.704502582550049,0.05500149726867676,
4494,-5.615978717803955,0.05577516555786133,
4495,-5.6134772300720215,0.05467486381530762,
4496,-5.653641223907471,0.05487322807312012,
4497,-5.615893840789795,0.05502152442932129,
4498,-5.649182319641113,0.05547761917114258,
4499,-5.363372325897217,0.05460643768310547,
4500,-5.55096435546875,0.0548243522644043,-0.426010400056839
4501,-5.486710548400879,0.1268312931060791,
4502,-5.632021903991699,0.05472970008850098,
4503,-5.497753620147705,0.05492973327636719,
4504,-5.504410743713379,0.054968833923339844,
4505,-5.620622634887695,0.0550389289855957,
4506,-5.584036827087402,0.05511617660522461,
4507,-5.554862022399902,0.05486035346984863,
4508,-5.639971733093262,0.05497479438781738,
4509,-5.440378189086914,0.054876089096069336,
4510,-5.578287601470947,0.055106163024902344,-0.44868749380111694
4511,-5.623337745666504,0.12624120712280273,
4512,-5.767752647399902,0.05546832084655762,
4513,-5.591497898101807,0.054950714111328125,
4514,-5.731991767883301,0.05485224723815918,
4515,-5.674463272094727,0.05493474006652832,
4516,-5.553240776062012,0.05539202690124512,
4517,-5.569704055786133,0.055617570877075195,
4518,-5.469635486602783,0.05492997169494629,
4519,-5.520751476287842,0.054860830307006836,
4520,-5.5849761962890625,0.05508065223693848,-0.5088595747947693
4521,-5.747653484344482,0.12993741035461426,
4522,-5.615459442138672,0.05487632751464844,
4523,-5.6944427490234375,0.054411888122558594,
4524,-5.814452171325684,0.054833173751831055,
4525,-5.716598033905029,0.0546109676361084,
4526,-5.813783645629883,0.054987192153930664,
4527,-5.718468189239502,0.05403280258178711,
4528,-5.567689418792725,0.05388975143432617,
4529,-5.645936965942383,0.054808855056762695,
4530,-5.828498840332031,0.053977012634277344,-0.5182566046714783
4531,-5.9374847412109375,0.2608802318572998,
4532,-5.793933868408203,0.05491924285888672,
4533,-5.741355895996094,0.054843902587890625,
4534,-5.737619876861572,0.054120779037475586,
4535,-5.905677318572998,0.05476069450378418,
4536,-5.705167770385742,0.054837942123413086,
4537,-5.6468505859375,0.05446958541870117,
4538,-5.713993072509766,0.05428671836853027,
4539,-5.695589065551758,0.05448555946350098,
4540,-5.603697776794434,0.05524110794067383,-0.4845297038555145
4541,-5.561372756958008,0.1273787021636963,
4542,-5.538302421569824,0.05483579635620117,
4543,-5.6425628662109375,0.05481100082397461,
4544,-5.448894023895264,0.0550084114074707,
4545,-5.696220874786377,0.055513858795166016,
4546,-5.667118549346924,0.05418801307678223,
4547,-5.628827095031738,0.05439138412475586,
4548,-5.7134857177734375,0.054764509201049805,
4549,-5.754284858703613,0.05399751663208008,
4550,-5.6224565505981445,0.05474567413330078,-0.4577289819717407
4551,-5.637767314910889,0.12575626373291016,
4552,-5.5105743408203125,0.05479788780212402,
4553,-5.641979694366455,0.05419445037841797,
4554,-5.625582695007324,0.054337263107299805,
4555,-5.632044792175293,0.054389238357543945,
4556,-5.650049209594727,0.054368019104003906,
4557,-5.761566638946533,0.05436420440673828,
4558,-5.5628461837768555,0.05459856986999512,
4559,-5.703469753265381,0.05475187301635742,
4560,-5.7590861320495605,0.05429720878601074,-0.4952852427959442
4561,-5.727496147155762,0.12678027153015137,
4562,-5.839801788330078,0.05467033386230469,
4563,-5.722074508666992,0.05497574806213379,
4564,-5.64176607131958,0.05457258224487305,
4565,-5.502419471740723,0.05468106269836426,
4566,-5.512611389160156,0.054563283920288086,
4567,-5.505456924438477,0.05464005470275879,
4568,-5.792553901672363,0.055019378662109375,
4569,-5.6766180992126465,0.054943084716796875,
4570,-5.772806644439697,0.05508255958557129,-0.482105553150177
4571,-5.8343610763549805,0.12729763984680176,
4572,-5.635639190673828,0.054463863372802734,
4573,-5.645809650421143,0.05525684356689453,
4574,-5.5213775634765625,0.05466127395629883,
4575,-5.5562357902526855,0.054557085037231445,
4576,-5.6019182205200195,0.05440473556518555,
4577,-5.50234842300415,0.05466461181640625,
4578,-5.743658065795898,0.053999900817871094,
4579,-5.645543098449707,0.054111480712890625,
4580,-5.786913871765137,0.05478215217590332,-0.5183284878730774
4581,-5.660335540771484,0.12666893005371094,
4582,-5.525125980377197,0.05540633201599121,
4583,-5.618119716644287,0.054218292236328125,
4584,-5.614835739135742,0.054368019104003906,
4585,-5.605433464050293,0.05434703826904297,
4586,-5.75514030456543,0.053966522216796875,
4587,-5.766581058502197,0.054334163665771484,
4588,-5.661897659301758,0.054635047912597656,
4589,-5.711724281311035,0.05403757095336914,
4590,-5.89125919342041,0.05434751510620117,-0.47698086500167847
4591,-5.747461318969727,0.1284022331237793,
4592,-5.610011100769043,0.05482125282287598,
4593,-5.733861446380615,0.05512523651123047,
4594,-5.72878360748291,0.05412101745605469,
4595,-5.565892219543457,0.05538511276245117,
4596,-5.712984085083008,0.053687334060668945,
4597,-5.796452522277832,0.05392885208129883,
4598,-5.790583610534668,0.05497264862060547,
4599,-5.676787853240967,0.05431509017944336,
4600,-5.7580342292785645,0.055304527282714844,-0.4151442050933838
4601,-5.722873687744141,0.12774038314819336,
4602,-5.551336288452148,0.054434776306152344,
4603,-5.674361228942871,0.05497932434082031,
4604,-5.646223068237305,0.055405378341674805,
4605,-5.519579887390137,0.05469012260437012,
4606,-5.695320129394531,0.05488228797912598,
4607,-5.682811260223389,0.0549468994140625,
4608,-5.760920524597168,0.0547335147857666,
4609,-5.7098846435546875,0.05441546440124512,
4610,-5.63766622543335,0.055355072021484375,-0.46424973011016846
4611,-5.564773082733154,0.1252424716949463,
4612,-5.744971752166748,0.05450272560119629,
4613,-5.72647762298584,0.0546872615814209,
4614,-5.7269134521484375,0.055390357971191406,
4615,-5.591930389404297,0.05500340461730957,
4616,-5.702737331390381,0.05488705635070801,
4617,-5.4243927001953125,0.055051565170288086,
4618,-5.688715934753418,0.054846763610839844,
4619,-5.6393890380859375,0.05487394332885742,
4620,-5.618007659912109,0.05422186851501465,-0.5239858031272888
4621,-5.698769569396973,0.1267871856689453,
4622,-5.542783737182617,0.054869651794433594,
4623,-5.61237907409668,0.0544886589050293,
4624,-5.5766801834106445,0.05447101593017578,
4625,-5.604053974151611,0.054608821868896484,
4626,-5.478681564331055,0.05458831787109375,
4627,-5.512767791748047,0.05483651161193848,
4628,-5.580889701843262,0.055287837982177734,
4629,-5.5293426513671875,0.054787397384643555,
4630,-5.485448837280273,0.055051565170288086,-0.5008323192596436
4631,-5.330051422119141,0.12638187408447266,
4632,-5.465886116027832,0.05400848388671875,
4633,-5.3845295906066895,0.05487346649169922,
4634,-5.579654693603516,0.05464768409729004,
4635,-5.672581672668457,0.05425405502319336,
4636,-5.48427677154541,0.05428504943847656,
4637,-5.461701393127441,0.055020809173583984,
4638,-5.770332336425781,0.05475926399230957,
4639,-5.7534074783325195,0.0554811954498291,
4640,-5.570362567901611,0.055074453353881836,-0.46636396646499634
4641,-5.58210563659668,0.12689685821533203,
4642,-5.668808937072754,0.0547938346862793,
4643,-5.764812469482422,0.0543522834777832,
4644,-5.495625972747803,0.054909467697143555,
4645,-5.77597713470459,0.05470418930053711,
4646,-5.631491661071777,0.05461263656616211,
4647,-5.678701877593994,0.05462932586669922,
4648,-5.733952045440674,0.05503129959106445,
4649,-5.539647102355957,0.055666208267211914,
4650,-5.497418403625488,0.05455183982849121,-0.5317111015319824
4651,-5.671074867248535,0.25094032287597656,
4652,-5.776484489440918,0.05500006675720215,
4653,-5.626542091369629,0.05465555191040039,
4654,-5.472685813903809,0.05425381660461426,
4655,-5.625646591186523,0.05434417724609375,
4656,-5.505911827087402,0.05453681945800781,
4657,-5.518994331359863,0.054126739501953125,
4658,-5.816216468811035,0.054581403732299805,
4659,-5.782944202423096,0.05452418327331543,
4660,-5.613115310668945,0.05471301078796387,-0.5175917148590088
4661,-5.874324798583984,0.12817049026489258,
4662,-5.608987808227539,0.05442619323730469,
4663,-5.7512030601501465,0.056311607360839844,
4664,-5.798626899719238,0.054784536361694336,
4665,-5.513050556182861,0.054576873779296875,
4666,-5.477109909057617,0.05423092842102051,
4667,-5.502581596374512,0.054070234298706055,
4668,-5.677303314208984,0.05385422706604004,
4669,-5.6155242919921875,0.05369877815246582,
4670,-5.515045166015625,0.053829193115234375,-0.34387320280075073
4671,-5.579509258270264,0.12568044662475586,
4672,-5.614643096923828,0.0541989803314209,
4673,-5.6323347091674805,0.05387592315673828,
4674,-5.464635848999023,0.05369138717651367,
4675,-5.645632266998291,0.05368542671203613,
4676,-5.753055572509766,0.05379939079284668,
4677,-5.9202423095703125,0.053888559341430664,
4678,-5.584503173828125,0.053993940353393555,
4679,-5.649039268493652,0.05388283729553223,
4680,-5.644968509674072,0.05390286445617676,-0.4688711166381836
4681,-5.560788154602051,0.1242063045501709,
4682,-5.617101669311523,0.05407524108886719,
4683,-5.517534255981445,0.05399632453918457,
4684,-5.620884895324707,0.053792715072631836,
4685,-5.5329790115356445,0.05495953559875488,
4686,-5.673852920532227,0.05393528938293457,
4687,-5.604198455810547,0.05367922782897949,
4688,-5.663078308105469,0.05554318428039551,
4689,-5.60712194442749,0.0554814338684082,
4690,-5.722710132598877,0.05474138259887695,-0.6407048106193542
4691,-5.540570259094238,0.12604713439941406,
4692,-5.557860374450684,0.05425071716308594,
4693,-5.606931686401367,0.0546722412109375,
4694,-5.759503364562988,0.054407358169555664,
4695,-5.617279052734375,0.05443096160888672,
4696,-5.384915351867676,0.05457496643066406,
4697,-5.62846565246582,0.0540771484375,
4698,-5.542634963989258,0.05437946319580078,
4699,-5.666412353515625,0.05485343933105469,
4700,-5.613540172576904,0.054064035415649414,-0.49984198808670044
4701,-5.8090362548828125,0.12501811981201172,
4702,-5.669689178466797,0.0559847354888916,
4703,-5.425540924072266,0.05481600761413574,
4704,-5.803030967712402,0.05404067039489746,
4705,-5.777203559875488,0.05475115776062012,
4706,-5.725541114807129,0.05433964729309082,
4707,-5.777091026306152,0.05455613136291504,
4708,-5.745077610015869,0.05382227897644043,
4709,-5.918601036071777,0.05404853820800781,
4710,-5.696895122528076,0.054003000259399414,-0.44024279713630676
4711,-5.661491394042969,0.12604713439941406,
4712,-5.905992031097412,0.05482316017150879,
4713,-5.732761383056641,0.054444313049316406,
4714,-5.783925533294678,0.05462002754211426,
4715,-5.865438461303711,0.05452299118041992,
4716,-5.880166053771973,0.05497860908508301,
4717,-5.828356742858887,0.05487489700317383,
4718,-5.76037073135376,0.05429410934448242,
4719,-5.753459930419922,0.05462050437927246,
4720,-5.664457321166992,0.054906368255615234,-0.5227279663085938
4721,-5.726204872131348,0.12611031532287598,
4722,-5.814736366271973,0.0557248592376709,
4723,-5.774621963500977,0.05418992042541504,
4724,-5.624973297119141,0.05368852615356445,
4725,-5.807576656341553,0.05395174026489258,
4726,-5.7361674308776855,0.05408310890197754,
4727,-5.7433576583862305,0.054847002029418945,
4728,-5.6790008544921875,0.05495333671569824,
4729,-5.601726055145264,0.05406808853149414,
4730,-5.517899513244629,0.055054664611816406,-0.5879479646682739
4731,-5.459247589111328,0.12688016891479492,
4732,-5.6893696784973145,0.054782867431640625,
4733,-5.6218791007995605,0.0562441349029541,
4734,-5.6641435623168945,0.05451202392578125,
4735,-5.707768440246582,0.05458998680114746,
4736,-5.678815841674805,0.05515575408935547,
4737,-5.683860778808594,0.05447697639465332,
4738,-5.710869789123535,0.054656028747558594,
4739,-5.718677520751953,0.05576896667480469,
4740,-5.853980541229248,0.05505681037902832,-0.4674831032752991
4741,-5.7406487464904785,0.12800359725952148,
4742,-5.911487579345703,0.0549015998840332,
4743,-5.734012603759766,0.056005001068115234,
4744,-5.767930507659912,0.05568385124206543,
4745,-6.008725166320801,0.0542140007019043,
4746,-5.7232842445373535,0.05483722686767578,
4747,-5.811920166015625,0.054544925689697266,
4748,-5.882941246032715,0.05450034141540527,
4749,-5.757992267608643,0.0544133186340332,
4750,-5.777231216430664,0.05463409423828125,-0.509383499622345
4751,-5.6675214767456055,0.12749505043029785,
4752,-5.865974426269531,0.05488920211791992,
4753,-5.861511707305908,0.054239511489868164,
4754,-5.636812210083008,0.05432415008544922,
4755,-5.75994348526001,0.054491281509399414,
4756,-5.800216197967529,0.054357290267944336,
4757,-5.8525800704956055,0.05460953712463379,
4758,-5.845170021057129,0.05475759506225586,
4759,-5.856819152832031,0.05489087104797363,
4760,-5.783489227294922,0.05517411231994629,-0.35971200466156006
4761,-5.769658088684082,0.12784624099731445,
4762,-5.7780914306640625,0.05449628829956055,
4763,-5.786404609680176,0.05615043640136719,
4764,-5.620031356811523,0.054647207260131836,
4765,-5.556741714477539,0.05504417419433594,
4766,-5.631745338439941,0.054969072341918945,
4767,-5.77833366394043,0.05455732345581055,
4768,-5.702545166015625,0.05454373359680176,
4769,-5.465147972106934,0.054924726486206055,
4770,-5.719390869140625,0.05572152137756348,-0.4450700879096985
4771,-5.731917858123779,0.2554755210876465,
4772,-5.5804219245910645,0.05526900291442871,
4773,-5.626320838928223,0.05441617965698242,
4774,-5.720103740692139,0.05473923683166504,
4775,-5.720803260803223,0.05475115776062012,
4776,-5.391174793243408,0.05431246757507324,
4777,-5.7456464767456055,0.054754018783569336,
4778,-5.392755031585693,0.055269718170166016,
4779,-5.3611249923706055,0.05489683151245117,
4780,-5.479100227355957,0.05470395088195801,-0.43225929141044617
4781,-5.437233924865723,0.12622594833374023,
4782,-5.503933906555176,0.05480480194091797,
4783,-5.580704212188721,0.05407118797302246,
4784,-5.62282657623291,0.05456042289733887,
4785,-5.560815811157227,0.055033206939697266,
4786,-5.474316120147705,0.054994821548461914,
4787,-5.616161823272705,0.05502581596374512,
4788,-5.667106628417969,0.05492043495178223,
4789,-5.502233505249023,0.05457663536071777,
4790,-5.558920383453369,0.05414414405822754,-0.514912486076355
4791,-5.515868186950684,0.12739038467407227,
4792,-5.651862144470215,0.05463719367980957,
4793,-5.6149821281433105,0.0554194450378418,
4794,-5.7774529457092285,0.05482292175292969,
4795,-5.670469284057617,0.054351806640625,
4796,-5.478791236877441,0.054656267166137695,
4797,-5.530714511871338,0.054994821548461914,
4798,-5.609230995178223,0.05473446846008301,
4799,-5.45999002456665,0.055127620697021484,
4800,-5.458733558654785,0.05610203742980957,-0.5268468856811523
4801,-5.549980163574219,0.12751364707946777,
4802,-5.669371604919434,0.05436444282531738,
4803,-5.571508407592773,0.05476856231689453,
4804,-5.7964606285095215,0.0554814338684082,
4805,-5.66491174697876,0.05557990074157715,
4806,-5.488361358642578,0.054276466369628906,
4807,-5.498435020446777,0.05466866493225098,
4808,-5.627002239227295,0.05421757698059082,
4809,-5.442309379577637,0.053855180740356445,
4810,-5.562042236328125,0.05413055419921875,-0.4912338852882385
4811,-5.860584735870361,0.12895584106445312,
4812,-5.658421516418457,0.05447793006896973,
4813,-5.766219615936279,0.054415225982666016,
4814,-5.77641487121582,0.05450248718261719,
4815,-5.635988712310791,0.05463123321533203,
4816,-5.600012302398682,0.05493593215942383,
4817,-5.642075061798096,0.05437064170837402,
4818,-5.755066871643066,0.054947614669799805,
4819,-5.622432231903076,0.05499720573425293,
4820,-5.723456382751465,0.05414319038391113,-0.544333815574646
4821,-5.755560874938965,0.12766671180725098,
4822,-5.674098968505859,0.05474090576171875,
4823,-5.554168701171875,0.05481266975402832,
4824,-5.755474090576172,0.056029319763183594,
4825,-5.6483001708984375,0.054995059967041016,
4826,-5.751571178436279,0.054761409759521484,
4827,-5.705253601074219,0.054923057556152344,
4828,-5.65156888961792,0.05414295196533203,
4829,-5.6013946533203125,0.05468440055847168,
4830,-5.816736221313477,0.05458712577819824,-0.4702967405319214
4831,-5.703075408935547,0.12680649757385254,
4832,-5.738917350769043,0.05402541160583496,
4833,-5.537607192993164,0.05448317527770996,
4834,-5.712526321411133,0.054517507553100586,
4835,-5.757443428039551,0.05447053909301758,
4836,-5.506933212280273,0.05421185493469238,
4837,-5.634459018707275,0.054764509201049805,
4838,-5.675533294677734,0.0551600456237793,
4839,-5.8849029541015625,0.05446481704711914,
4840,-5.912893295288086,0.05435919761657715,-0.5013455152511597
4841,-5.832437038421631,0.12882757186889648,
4842,-5.841658115386963,0.055477142333984375,
4843,-5.789801597595215,0.05492973327636719,
4844,-5.73781681060791,0.05470442771911621,
4845,-5.787276744842529,0.05500626564025879,
4846,-5.898738861083984,0.05529165267944336,
4847,-5.686500549316406,0.05395936965942383,
4848,-5.702032089233398,0.05478191375732422,
4849,-5.734790325164795,0.05490541458129883,
4850,-5.856298446655273,0.05479621887207031,-0.45208948850631714
4851,-5.767946243286133,0.12647080421447754,
4852,-5.807161808013916,0.05429983139038086,
4853,-5.761958122253418,0.05452394485473633,
4854,-5.797451496124268,0.05454397201538086,
4855,-5.529108047485352,0.05437731742858887,
4856,-5.631472110748291,0.055519819259643555,
4857,-5.899864196777344,0.05491805076599121,
4858,-5.861515998840332,0.05423593521118164,
4859,-5.799633026123047,0.05485796928405762,
4860,-5.793286323547363,0.05478310585021973,-0.43210944533348083
4861,-5.696764945983887,0.12655377388000488,
4862,-5.591046333312988,0.05384254455566406,
4863,-5.697746276855469,0.05434417724609375,
4864,-5.72684383392334,0.05562400817871094,
4865,-5.640144348144531,0.05535626411437988,
4866,-5.755932807922363,0.05562996864318848,
4867,-5.639471530914307,0.05502200126647949,
4868,-5.632404804229736,0.05455756187438965,
4869,-5.844797134399414,0.054497480392456055,
4870,-5.768618583679199,0.054502248764038086,-0.3995402455329895
4871,-5.71539306640625,0.12653899192810059,
4872,-5.681313991546631,0.05392122268676758,
4873,-5.575434684753418,0.055832862854003906,
4874,-5.640434265136719,0.05482888221740723,
4875,-5.807309150695801,0.054746150970458984,
4876,-5.584334373474121,0.05597877502441406,
4877,-5.4322357177734375,0.054079294204711914,
4878,-5.553078651428223,0.055832862854003906,
4879,-5.749578475952148,0.054439544677734375,
4880,-5.608204364776611,0.05455493927001953,-0.4297811686992645
4881,-5.553344249725342,0.12800264358520508,
4882,-5.515256881713867,0.05497598648071289,
4883,-5.60095739364624,0.05491328239440918,
4884,-5.698551177978516,0.05502057075500488,
4885,-5.5856428146362305,0.05498480796813965,
4886,-5.7273268699646,0.05540299415588379,
4887,-5.778988361358643,0.05533623695373535,
4888,-5.748405456542969,0.05519509315490723,
4889,-5.863613605499268,0.054781436920166016,
4890,-5.714463233947754,0.055291175842285156,-0.41455578804016113
4891,-5.764244079589844,0.25629615783691406,
4892,-5.831080436706543,0.054593563079833984,
4893,-5.710803985595703,0.05499100685119629,
4894,-5.7597808837890625,0.05440187454223633,
4895,-5.6246795654296875,0.05562305450439453,
4896,-5.659620761871338,0.055377960205078125,
4897,-5.706279754638672,0.054308414459228516,
4898,-5.832904815673828,0.05480074882507324,
4899,-5.790233612060547,0.05491209030151367,
4900,-5.770940780639648,0.054277658462524414,-0.5003131628036499
4901,-5.84544563293457,0.12717533111572266,
4902,-6.020473480224609,0.056337594985961914,
4903,-5.7913947105407715,0.05529189109802246,
4904,-5.647784233093262,0.05644631385803223,
4905,-5.690566062927246,0.05422019958496094,
4906,-5.755226135253906,0.055223703384399414,
4907,-5.629424095153809,0.055884599685668945,
4908,-5.417773723602295,0.05434417724609375,
4909,-5.747227668762207,0.054665327072143555,
4910,-5.702451705932617,0.054930686950683594,-0.3819131851196289
4911,-5.622330665588379,0.1285104751586914,
4912,-5.932218551635742,0.055406808853149414,
4913,-5.739258766174316,0.054189443588256836,
4914,-5.892106056213379,0.05574679374694824,
4915,-5.875534534454346,0.05481433868408203,
4916,-5.5778961181640625,0.05470418930053711,
4917,-5.574286460876465,0.05428147315979004,
4918,-5.9643940925598145,0.05551958084106445,
4919,-5.741060256958008,0.05514407157897949,
4920,-5.709333896636963,0.05495905876159668,-0.4680255651473999
4921,-5.546957969665527,0.12832975387573242,
4922,-5.605632305145264,0.05470561981201172,
4923,-5.6948466300964355,0.0547327995300293,
4924,-5.61055850982666,0.054215192794799805,
4925,-5.895196914672852,0.054694175720214844,
4926,-5.815309047698975,0.055123329162597656,
4927,-5.885759353637695,0.054868221282958984,
4928,-5.7580060958862305,0.054848432540893555,
4929,-5.743646621704102,0.05569314956665039,
4930,-5.823424816131592,0.054847002029418945,-0.512438178062439
4931,-5.639383316040039,0.12833809852600098,
4932,-5.701336860656738,0.054964542388916016,
4933,-5.7535400390625,0.054535865783691406,
4934,-5.8362650871276855,0.0544888973236084,
4935,-5.929220199584961,0.05428624153137207,
4936,-5.727169036865234,0.05420875549316406,
4937,-5.691316604614258,0.05436205863952637,
4938,-5.786053657531738,0.05456185340881348,
4939,-5.642210960388184,0.05411410331726074,
4940,-5.816705703735352,0.054523468017578125,-0.4531971514225006
4941,-5.878504753112793,0.1265869140625,
4942,-5.8610405921936035,0.05572175979614258,
4943,-5.849419116973877,0.05435490608215332,
4944,-5.846172332763672,0.05541110038757324,
4945,-5.582766532897949,0.0547327995300293,
4946,-5.824285984039307,0.05477619171142578,
4947,-5.911635398864746,0.05419278144836426,
4948,-5.876741886138916,0.05462217330932617,
4949,-5.877721786499023,0.05631399154663086,
4950,-5.859500885009766,0.054000139236450195,-0.317596971988678
4951,-5.837665557861328,0.13080549240112305,
4952,-6.006039619445801,0.05410170555114746,
4953,-5.803164482116699,0.0546417236328125,
4954,-5.763245582580566,0.054842233657836914,
4955,-5.890354156494141,0.05431199073791504,
4956,-5.76544189453125,0.05481076240539551,
4957,-5.780990123748779,0.056658029556274414,
4958,-5.820106029510498,0.0541377067565918,
4959,-5.834494590759277,0.05471229553222656,
4960,-5.629500389099121,0.054815053939819336,-0.5847985744476318
4961,-5.82430362701416,0.12712860107421875,
4962,-5.623758316040039,0.05462646484375,
4963,-5.555371284484863,0.05452084541320801,
4964,-5.620910167694092,0.05451560020446777,
4965,-5.810183525085449,0.054877519607543945,
4966,-5.66187858581543,0.05434298515319824,
4967,-5.730957984924316,0.05484914779663086,
4968,-5.762125015258789,0.05461287498474121,
4969,-5.53810977935791,0.05459928512573242,
4970,-5.5800676345825195,0.05470776557922363,-0.5044389367103577
4971,-5.819818019866943,0.12743759155273438,
4972,-5.849374771118164,0.0547337532043457,
4973,-5.691899299621582,0.0541386604309082,
4974,-5.795326232910156,0.053910017013549805,
4975,-5.842929840087891,0.0540308952331543,
4976,-5.759068012237549,0.05401444435119629,
4977,-5.746866226196289,0.05418276786804199,
4978,-5.8177595138549805,0.05457592010498047,
4979,-5.727497100830078,0.05502915382385254,
4980,-5.847749710083008,0.054242849349975586,-0.5431978702545166
4981,-5.879036903381348,0.12573981285095215,
4982,-5.748571872711182,0.0542604923248291,
4983,-5.687381744384766,0.05456829071044922,
4984,-5.6015543937683105,0.054383277893066406,
4985,-5.77125358581543,0.05449938774108887,
4986,-5.664353847503662,0.05462336540222168,
4987,-5.72367000579834,0.0548398494720459,
4988,-5.838639259338379,0.054833173751831055,
4989,-5.740954399108887,0.05502057075500488,
4990,-5.688763618469238,0.05548977851867676,-0.4482916593551636
4991,-5.825416564941406,0.12702155113220215,
4992,-5.8746490478515625,0.054564714431762695,
4993,-5.776263236999512,0.05612516403198242,
4994,-5.8433027267456055,0.05496525764465332,
4995,-5.645843505859375,0.054956674575805664,
4996,-5.83290433883667,0.055355072021484375,
4997,-5.772060394287109,0.054779052734375,
4998,-5.909218788146973,0.054900169372558594,
4999,-5.806046009063721,0.05419731140136719,
5000,-5.834031581878662,0.05445218086242676,-0.3899703621864319
5001,-5.758829593658447,0.12627840042114258,
5002,-5.690518379211426,0.05472517013549805,
5003,-5.6539411544799805,0.05469846725463867,
5004,-5.783447265625,0.054563045501708984,
5005,-5.607227325439453,0.0549013614654541,
5006,-5.822839736938477,0.05522465705871582,
5007,-6.070083141326904,0.054923057556152344,
5008,-5.747276306152344,0.055528879165649414,
5009,-5.966437339782715,0.05694270133972168,
5010,-5.802434921264648,0.055347442626953125,-0.48618271946907043
5011,-6.014326095581055,0.1273188591003418,
5012,-5.909976959228516,0.05437159538269043,
5013,-5.773036003112793,0.054886817932128906,
5014,-5.774602890014648,0.05507493019104004,
5015,-5.84782075881958,0.054506540298461914,
5016,-5.809581279754639,0.05506157875061035,
5017,-5.964656829833984,0.05534553527832031,
5018,-5.776187896728516,0.05484509468078613,
5019,-5.632135391235352,0.054677486419677734,
5020,-5.700098514556885,0.05487775802612305,-0.49393874406814575
5021,-5.7717204093933105,0.2524700164794922,
5022,-5.814903259277344,0.05564284324645996,
5023,-5.818134784698486,0.05440402030944824,
5024,-5.849821090698242,0.05478549003601074,
5025,-5.713342666625977,0.05506300926208496,
5026,-5.834830284118652,0.05436825752258301,
5027,-6.061151504516602,0.05518054962158203,
5028,-5.865253925323486,0.05488228797912598,
5029,-5.7535905838012695,0.05491280555725098,
5030,-5.755328178405762,0.05475974082946777,-0.4487670660018921
5031,-5.887500762939453,0.12812018394470215,
5032,-5.861865043640137,0.05487704277038574,
5033,-5.6825971603393555,0.054787397384643555,
5034,-5.617578506469727,0.054166316986083984,
5035,-5.828856945037842,0.05472922325134277,
5036,-5.8527679443359375,0.05483865737915039,
5037,-5.683780193328857,0.05495309829711914,
5038,-5.756986618041992,0.05487227439880371,
5039,-5.755366325378418,0.05516195297241211,
5040,-5.731828689575195,0.055594444274902344,-0.4672555923461914
5041,-5.7550578117370605,0.12651920318603516,
5042,-5.798142433166504,0.05472254753112793,
5043,-5.727614402770996,0.0548710823059082,
5044,-5.858543395996094,0.054741859436035156,
5045,-5.780711650848389,0.05504012107849121,
5046,-5.644190788269043,0.055019378662109375,
5047,-5.563742637634277,0.05445981025695801,
5048,-5.607887268066406,0.05491137504577637,
5049,-5.614553451538086,0.054108619689941406,
5050,-5.606518745422363,0.054670095443725586,-0.5376726388931274
5051,-5.832697868347168,0.12702536582946777,
5052,-5.762803077697754,0.056418418884277344,
5053,-5.4884843826293945,0.05456709861755371,
5054,-5.554417133331299,0.05485033988952637,
5055,-5.629913806915283,0.05460023880004883,
5056,-5.812824726104736,0.0551910400390625,
5057,-5.773774147033691,0.05529022216796875,
5058,-5.729439735412598,0.055205345153808594,
5059,-5.866750717163086,0.05471396446228027,
5060,-5.577888488769531,0.05434536933898926,-0.3973471522331238
5061,-5.498894691467285,0.12615585327148438,
5062,-5.664056301116943,0.05463242530822754,
5063,-5.600252628326416,0.05442023277282715,
5064,-5.641060829162598,0.05496025085449219,
5065,-5.688887596130371,0.05486655235290527,
5066,-5.790450572967529,0.05540347099304199,
5067,-5.810177803039551,0.05498027801513672,
5068,-5.594018936157227,0.05477118492126465,
5069,-5.727973937988281,0.05496358871459961,
5070,-5.790667533874512,0.05496048927307129,-0.4583546221256256
5071,-5.881753921508789,0.12731170654296875,
5072,-5.758528232574463,0.05406522750854492,
5073,-5.899273872375488,0.05430889129638672,
5074,-5.877842903137207,0.054971933364868164,
5075,-5.84222412109375,0.05410885810852051,
5076,-5.857499122619629,0.05436515808105469,
5077,-5.815560340881348,0.05564093589782715,
5078,-5.818325996398926,0.05515146255493164,
5079,-5.890920639038086,0.05410337448120117,
5080,-5.911443710327148,0.055168867111206055,-0.4615187644958496
5081,-5.916980743408203,0.12642192840576172,
5082,-5.757711410522461,0.055166006088256836,
5083,-5.888401985168457,0.05512809753417969,
5084,-5.667990684509277,0.054683685302734375,
5085,-5.812694549560547,0.05502820014953613,
5086,-5.916027069091797,0.05524492263793945,
5087,-5.887261867523193,0.05435824394226074,
5088,-5.652277946472168,0.05451011657714844,
5089,-5.808677673339844,0.05473971366882324,
5090,-5.933632850646973,0.05440020561218262,-0.4528406858444214
5091,-5.886180877685547,0.12755870819091797,
5092,-5.838644981384277,0.05449271202087402,
5093,-5.836955547332764,0.054692983627319336,
5094,-5.893033981323242,0.05474686622619629,
5095,-5.911863803863525,0.05432939529418945,
5096,-6.0019073486328125,0.05464315414428711,
5097,-5.794544219970703,0.055045127868652344,
5098,-5.975438117980957,0.0542454719543457,
5099,-6.006946563720703,0.0551910400390625,
5100,-6.031846046447754,0.05524253845214844,-0.5545821189880371
5101,-5.946058750152588,0.12758302688598633,
5102,-6.119162559509277,0.05439138412475586,
5103,-5.903763771057129,0.05473685264587402,
5104,-5.859286308288574,0.054703712463378906,
5105,-5.751372337341309,0.05489015579223633,
5106,-5.697620391845703,0.05449628829956055,
5107,-5.891122817993164,0.05467963218688965,
5108,-5.778501510620117,0.054618120193481445,
5109,-5.779399871826172,0.05495190620422363,
5110,-5.750306129455566,0.05453801155090332,-0.3492509126663208
5111,-5.636364936828613,0.12929415702819824,
5112,-5.756231307983398,0.0550689697265625,
5113,-5.68296480178833,0.054822683334350586,
5114,-5.668265342712402,0.05408334732055664,
5115,-5.786478519439697,0.054622650146484375,
5116,-5.700176239013672,0.05422043800354004,
5117,-5.7838664054870605,0.05415797233581543,
5118,-5.901047706604004,0.05452156066894531,
5119,-5.852750778198242,0.05428290367126465,
5120,-5.90639591217041,0.05401015281677246,-0.4152441620826721
5121,-5.744928359985352,0.12452173233032227,
5122,-5.696819305419922,0.05405163764953613,
5123,-5.621400833129883,0.054155588150024414,
5124,-5.674530982971191,0.05390667915344238,
5125,-5.902443885803223,0.0541989803314209,
5126,-5.791074752807617,0.05410432815551758,
5127,-5.776634693145752,0.054085493087768555,
5128,-5.99932861328125,0.05402183532714844,
5129,-5.738935470581055,0.054110050201416016,
5130,-5.82698917388916,0.05445146560668945,-0.5377343893051147
5131,-5.857702732086182,0.12572741508483887,
5132,-5.818194389343262,0.05400371551513672,
5133,-5.863888740539551,0.05469155311584473,
5134,-5.880070686340332,0.055025577545166016,
5135,-5.697680473327637,0.05476117134094238,
5136,-5.830940246582031,0.05489754676818848,
5137,-5.778196811676025,0.054747819900512695,
5138,-5.591440200805664,0.0549468994140625,
5139,-5.910219192504883,0.05481457710266113,
5140,-5.858211517333984,0.05522942543029785,-0.3867203891277313
5141,-5.69028902053833,0.25858592987060547,
5142,-5.863492965698242,0.05535888671875,
5143,-5.877340316772461,0.05473780632019043,
5144,-5.849504470825195,0.054952383041381836,
5145,-5.765263080596924,0.05502200126647949,
5146,-5.859806060791016,0.054975032806396484,
5147,-5.8165364265441895,0.05431509017944336,
5148,-5.827173233032227,0.0546572208404541,
5149,-5.907658576965332,0.055312156677246094,
5150,-5.977059841156006,0.05444478988647461,-0.25753822922706604
5151,-5.7448296546936035,0.12923407554626465,
5152,-5.795046806335449,0.05500197410583496,
5153,-5.7419843673706055,0.05467677116394043,
5154,-5.6768269538879395,0.054912567138671875,
5155,-5.673786163330078,0.05489397048950195,
5156,-5.7133026123046875,0.05494427680969238,
5157,-5.682704925537109,0.05479097366333008,
5158,-5.866642951965332,0.05421710014343262,
5159,-5.7863945960998535,0.0539402961730957,
5160,-5.781362056732178,0.05470442771911621,-0.47977083921432495
5161,-5.8870649337768555,0.1276240348815918,
5162,-5.765818119049072,0.05410456657409668,
5163,-5.902108192443848,0.05421948432922363,
5164,-5.704580783843994,0.054244279861450195,
5165,-5.622763156890869,0.05470013618469238,
5166,-5.71852970123291,0.05441021919250488,
5167,-5.640708923339844,0.054825544357299805,
5168,-5.621120452880859,0.055097341537475586,
5169,-5.769785404205322,0.05459880828857422,
5170,-5.855670928955078,0.05494427680969238,-0.44980549812316895
5171,-5.791949272155762,0.12630867958068848,
5172,-5.721275329589844,0.054204702377319336,
5173,-5.789502143859863,0.054000139236450195,
5174,-5.716097354888916,0.05458188056945801,
5175,-5.935949325561523,0.054190635681152344,
5176,-5.999552249908447,0.05377769470214844,
5177,-6.024667739868164,0.05407357215881348,
5178,-5.899802207946777,0.05410480499267578,
5179,-5.847224235534668,0.05393242835998535,
5180,-5.855511665344238,0.053755760192871094,-0.37630489468574524
5181,-5.697397232055664,0.1276721954345703,
5182,-5.722101211547852,0.05548286437988281,
5183,-5.580528259277344,0.05501365661621094,
5184,-5.884115219116211,0.054392099380493164,
5185,-5.7942070960998535,0.054480552673339844,
5186,-5.827314376831055,0.055899858474731445,
5187,-5.77669620513916,0.054978370666503906,
5188,-5.922856330871582,0.05459022521972656,
5189,-5.820102691650391,0.055788516998291016,
5190,-5.907214164733887,0.056125640869140625,-0.3990268111228943
5191,-5.754739284515381,0.1264946460723877,
5192,-5.880297660827637,0.054215431213378906,
5193,-5.7310638427734375,0.054593563079833984,
5194,-5.775055885314941,0.05448126792907715,
5195,-5.758378505706787,0.05457305908203125,
5196,-5.859930515289307,0.0544586181640625,
5197,-5.676164627075195,0.05450153350830078,
5198,-5.92462158203125,0.05530548095703125,
5199,-5.850487232208252,0.0540928840637207,
5200,-5.941065311431885,0.054863691329956055,-0.4503585696220398
5201,-5.904858589172363,0.12762117385864258,
5202,-5.835423469543457,0.05486631393432617,
5203,-6.013483047485352,0.05415201187133789,
5204,-5.702418804168701,0.05457162857055664,
5205,-5.695596694946289,0.05453157424926758,
5206,-5.840906143188477,0.05449843406677246,
5207,-5.748934745788574,0.0544276237487793,
5208,-5.869545936584473,0.05464816093444824,
5209,-5.840733528137207,0.055367469787597656,
5210,-5.861289978027344,0.055197954177856445,-0.3718155026435852
5211,-5.891868591308594,0.12682414054870605,
5212,-5.715738296508789,0.055625200271606445,
5213,-5.82322883605957,0.05607342720031738,
5214,-5.730208396911621,0.05477261543273926,
5215,-5.697388648986816,0.05402708053588867,
5216,-5.652827262878418,0.05401873588562012,
5217,-5.630761623382568,0.05433487892150879,
5218,-5.501465797424316,0.05409359931945801,
5219,-5.676057815551758,0.05472993850708008,
5220,-5.733341217041016,0.05509305000305176,-0.49748289585113525
5221,-5.536253452301025,0.12598586082458496,
5222,-5.692525863647461,0.05451178550720215,
5223,-5.788850784301758,0.05498504638671875,
5224,-5.681479454040527,0.05501890182495117,
5225,-5.584251403808594,0.054970741271972656,
5226,-5.61745548248291,0.05472970008850098,
5227,-5.8268914222717285,0.05463910102844238,
5228,-5.753235816955566,0.056081533432006836,
5229,-5.7848663330078125,0.054168701171875,
5230,-5.4891862869262695,0.05476260185241699,-0.3622811436653137
5231,-5.699206829071045,0.12782573699951172,
5232,-5.7238054275512695,0.05463743209838867,
5233,-5.714656352996826,0.05447983741760254,
5234,-5.729734420776367,0.0545501708984375,
5235,-5.793244361877441,0.055676937103271484,
5236,-5.562098026275635,0.05486559867858887,
5237,-5.535412311553955,0.05446434020996094,
5238,-5.658344268798828,0.05449509620666504,
5239,-5.746591567993164,0.0548858642578125,
5240,-5.969890594482422,0.05535435676574707,-0.3819660246372223
5241,-5.756502151489258,0.12799310684204102,
5242,-5.9097747802734375,0.05529022216796875,
5243,-5.85774564743042,0.05465126037597656,
5244,-5.959782600402832,0.05558490753173828,
5245,-5.800102233886719,0.0545046329498291,
5246,-5.751428604125977,0.054941654205322266,
5247,-5.896335124969482,0.05498027801513672,
5248,-5.938455581665039,0.05482196807861328,
5249,-5.951022148132324,0.05515885353088379,
5250,-5.710509300231934,0.05501532554626465,-0.43760135769844055
5251,-6.0131049156188965,0.12728548049926758,
5252,-5.9434814453125,0.054425716400146484,
5253,-5.797373294830322,0.054427385330200195,
5254,-5.754234313964844,0.05527234077453613,
5255,-5.917336940765381,0.05558967590332031,
5256,-5.757987976074219,0.05446577072143555,
5257,-5.79433536529541,0.054889678955078125,
5258,-5.865497589111328,0.05586504936218262,
5259,-5.865283966064453,0.05511736869812012,
5260,-5.869785308837891,0.055391550064086914,-0.36163330078125
5261,-5.956633567810059,0.2590041160583496,
5262,-5.782764434814453,0.05462002754211426,
5263,-5.834750652313232,0.054791927337646484,
5264,-5.947183132171631,0.055797576904296875,
5265,-5.921958923339844,0.054044246673583984,
5266,-5.935454368591309,0.05461382865905762,
5267,-5.819108963012695,0.05537056922912598,
5268,-5.851967811584473,0.054526329040527344,
5269,-5.954586505889893,0.05489945411682129,
5270,-5.8452348709106445,0.05510568618774414,-0.4280683100223541
5271,-5.856525421142578,0.12720441818237305,
5272,-5.6554789543151855,0.054611921310424805,
5273,-5.80133056640625,0.0548253059387207,
5274,-5.839834213256836,0.05485129356384277,
5275,-5.831486225128174,0.05443406105041504,
5276,-5.654778480529785,0.054665565490722656,
5277,-5.743743896484375,0.054741859436035156,
5278,-5.641247749328613,0.05635333061218262,
5279,-5.842552185058594,0.0551602840423584,
5280,-5.750297546386719,0.054392099380493164,-0.4084165394306183
5281,-5.811468124389648,0.1264958381652832,
5282,-5.820817947387695,0.05502963066101074,
5283,-5.763647079467773,0.054525136947631836,
5284,-5.720271110534668,0.05535745620727539,
5285,-5.968099594116211,0.05552101135253906,
5286,-5.661864280700684,0.0567629337310791,
5287,-5.686126708984375,0.05420637130737305,
5288,-5.753517150878906,0.054741859436035156,
5289,-5.755638122558594,0.05485820770263672,
5290,-5.757532596588135,0.054962873458862305,-0.34784647822380066
5291,-5.972921371459961,0.1288447380065918,
5292,-5.849337577819824,0.055051565170288086,
5293,-5.861987590789795,0.05500531196594238,
5294,-5.958249568939209,0.05494523048400879,
5295,-5.931219577789307,0.05402636528015137,
5296,-5.844969749450684,0.05460071563720703,
5297,-5.848559856414795,0.05491924285888672,
5298,-5.928592681884766,0.054435014724731445,
5299,-5.815976142883301,0.05518698692321777,
5300,-5.986628532409668,0.055237770080566406,-0.4410523772239685
5301,-5.963970184326172,0.1257939338684082,
5302,-5.938979148864746,0.05442667007446289,
5303,-5.6614484786987305,0.05475258827209473,
5304,-5.832003593444824,0.054846763610839844,
5305,-5.869768142700195,0.05528116226196289,
5306,-5.857125282287598,0.055306196212768555,
5307,-5.800440788269043,0.05449819564819336,
5308,-5.79575777053833,0.05467653274536133,
5309,-5.734129428863525,0.05625605583190918,
5310,-5.971834182739258,0.054395437240600586,-0.41936740279197693
5311,-5.80288028717041,0.1287834644317627,
5312,-5.9040374755859375,0.05505847930908203,
5313,-5.86184549331665,0.05541634559631348,
5314,-5.806212425231934,0.05401968955993652,
5315,-5.928378582000732,0.0547633171081543,
5316,-5.961241722106934,0.054488420486450195,
5317,-5.938904762268066,0.05562925338745117,
5318,-5.983025074005127,0.05433034896850586,
5319,-5.825687408447266,0.05498623847961426,
5320,-5.851114273071289,0.05430459976196289,-0.41528090834617615
5321,-5.975133895874023,0.12740111351013184,
5322,-5.824451446533203,0.05462932586669922,
5323,-5.835511684417725,0.05549263954162598,
5324,-5.899462699890137,0.05504202842712402,
5325,-5.6934380531311035,0.055394887924194336,
5326,-5.614677429199219,0.054544925689697266,
5327,-5.829193115234375,0.05491018295288086,
5328,-5.96000337600708,0.056125640869140625,
5329,-6.017762184143066,0.05401206016540527,
5330,-5.971242427825928,0.054728031158447266,-0.4685550928115845
5331,-5.889604568481445,0.12706995010375977,
5332,-5.931513786315918,0.05537819862365723,
5333,-5.873608589172363,0.05458545684814453,
5334,-5.8598175048828125,0.05479264259338379,
5335,-5.979054927825928,0.05489778518676758,
5336,-5.760076522827148,0.05531930923461914,
5337,-5.947488784790039,0.0551609992980957,
5338,-5.940464019775391,0.054871559143066406,
5339,-5.823500156402588,0.05487537384033203,
5340,-5.799959182739258,0.05443835258483887,-0.3656230568885803
5341,-6.0782341957092285,0.12879204750061035,
5342,-5.868510723114014,0.05482196807861328,
5343,-5.897164821624756,0.05509543418884277,
5344,-5.927914619445801,0.05571722984313965,
5345,-5.780548095703125,0.05464434623718262,
5346,-5.831785678863525,0.05469155311584473,
5347,-5.749612808227539,0.054738521575927734,
5348,-5.881185531616211,0.05510354042053223,
5349,-5.948840141296387,0.054615020751953125,
5350,-5.983902454376221,0.05533933639526367,-0.4115148186683655
5351,-5.9618730545043945,0.13151097297668457,
5352,-5.9416656494140625,0.054967403411865234,
5353,-5.976325988769531,0.05514073371887207,
5354,-5.801342010498047,0.054782867431640625,
5355,-5.722049236297607,0.054869651794433594,
5356,-5.919526100158691,0.05593299865722656,
5357,-6.046172142028809,0.0542912483215332,
5358,-5.827452659606934,0.054672956466674805,
5359,-5.760993957519531,0.054908037185668945,
5360,-5.89237117767334,0.0549473762512207,-0.42451316118240356
5361,-5.949440002441406,0.12812519073486328,
5362,-5.9009199142456055,0.05482316017150879,
5363,-5.62675666809082,0.055042266845703125,
5364,-5.7405266761779785,0.055214881896972656,
5365,-5.845921039581299,0.05453968048095703,
5366,-5.907675743103027,0.0555577278137207,
5367,-5.757522106170654,0.055092573165893555,
5368,-5.772494316101074,0.056206464767456055,
5369,-5.822340965270996,0.05498909950256348,
5370,-5.8603596687316895,0.055391788482666016,-0.43168312311172485
5371,-5.966958045959473,0.12682247161865234,
5372,-5.978240489959717,0.05470442771911621,
5373,-5.862516403198242,0.05447125434875488,
5374,-5.774365425109863,0.05492043495178223,
5375,-5.871822357177734,0.05481457710266113,
5376,-5.817896842956543,0.05466032028198242,
5377,-5.796243667602539,0.05531716346740723,
5378,-5.9498138427734375,0.055147647857666016,
5379,-5.89985466003418,0.05605149269104004,
5380,-5.897576332092285,0.05597972869873047,-0.5594078898429871
5381,-5.987071990966797,0.255626916885376,
5382,-5.942638397216797,0.05493950843811035,
5383,-6.018385410308838,0.05498504638671875,
5384,-6.017552375793457,0.055908203125,
5385,-6.001001358032227,0.05479717254638672,
5386,-6.05592679977417,0.05497574806213379,
5387,-5.963815689086914,0.05466032028198242,
5388,-5.924777984619141,0.054434776306152344,
5389,-5.777958393096924,0.05472445487976074,
5390,-6.053276062011719,0.05446505546569824,-0.45337870717048645
5391,-5.896085262298584,0.12617897987365723,
5392,-5.9286956787109375,0.053992509841918945,
5393,-5.924947738647461,0.05447030067443848,
5394,-5.958982467651367,0.054338932037353516,
5395,-5.776756763458252,0.05461406707763672,
5396,-5.859714984893799,0.05421805381774902,
5397,-5.738406658172607,0.05449342727661133,
5398,-5.793525695800781,0.05486440658569336,
5399,-5.908056259155273,0.05443620681762695,
5400,-5.752521514892578,0.054454803466796875,-0.5253007411956787
5401,-5.769495010375977,0.12617158889770508,
5402,-5.683108329772949,0.05474543571472168,
5403,-5.811301231384277,0.05469107627868652,
5404,-5.899857521057129,0.05482673645019531,
5405,-5.714316368103027,0.05527997016906738,
5406,-5.9647321701049805,0.05680990219116211,
5407,-5.852511405944824,0.05578899383544922,
5408,-5.944169044494629,0.055213212966918945,
5409,-6.0104780197143555,0.05482935905456543,
5410,-5.97127628326416,0.05677509307861328,-0.3469259440898895
5411,-5.930426597595215,0.12611746788024902,
5412,-5.890414237976074,0.05437517166137695,
5413,-5.8885602951049805,0.054584503173828125,
5414,-5.8260579109191895,0.0546414852142334,
5415,-5.828763961791992,0.05410265922546387,
5416,-5.755586624145508,0.055590152740478516,
5417,-5.685229301452637,0.05620765686035156,
5418,-5.897298812866211,0.0552675724029541,
5419,-5.905640602111816,0.054724693298339844,
5420,-5.781584739685059,0.05505228042602539,-0.5005993247032166
5421,-5.842392921447754,0.12891817092895508,
5422,-5.9561896324157715,0.0548100471496582,
5423,-5.84002685546875,0.05474400520324707,
5424,-5.934418201446533,0.054949283599853516,
5425,-5.955283164978027,0.05496525764465332,
5426,-5.871284484863281,0.05652308464050293,
5427,-5.8918609619140625,0.05455780029296875,
5428,-6.058917999267578,0.05494976043701172,
5429,-5.945883750915527,0.05474734306335449,
5430,-5.79050350189209,0.05480170249938965,-0.4144415557384491
5431,-5.7956743240356445,0.12850618362426758,
5432,-5.932413101196289,0.05435824394226074,
5433,-5.918495178222656,0.05514192581176758,
5434,-5.895429611206055,0.0546717643737793,
5435,-6.068251609802246,0.05472683906555176,
5436,-5.846026420593262,0.05502605438232422,
5437,-5.90710973739624,0.055084943771362305,
5438,-5.909924507141113,0.054642677307128906,
5439,-5.721395492553711,0.054384708404541016,
5440,-5.971247673034668,0.05439400672912598,-0.4734951853752136
5441,-5.849192142486572,0.1266493797302246,
5442,-5.977085113525391,0.054700374603271484,
5443,-5.947532653808594,0.05484604835510254,
5444,-5.858898162841797,0.05454659461975098,
5445,-5.852092742919922,0.054895639419555664,
5446,-6.007429599761963,0.054190635681152344,
5447,-6.069822311401367,0.05474281311035156,
5448,-5.8362016677856445,0.054694175720214844,
5449,-5.758326530456543,0.05456900596618652,
5450,-6.014944076538086,0.05447983741760254,-0.4153329133987427
5451,-5.769270896911621,0.12708282470703125,
5452,-5.924001693725586,0.05510210990905762,
5453,-5.969123840332031,0.05507206916809082,
5454,-5.956405162811279,0.05465364456176758,
5455,-5.813599586486816,0.05506324768066406,
5456,-5.912805557250977,0.05577540397644043,
5457,-5.911942958831787,0.05425834655761719,
5458,-5.8932342529296875,0.0547332763671875,
5459,-5.940084934234619,0.054741859436035156,
5460,-6.038260459899902,0.054340362548828125,-0.34112414717674255
5461,-5.820184707641602,0.12689638137817383,
5462,-5.877793312072754,0.055048465728759766,
5463,-5.766722679138184,0.054892539978027344,
5464,-6.02637243270874,0.05524492263793945,
5465,-5.856597423553467,0.054233551025390625,
5466,-6.078575611114502,0.055589914321899414,
5467,-5.781654357910156,0.05583548545837402,
5468,-5.841225624084473,0.05577373504638672,
5469,-6.0658392906188965,0.054563283920288086,
5470,-6.007444381713867,0.05477309226989746,-0.47281062602996826
5471,-5.945075988769531,0.12869024276733398,
5472,-5.958894729614258,0.056554555892944336,
5473,-5.868378162384033,0.054886817932128906,
5474,-5.972970008850098,0.05427384376525879,
5475,-6.136224746704102,0.05464816093444824,
5476,-5.768502712249756,0.05434751510620117,
5477,-5.897846221923828,0.05486273765563965,
5478,-5.912509918212891,0.05513334274291992,
5479,-5.9660234451293945,0.05496382713317871,
5480,-5.9380927085876465,0.05403637886047363,-0.4100954532623291
5481,-5.840544700622559,0.12694978713989258,
5482,-5.833861351013184,0.054553985595703125,
5483,-5.797789096832275,0.05476737022399902,
5484,-5.750967025756836,0.05455350875854492,
5485,-5.804908752441406,0.054924726486206055,
5486,-5.886979103088379,0.05472159385681152,
5487,-5.8536529541015625,0.0550084114074707,
5488,-5.700955390930176,0.0544123649597168,
5489,-6.028847694396973,0.05472278594970703,
5490,-5.858785629272461,0.054825544357299805,-0.44767481088638306
5491,-5.983548164367676,0.12594866752624512,
5492,-6.083518981933594,0.05413818359375,
5493,-5.977488040924072,0.05477404594421387,
5494,-5.995046615600586,0.05474448204040527,
5495,-5.970826148986816,0.054465532302856445,
5496,-5.859162330627441,0.054921865463256836,
5497,-5.924119472503662,0.05471944808959961,
5498,-5.821315288543701,0.05630207061767578,
5499,-5.891319274902344,0.05481433868408203,
5500,-5.695406913757324,0.05545496940612793,-0.5201227068901062
5501,-5.701483249664307,0.12882733345031738,
5502,-5.917647361755371,0.055086374282836914,
5503,-6.0006608963012695,0.05493044853210449,
5504,-5.871354579925537,0.055600643157958984,
5505,-5.764621734619141,0.05494117736816406,
5506,-5.750463485717773,0.055097103118896484,
5507,-5.902296543121338,0.05419802665710449,
5508,-5.846543312072754,0.0556948184967041,
5509,-5.814701080322266,0.055230140686035156,
5510,-5.762666702270508,0.18090415000915527,-0.37684759497642517
5511,-5.687736511230469,0.12683773040771484,
5512,-5.721674919128418,0.054836273193359375,
5513,-5.814916610717773,0.05446791648864746,
5514,-5.827366828918457,0.05485987663269043,
5515,-5.89832878112793,0.054425954818725586,
5516,-5.80886173248291,0.054068803787231445,
5517,-5.968920707702637,0.05441164970397949,
5518,-5.8336992263793945,0.054477691650390625,
5519,-5.856673240661621,0.054808616638183594,
5520,-5.795851707458496,0.05498981475830078,-0.5226455330848694
5521,-5.684601783752441,0.12847042083740234,
5522,-5.870664119720459,0.05441713333129883,
5523,-5.788670539855957,0.05425524711608887,
5524,-5.756998538970947,0.054463863372802734,
5525,-5.706007957458496,0.05501985549926758,
5526,-5.955455780029297,0.05413103103637695,
5527,-5.860651016235352,0.05586361885070801,
5528,-5.981288909912109,0.054903268814086914,
5529,-5.980306625366211,0.054184913635253906,
5530,-6.057001113891602,0.05398964881896973,-0.38313308358192444
5531,-6.1726813316345215,0.12647700309753418,
5532,-6.202763080596924,0.05413222312927246,
5533,-6.12652587890625,0.05391430854797363,
5534,-5.884304046630859,0.05409812927246094,
5535,-5.835352897644043,0.05418038368225098,
5536,-5.841536521911621,0.05422830581665039,
5537,-5.879820823669434,0.05424308776855469,
5538,-6.028632164001465,0.05486416816711426,
5539,-5.997579097747803,0.054842233657836914,
5540,-5.899787425994873,0.0538330078125,-0.39514774084091187
5541,-5.892723560333252,0.1250474452972412,
5542,-5.786437034606934,0.054633378982543945,
5543,-6.020387172698975,0.05531764030456543,
5544,-5.99333381652832,0.05404949188232422,
5545,-5.785209655761719,0.05549025535583496,
5546,-5.898564338684082,0.05588889122009277,
5547,-5.888303279876709,0.055495262145996094,
5548,-5.788739204406738,0.055303335189819336,
5549,-5.684266567230225,0.05579400062561035,
5550,-5.751091003417969,0.054663896560668945,-0.5766923427581787
5551,-5.9666948318481445,0.127119779586792,
5552,-5.965641975402832,0.05481529235839844,
5553,-5.794405460357666,0.05497479438781738,
5554,-5.668240547180176,0.0552973747253418,
5555,-5.885838985443115,0.05572676658630371,
5556,-5.827495574951172,0.05482792854309082,
5557,-5.7633538246154785,0.054718971252441406,
5558,-5.8597564697265625,0.05636715888977051,
5559,-5.791662216186523,0.05501151084899902,
5560,-5.686391830444336,0.05567789077758789,-0.431193470954895
5561,-5.644504547119141,0.1271529197692871,
5562,-5.71940803527832,0.05409812927246094,
5563,-5.90211820602417,0.054895877838134766,
5564,-5.837429046630859,0.0541386604309082,
5565,-5.927255630493164,0.054320335388183594,
5566,-5.944092750549316,0.0540776252746582,
5567,-5.865523338317871,0.05403709411621094,
5568,-6.055774211883545,0.05428433418273926,
5569,-5.9585747718811035,0.054511308670043945,
5570,-5.731768608093262,0.05463695526123047,-0.43692001700401306
5571,-6.101236820220947,0.12827491760253906,
5572,-6.047860145568848,0.054175615310668945,
5573,-5.801893711090088,0.05551004409790039,
5574,-5.857423782348633,0.05492091178894043,
5575,-5.906022548675537,0.05492281913757324,
5576,-6.044044017791748,0.05498099327087402,
5577,-5.900171279907227,0.05495285987854004,
5578,-5.971924304962158,0.05492401123046875,
5579,-5.711062908172607,0.05509495735168457,
5580,-6.015130043029785,0.05560111999511719,-0.4117121994495392
5581,-5.829730987548828,0.12839770317077637,
5582,-6.096147537231445,0.05419731140136719,
5583,-5.858120918273926,0.05402541160583496,
5584,-5.9581522941589355,0.0539860725402832,
5585,-6.000497341156006,0.054045915603637695,
5586,-6.0564069747924805,0.054451704025268555,
5587,-5.942267894744873,0.05439877510070801,
5588,-5.966597557067871,0.05467367172241211,
5589,-6.015209197998047,0.05461883544921875,
5590,-5.809430122375488,0.05498361587524414,-0.4458058476448059
5591,-5.783576965332031,0.12639212608337402,
5592,-5.883308410644531,0.05503439903259277,
5593,-6.004131317138672,0.055242061614990234,
5594,-6.056764602661133,0.05435371398925781,
5595,-5.85497522354126,0.054604291915893555,
5596,-5.799583435058594,0.054590463638305664,
5597,-6.1826372146606445,0.0543217658996582,
5598,-6.1101393699646,0.054572105407714844,
5599,-6.015503406524658,0.05465555191040039,
5600,-6.066066741943359,0.05439877510070801,-0.363309383392334
5601,-6.095127105712891,0.1272754669189453,
5602,-6.024876594543457,0.054555654525756836,
5603,-5.86401891708374,0.05471920967102051,
5604,-5.923145294189453,0.05515646934509277,
5605,-5.804583549499512,0.05450701713562012,
5606,-5.789932727813721,0.05487465858459473,
5607,-5.705807685852051,0.05446290969848633,
5608,-5.724419593811035,0.05462503433227539,
5609,-5.897519588470459,0.05489635467529297,
5610,-5.81607723236084,0.05530691146850586,-0.4929642081260681
5611,-5.661137580871582,0.13013172149658203,
5612,-5.703352451324463,0.055422067642211914,
5613,-5.715087413787842,0.054338693618774414,
5614,-5.927863121032715,0.05457282066345215,
5615,-5.927402019500732,0.05400228500366211,
5616,-5.975621223449707,0.05416512489318848,
5617,-5.887216091156006,0.05479693412780762,
5618,-5.709495544433594,0.05500078201293945,
5619,-5.767560005187988,0.05552244186401367,
5620,-5.951993942260742,0.05438566207885742,-0.35245952010154724
5621,-5.72127628326416,0.12656831741333008,
5622,-5.806268692016602,0.055277347564697266,
5623,-6.086233615875244,0.054949283599853516,
5624,-5.924227237701416,0.054892539978027344,
5625,-5.654890537261963,0.05486273765563965,
5626,-5.8922529220581055,0.054975271224975586,
5627,-6.050508499145508,0.05588221549987793,
5628,-5.664675712585449,0.05491471290588379,
5629,-5.9120192527771,0.05514693260192871,
5630,-5.9883551597595215,0.05547738075256348,-0.5909537076950073
5631,-5.892314910888672,0.24708819389343262,
5632,-5.767672538757324,0.054921865463256836,
5633,-5.865329265594482,0.054936885833740234,
5634,-5.918765068054199,0.055147647857666016,
5635,-5.92924690246582,0.054581642150878906,
5636,-5.826192378997803,0.0561830997467041,
5637,-5.840450763702393,0.05479907989501953,
5638,-6.004926681518555,0.05491018295288086,
5639,-6.0228424072265625,0.05437946319580078,
5640,-5.860894203186035,0.05541086196899414,-0.3417500853538513
5641,-5.896533966064453,0.12548065185546875,
5642,-5.86844539642334,0.05328559875488281,
5643,-5.931342124938965,0.053597211837768555,
5644,-6.125682830810547,0.05438971519470215,
5645,-5.833478927612305,0.05497908592224121,
5646,-5.7848076820373535,0.055032968521118164,
5647,-5.757936477661133,0.05502200126647949,
5648,-5.821988105773926,0.05483102798461914,
5649,-5.927084922790527,0.05505108833312988,
5650,-5.9022216796875,0.0548095703125,-0.38150754570961
5651,-5.855544567108154,0.12972021102905273,
5652,-5.861822128295898,0.05505228042602539,
5653,-5.952131271362305,0.05522751808166504,
5654,-5.832592487335205,0.05424022674560547,
5655,-5.780268669128418,0.054735422134399414,
5656,-5.834993362426758,0.0549471378326416,
5657,-5.908016204833984,0.05506134033203125,
5658,-6.072762489318848,0.05560445785522461,
5659,-5.9748969078063965,0.05463743209838867,
5660,-5.935215950012207,0.05435061454772949,-0.41110527515411377
5661,-6.0206732749938965,0.13390588760375977,
5662,-5.994495391845703,0.05406975746154785,
5663,-5.939486503601074,0.054648637771606445,
5664,-5.965123653411865,0.055914878845214844,
5665,-5.986603736877441,0.05503702163696289,
5666,-5.920310020446777,0.05478358268737793,
5667,-6.029064178466797,0.05363774299621582,
5668,-5.996168613433838,0.05441570281982422,
5669,-5.954586029052734,0.05422711372375488,
5670,-6.066625595092773,0.05451655387878418,-0.4764147102832794
5671,-5.860448360443115,0.1267383098602295,
5672,-5.711174964904785,0.0544133186340332,
5673,-5.874373435974121,0.05490851402282715,
5674,-5.787674903869629,0.05425071716308594,
5675,-5.966751575469971,0.05611538887023926,
5676,-5.905283451080322,0.05614185333251953,
5677,-5.9618330001831055,0.054300546646118164,
5678,-5.876222610473633,0.054175615310668945,
5679,-5.814348220825195,0.05466914176940918,
5680,-5.862969398498535,0.055206298828125,-0.4602413773536682
5681,-6.157225131988525,0.12565040588378906,
5682,-6.1337690353393555,0.05410957336425781,
5683,-6.033393859863281,0.05419778823852539,
5684,-5.973883628845215,0.054646968841552734,
5685,-5.9089813232421875,0.05420231819152832,
5686,-6.034302711486816,0.05461859703063965,
5687,-6.142679214477539,0.054982900619506836,
5688,-5.99152135848999,0.05400490760803223,
5689,-6.059131622314453,0.05451035499572754,
5690,-6.177177429199219,0.05453324317932129,-0.5069184303283691
5691,-6.147437572479248,0.12636947631835938,
5692,-5.935603141784668,0.05512094497680664,
5693,-5.797295570373535,0.05493807792663574,
5694,-5.789928436279297,0.05494523048400879,
5695,-5.8218817710876465,0.05508899688720703,
5696,-5.852069854736328,0.05458426475524902,
5697,-5.897308349609375,0.055129051208496094,
5698,-5.863513946533203,0.05503416061401367,
5699,-5.920613765716553,0.05493974685668945,
5700,-6.011968612670898,0.05470442771911621,-0.4229837656021118
5701,-5.816020488739014,0.1283576488494873,
5702,-5.871979713439941,0.054700374603271484,
5703,-5.949221611022949,0.05502009391784668,
5704,-5.913273334503174,0.05421280860900879,
5705,-5.870141506195068,0.05473208427429199,
5706,-5.92701530456543,0.05446982383728027,
5707,-5.929543972015381,0.054108619689941406,
5708,-5.863203525543213,0.0545191764831543,
5709,-5.970746040344238,0.05452847480773926,
5710,-5.834795951843262,0.05452990531921387,-0.522171676158905
5711,-6.000803470611572,0.1257946491241455,
5712,-5.948541164398193,0.05433821678161621,
5713,-5.991074562072754,0.05428647994995117,
5714,-6.01641845703125,0.054290771484375,
5715,-5.953181266784668,0.054396867752075195,
5716,-5.903724670410156,0.05467963218688965,
5717,-6.037386417388916,0.055106163024902344,
5718,-5.9280595779418945,0.0541532039642334,
5719,-5.890678405761719,0.054694414138793945,
5720,-5.912569046020508,0.05464816093444824,-0.38845983147621155
5721,-5.937809944152832,0.12616252899169922,
5722,-5.952890872955322,0.05434012413024902,
5723,-5.945255279541016,0.0545041561126709,
5724,-5.887579917907715,0.05466961860656738,
5725,-6.01302433013916,0.054596900939941406,
5726,-5.846222877502441,0.05507326126098633,
5727,-6.056645393371582,0.055118560791015625,
5728,-5.948204040527344,0.05544018745422363,
5729,-5.928243637084961,0.054369211196899414,
5730,-6.10770845413208,0.05522441864013672,-0.3521546423435211
5731,-5.864391326904297,0.1283111572265625,
5732,-5.9259843826293945,0.05483126640319824,
5733,-6.094386100769043,0.054608821868896484,
5734,-6.038333892822266,0.054570674896240234,
5735,-5.928813934326172,0.05652880668640137,
5736,-5.731539726257324,0.05626106262207031,
5737,-5.799840450286865,0.0547175407409668,
5738,-5.801173210144043,0.05509614944458008,
5739,-5.6457672119140625,0.055008649826049805,
5740,-5.746014595031738,0.05492138862609863,-0.3487982451915741
5741,-5.76381254196167,0.12842774391174316,
5742,-5.6150360107421875,0.05436444282531738,
5743,-5.844332218170166,0.055230140686035156,
5744,-5.7469377517700195,0.054641008377075195,
5745,-5.953505039215088,0.05445981025695801,
5746,-5.8193559646606445,0.05467724800109863,
5747,-5.83779764175415,0.05584073066711426,
5748,-5.984631538391113,0.05629229545593262,
5749,-5.886293411254883,0.05447745323181152,
5750,-5.902612209320068,0.054671525955200195,-0.34052181243896484
5751,-5.9766340255737305,0.26018643379211426,
5752,-5.925755977630615,0.055051565170288086,
5753,-5.8202104568481445,0.054998159408569336,
5754,-5.782644271850586,0.05466604232788086,
5755,-5.731709003448486,0.054746389389038086,
5756,-6.0348920822143555,0.05495405197143555,
5757,-5.744731903076172,0.05509448051452637,
5758,-5.909916877746582,0.05520749092102051,
5759,-5.929585933685303,0.05475926399230957,
5760,-5.903907775878906,0.05494117736816406,-0.3782336711883545
5761,-6.089107513427734,0.1282801628112793,
5762,-5.930233478546143,0.054041385650634766,
5763,-5.895658493041992,0.05488133430480957,
5764,-5.814271926879883,0.054622650146484375,
5765,-5.809994697570801,0.054468393325805664,
5766,-6.042139530181885,0.05454254150390625,
5767,-5.833972930908203,0.0547337532043457,
5768,-5.888940334320068,0.05485033988952637,
5769,-5.975461959838867,0.05447220802307129,
5770,-5.927314758300781,0.054741859436035156,-0.40876972675323486
5771,-5.863368034362793,0.12769651412963867,
5772,-5.8512773513793945,0.05538463592529297,
5773,-5.853262901306152,0.0544741153717041,
5774,-5.839336395263672,0.05487942695617676,
5775,-6.122868061065674,0.05495500564575195,
5776,-6.039975166320801,0.05497312545776367,
5777,-5.861970901489258,0.05485057830810547,
5778,-5.745992660522461,0.0550541877746582,
5779,-5.969573497772217,0.055919647216796875,
5780,-5.979615211486816,0.0542142391204834,-0.3865456283092499
5781,-5.972943305969238,0.12791013717651367,
5782,-5.972768783569336,0.054828643798828125,
5783,-6.10782527923584,0.05447077751159668,
5784,-6.058820724487305,0.05531597137451172,
5785,-5.900854110717773,0.05454611778259277,
5786,-6.075216770172119,0.05429220199584961,
5787,-5.918668746948242,0.0550539493560791,
5788,-5.767284870147705,0.0540616512298584,
5789,-5.741324424743652,0.05431771278381348,
5790,-6.049198150634766,0.054566383361816406,-0.3744710087776184
5791,-5.923020362854004,0.12698006629943848,
5792,-5.741987228393555,0.05466914176940918,
5793,-5.93798828125,0.05393648147583008,
5794,-5.792816162109375,0.055977821350097656,
5795,-5.802152633666992,0.05439424514770508,
5796,-5.9711809158325195,0.05473446846008301,
5797,-5.885867118835449,0.05489826202392578,
5798,-5.986191749572754,0.05590677261352539,
5799,-5.840373992919922,0.054874420166015625,
5800,-5.773134231567383,0.055028438568115234,-0.3366200029850006
5801,-5.982698440551758,0.1271045207977295,
5802,-5.981189727783203,0.054901123046875,
5803,-5.766788482666016,0.05505204200744629,
5804,-5.808650970458984,0.05544900894165039,
5805,-5.992739677429199,0.05481433868408203,
5806,-5.8410139083862305,0.05488419532775879,
5807,-5.80741548538208,0.054393768310546875,
5808,-5.860029220581055,0.05483222007751465,
5809,-5.705231189727783,0.05513358116149902,
5810,-5.783904075622559,0.05495476722717285,-0.4899005889892578
5811,-5.8802900314331055,0.12607860565185547,
5812,-5.951103210449219,0.054668426513671875,
5813,-5.9964470863342285,0.055791378021240234,
5814,-6.026321887969971,0.05527925491333008,
5815,-5.984832763671875,0.05436086654663086,
5816,-6.083924770355225,0.05454230308532715,
5817,-6.186626434326172,0.05546998977661133,
5818,-6.070497035980225,0.05433964729309082,
5819,-6.009990215301514,0.05480480194091797,
5820,-6.012752532958984,0.0547182559967041,-0.36193278431892395
5821,-6.143756866455078,0.12800121307373047,
5822,-5.890117168426514,0.054178476333618164,
5823,-5.898117542266846,0.05440187454223633,
5824,-5.92050313949585,0.05419731140136719,
5825,-6.028361797332764,0.054167747497558594,
5826,-5.9184956550598145,0.05603456497192383,
5827,-6.012381553649902,0.05536198616027832,
5828,-6.041742324829102,0.05399370193481445,
5829,-5.971831798553467,0.054162025451660156,
5830,-5.973341464996338,0.0544586181640625,-0.340995728969574
5831,-5.94539213180542,0.12751173973083496,
5832,-5.946126461029053,0.0541224479675293,
5833,-5.919097900390625,0.056809425354003906,
5834,-5.837308883666992,0.05456233024597168,
5835,-5.8099260330200195,0.05519914627075195,
5836,-5.936064720153809,0.054995059967041016,
5837,-5.950366020202637,0.05487823486328125,
5838,-5.836099147796631,0.05440258979797363,
5839,-5.910528659820557,0.05554080009460449,
5840,-5.7947258949279785,0.054904937744140625,-0.4130827784538269
5841,-5.984285354614258,0.12707781791687012,
5842,-6.057302951812744,0.05358695983886719,
5843,-5.9151177406311035,0.054186344146728516,
5844,-6.016592025756836,0.05428624153137207,
5845,-5.93450403213501,0.05384993553161621,
5846,-5.993160247802734,0.05445408821105957,
5847,-6.033674240112305,0.054364681243896484,
5848,-5.884532928466797,0.054491281509399414,
5849,-6.040984153747559,0.054218292236328125,
5850,-6.0526251792907715,0.05479788780212402,-0.35214880108833313
5851,-5.83222770690918,0.1282501220703125,
5852,-5.8609137535095215,0.05442953109741211,
5853,-5.9907026290893555,0.05431985855102539,
5854,-6.159082412719727,0.054729461669921875,
5855,-6.274288654327393,0.05535721778869629,
5856,-6.101805210113525,0.05444169044494629,
5857,-5.860871315002441,0.05505037307739258,
5858,-6.097469329833984,0.055052757263183594,
5859,-6.0115861892700195,0.05472683906555176,
5860,-6.12395715713501,0.05490589141845703,-0.3585415482521057
5861,-6.161062717437744,0.12719202041625977,
5862,-6.027111053466797,0.05495119094848633,
5863,-5.8983259201049805,0.05520153045654297,
5864,-5.707001209259033,0.054196834564208984,
5865,-6.041874885559082,0.05432844161987305,
5866,-5.89082145690918,0.055032968521118164,
5867,-5.944876194000244,0.054036617279052734,
5868,-5.766568183898926,0.054705142974853516,
5869,-5.7940778732299805,0.05532026290893555,
5870,-5.957467079162598,0.055744171142578125,-0.3718666136264801
5871,-6.1138176918029785,0.2480456829071045,
5872,-5.61690092086792,0.05548715591430664,
5873,-5.659400939941406,0.05513906478881836,
5874,-5.863602638244629,0.05514049530029297,
5875,-5.780850410461426,0.05466270446777344,
5876,-5.870814800262451,0.05510354042053223,
5877,-5.908201217651367,0.05616331100463867,
5878,-5.983523368835449,0.054650306701660156,
5879,-5.78739070892334,0.05479025840759277,
5880,-5.9120917320251465,0.05472064018249512,-0.4754529595375061
5881,-5.990200042724609,0.1256868839263916,
5882,-5.870180130004883,0.05401325225830078,
5883,-5.818332672119141,0.05435633659362793,
5884,-5.825798988342285,0.05470585823059082,
5885,-5.8442301750183105,0.0547335147857666,
5886,-6.133121967315674,0.05432605743408203,
5887,-6.062854290008545,0.05469393730163574,
5888,-6.152048110961914,0.05486702919006348,
5889,-6.200481414794922,0.0540618896484375,
5890,-6.024797439575195,0.0545802116394043,-0.39993545413017273
5891,-6.1200103759765625,0.12630033493041992,
5892,-5.999331474304199,0.05491185188293457,
5893,-6.111977577209473,0.0552823543548584,
5894,-5.957332611083984,0.054421424865722656,
5895,-6.007176876068115,0.053854942321777344,
5896,-5.968031883239746,0.053865671157836914,
5897,-5.915401458740234,0.05380392074584961,
5898,-6.122542858123779,0.05404782295227051,
5899,-6.0543365478515625,0.054767608642578125,
5900,-6.005357265472412,0.0544590950012207,-0.3905281126499176
5901,-5.982672691345215,0.1277635097503662,
5902,-5.8489813804626465,0.054392099380493164,
5903,-5.883522987365723,0.0547490119934082,
5904,-5.868282318115234,0.05413198471069336,
5905,-5.961949825286865,0.0538938045501709,
5906,-5.897732734680176,0.053975820541381836,
5907,-5.897934913635254,0.054026126861572266,
5908,-5.845693588256836,0.05386185646057129,
5909,-5.964897155761719,0.05492973327636719,
5910,-5.918514728546143,0.05484318733215332,-0.48950958251953125
5911,-5.747591972351074,0.12548112869262695,
5912,-5.736728191375732,0.05453944206237793,
5913,-5.879112720489502,0.05463814735412598,
5914,-5.889956474304199,0.0543055534362793,
5915,-5.881159782409668,0.05414295196533203,
5916,-5.998654842376709,0.05450749397277832,
5917,-5.915924072265625,0.05527544021606445,
5918,-6.269967079162598,0.05393385887145996,
5919,-5.943184852600098,0.05456805229187012,
5920,-5.877031326293945,0.05450797080993652,-0.3309883177280426
5921,-5.837714672088623,0.12834930419921875,
5922,-5.986039161682129,0.054361581802368164,
5923,-5.978118896484375,0.05480217933654785,
5924,-5.866381645202637,0.05478477478027344,
5925,-5.909071922302246,0.05599522590637207,
5926,-6.154504299163818,0.0540921688079834,
5927,-5.827688217163086,0.05471444129943848,
5928,-5.677160739898682,0.05451536178588867,
5929,-5.947247505187988,0.055142879486083984,
5930,-6.0847578048706055,0.05509138107299805,-0.49202579259872437
5931,-6.062661170959473,0.12568116188049316,
5932,-5.898691177368164,0.05570244789123535,
5933,-5.958516597747803,0.05490231513977051,
5934,-5.895637512207031,0.05469322204589844,
5935,-5.90513801574707,0.05498695373535156,
5936,-6.106652736663818,0.05478382110595703,
5937,-5.906957626342773,0.054210662841796875,
5938,-5.830507278442383,0.054750680923461914,
5939,-5.938288688659668,0.0549616813659668,
5940,-5.872896194458008,0.05534696578979492,-0.37745076417922974
5941,-6.011682510375977,0.12645673751831055,
5942,-6.031525135040283,0.05479836463928223,
5943,-5.849513530731201,0.055277347564697266,
5944,-5.87618350982666,0.05502748489379883,
5945,-5.9660797119140625,0.05475282669067383,
5946,-5.919659614562988,0.05539226531982422,
5947,-5.806577682495117,0.055261850357055664,
5948,-5.889272212982178,0.055017709732055664,
5949,-5.892643928527832,0.05450844764709473,
5950,-5.675973415374756,0.055535078048706055,-0.4056747555732727
5951,-5.784188270568848,0.1287219524383545,
5952,-5.967657089233398,0.05626201629638672,
5953,-6.074362754821777,0.05482816696166992,
5954,-5.96543025970459,0.054727792739868164,
5955,-6.141352653503418,0.0550694465637207,
5956,-5.877625942230225,0.055474042892456055,
5957,-6.075583457946777,0.054498910903930664,
5958,-6.012246131896973,0.054930686950683594,
5959,-5.923748970031738,0.05501055717468262,
5960,-5.872661113739014,0.055359601974487305,-0.39439594745635986
5961,-6.062366485595703,0.12620115280151367,
5962,-5.8744215965271,0.05492377281188965,
5963,-5.959812164306641,0.054978132247924805,
5964,-5.897726535797119,0.05481886863708496,
5965,-5.9827117919921875,0.05419445037841797,
5966,-6.045687675476074,0.05464792251586914,
5967,-5.86052942276001,0.05556488037109375,
5968,-5.869826316833496,0.05533456802368164,
5969,-5.837503910064697,0.05521726608276367,
5970,-5.6531982421875,0.055028438568115234,-0.44036343693733215
5971,-6.0288472175598145,0.12729573249816895,
5972,-5.677119255065918,0.054514408111572266,
5973,-5.741299629211426,0.05602836608886719,
5974,-5.9172163009643555,0.055483102798461914,
5975,-5.894427299499512,0.055315256118774414,
5976,-5.806095600128174,0.05443120002746582,
5977,-5.900855541229248,0.05501723289489746,
5978,-5.914348125457764,0.05502605438232422,
5979,-5.886564254760742,0.05523180961608887,
5980,-6.074553966522217,0.054845333099365234,-0.42309314012527466
5981,-6.015044212341309,0.12577104568481445,
5982,-5.846083164215088,0.05484318733215332,
5983,-5.78931999206543,0.055081844329833984,
5984,-6.064565658569336,0.05485057830810547,
5985,-6.001584053039551,0.05480647087097168,
5986,-6.053261756896973,0.05522942543029785,
5987,-5.724757671356201,0.05479788780212402,
5988,-5.853421688079834,0.055039167404174805,
5989,-6.025539398193359,0.05504202842712402,
5990,-5.961333274841309,0.0558772087097168,-0.4699498414993286
5991,-6.050099849700928,0.2603785991668701,
5992,-6.147272109985352,0.05436420440673828,
5993,-6.20759391784668,0.054686784744262695,
5994,-5.974485874176025,0.0554656982421875,
5995,-6.105646133422852,0.05530428886413574,
5996,-6.14324951171875,0.05463576316833496,
5997,-6.141009330749512,0.054814815521240234,
5998,-6.150532245635986,0.054840087890625,
5999,-6.105768203735352,0.0550689697265625,
6000,-6.064546585083008,0.05469393730163574,-0.3950737416744232
6001,-6.167159080505371,0.12531208992004395,
6002,-6.148017883300781,0.05450797080993652,
6003,-6.167548179626465,0.05439043045043945,
6004,-6.016148567199707,0.05402851104736328,
6005,-6.024585247039795,0.05430150032043457,
6006,-5.879915237426758,0.05471467971801758,
6007,-6.068782806396484,0.05413937568664551,
6008,-6.007450580596924,0.054673194885253906,
6009,-5.955892562866211,0.054961204528808594,
6010,-5.916377067565918,0.054635047912597656,-0.5510355234146118
6011,-5.855391502380371,0.12619256973266602,
6012,-6.069083213806152,0.05438733100891113,
6013,-5.948626518249512,0.05437660217285156,
6014,-6.071691513061523,0.05545639991760254,
6015,-5.9740190505981445,0.05417060852050781,
6016,-5.812355041503906,0.05486655235290527,
6017,-6.003269672393799,0.05542397499084473,
6018,-5.890684127807617,0.0545506477355957,
6019,-5.8128886222839355,0.05502176284790039,
6020,-5.888194561004639,0.054543495178222656,-0.4526534676551819
6021,-5.81148624420166,0.12650346755981445,
6022,-5.858914375305176,0.054060935974121094,
6023,-5.744976997375488,0.05539131164550781,
6024,-5.895432949066162,0.05498766899108887,
6025,-6.023021221160889,0.05499839782714844,
6026,-6.00102424621582,0.05467057228088379,
6027,-5.824060440063477,0.05500674247741699,
6028,-5.918432235717773,0.054891109466552734,
6029,-5.8965582847595215,0.05437636375427246,
6030,-5.99434757232666,0.05463218688964844,-0.38639596104621887
6031,-5.837757587432861,0.12770390510559082,
6032,-6.017524719238281,0.05427074432373047,
6033,-6.256870269775391,0.054137468338012695,
6034,-6.000723838806152,0.05536389350891113,
6035,-5.994283676147461,0.054219722747802734,
6036,-5.953757286071777,0.05453348159790039,
6037,-6.025102615356445,0.05407214164733887,
6038,-5.943916320800781,0.05506777763366699,
6039,-6.081186294555664,0.05574655532836914,
6040,-5.988895416259766,0.05436897277832031,-0.35721665620803833
6041,-6.227537155151367,0.1256866455078125,
6042,-6.074489116668701,0.05471658706665039,
6043,-6.134613037109375,0.0550684928894043,
6044,-6.154788970947266,0.05500197410583496,
6045,-6.126173973083496,0.05496668815612793,
6046,-5.907496452331543,0.05511164665222168,
6047,-6.056882858276367,0.054961442947387695,
6048,-6.17130708694458,0.055506229400634766,
6049,-6.055536270141602,0.05442643165588379,
6050,-6.16712760925293,0.0547027587890625,-0.28614768385887146
6051,-6.016661643981934,0.12670660018920898,
6052,-5.974925994873047,0.05446767807006836,
6053,-6.114359378814697,0.05478787422180176,
6054,-6.135608196258545,0.055051326751708984,
6055,-6.06660270690918,0.05495142936706543,
6056,-6.0265092849731445,0.0546717643737793,
6057,-6.157651901245117,0.055095672607421875,
6058,-6.082394599914551,0.05454421043395996,
6059,-6.357693672180176,0.054262399673461914,
6060,-6.226411819458008,0.05572223663330078,-0.26603350043296814
6061,-6.222697734832764,0.12790203094482422,
6062,-6.180096626281738,0.0556492805480957,
6063,-6.227705001831055,0.05467367172241211,
6064,-6.18477725982666,0.05466032028198242,
6065,-5.989037990570068,0.054984331130981445,
6066,-6.041444778442383,0.05625152587890625,
6067,-5.962794780731201,0.05450177192687988,
6068,-6.059422016143799,0.05514883995056152,
6069,-6.151145935058594,0.05483675003051758,
6070,-6.063934326171875,0.05501842498779297,-0.2535333037376404
6071,-6.244837760925293,0.12802767753601074,
6072,-6.144396781921387,0.05475807189941406,
6073,-6.143702030181885,0.055036067962646484,
6074,-6.112423896789551,0.05549430847167969,
6075,-6.21875,0.054485321044921875,
6076,-6.023415565490723,0.0549163818359375,
6077,-6.0810441970825195,0.054822444915771484,
6078,-5.889770984649658,0.05488252639770508,
6079,-6.070556640625,0.05456209182739258,
6080,-6.000565528869629,0.05600929260253906,-0.30621981620788574
6081,-5.876494884490967,0.12771868705749512,
6082,-5.809391975402832,0.05566811561584473,
6083,-6.001984596252441,0.055178165435791016,
6084,-6.100261688232422,0.054595232009887695,
6085,-5.960808277130127,0.05449533462524414,
6086,-5.899681568145752,0.05431962013244629,
6087,-5.988715171813965,0.05443215370178223,
6088,-6.051684856414795,0.0546419620513916,
6089,-5.89968204498291,0.05495119094848633,
6090,-5.9753899574279785,0.05408883094787598,-0.3680146038532257
6091,-6.024007797241211,0.1262063980102539,
6092,-6.0334014892578125,0.05488085746765137,
6093,-6.143664360046387,0.05501866340637207,
6094,-6.1285810470581055,0.05452466011047363,
6095,-5.986849784851074,0.05460000038146973,
6096,-5.966443061828613,0.054802894592285156,
6097,-6.060064315795898,0.0545659065246582,
6098,-5.858188629150391,0.05438351631164551,
6099,-6.178045272827148,0.05588197708129883,
6100,-6.085668087005615,0.054900407791137695,-0.3048022389411926
6101,-6.01132869720459,0.1291351318359375,
6102,-6.042916774749756,0.054752349853515625,
6103,-6.144524574279785,0.05468106269836426,
6104,-6.307370185852051,0.05562591552734375,
6105,-6.000533103942871,0.055916547775268555,
6106,-6.203795433044434,0.05554032325744629,
6107,-6.140063285827637,0.05473613739013672,
6108,-5.908136367797852,0.055014610290527344,
6109,-6.160374641418457,0.05552935600280762,
6110,-5.97888708114624,0.055159807205200195,-0.30211782455444336
6111,-6.084324359893799,0.25255465507507324,
6112,-6.103438377380371,0.054770708084106445,
6113,-6.045670032501221,0.05797433853149414,
6114,-6.047682762145996,0.0549468994140625,
6115,-5.991420745849609,0.054204463958740234,
6116,-5.913285732269287,0.055228233337402344,
6117,-5.933318614959717,0.05478239059448242,
6118,-5.918279647827148,0.054250240325927734,
6119,-6.041812896728516,0.05475950241088867,
6120,-5.920746803283691,0.05435657501220703,-0.3195756673812866
6121,-6.14322566986084,0.12711381912231445,
6122,-6.054717063903809,0.05443000793457031,
6123,-6.069828033447266,0.054810285568237305,
6124,-6.014244556427002,0.054947614669799805,
6125,-6.002233982086182,0.05412483215332031,
6126,-5.956668376922607,0.05450868606567383,
6127,-6.018050193786621,0.05429553985595703,
6128,-5.883633613586426,0.05402541160583496,
6129,-6.049118995666504,0.05406951904296875,
6130,-5.948807716369629,0.05464959144592285,-0.41801169514656067
6131,-6.261232376098633,0.126816987991333,
6132,-6.086617469787598,0.0545046329498291,
6133,-5.8782958984375,0.0548708438873291,
6134,-5.963432312011719,0.05565977096557617,
6135,-5.885990142822266,0.0553586483001709,
6136,-6.096103668212891,0.054499149322509766,
6137,-5.908916473388672,0.05504345893859863,
6138,-5.817669868469238,0.05565214157104492,
6139,-6.081123352050781,0.05460023880004883,
6140,-6.019639015197754,0.05459022521972656,-0.43907439708709717
6141,-5.751244068145752,0.12694931030273438,
6142,-5.822505950927734,0.05369973182678223,
6143,-5.950437545776367,0.05369973182678223,
6144,-5.999189376831055,0.05336451530456543,
6145,-5.989643096923828,0.05389595031738281,
6146,-5.875250816345215,0.0536501407623291,
6147,-5.904026985168457,0.05407071113586426,
6148,-5.859790325164795,0.055048227310180664,
6149,-6.157188892364502,0.0559237003326416,
6150,-6.068531036376953,0.053806304931640625,-0.4467214047908783
6151,-5.973121643066406,0.127349853515625,
6152,-5.840741157531738,0.054642677307128906,
6153,-5.942431926727295,0.05440974235534668,
6154,-5.8812456130981445,0.05435991287231445,
6155,-5.811993598937988,0.0545201301574707,
6156,-5.972019672393799,0.05469918251037598,
6157,-6.1726460456848145,0.05477118492126465,
6158,-6.10687255859375,0.05456876754760742,
6159,-6.2162675857543945,0.05543112754821777,
6160,-6.107716083526611,0.0547940731048584,-0.43274715542793274
6161,-6.019163131713867,0.12920069694519043,
6162,-5.959589004516602,0.05473184585571289,
6163,-6.05743408203125,0.054717063903808594,
6164,-6.140350818634033,0.05441403388977051,
6165,-6.001871109008789,0.05450701713562012,
6166,-5.889415740966797,0.0543975830078125,
6167,-5.993085861206055,0.05481243133544922,
6168,-6.156634330749512,0.05495738983154297,
6169,-6.177454948425293,0.05468153953552246,
6170,-5.972115993499756,0.05510449409484863,-0.37732088565826416
6171,-6.046591758728027,0.12822890281677246,
6172,-6.084145545959473,0.055127620697021484,
6173,-6.029282569885254,0.05477619171142578,
6174,-5.898686408996582,0.05528688430786133,
6175,-5.869161128997803,0.05497241020202637,
6176,-5.978283882141113,0.054933786392211914,
6177,-5.998445510864258,0.05478668212890625,
6178,-6.004388809204102,0.0548553466796875,
6179,-5.963908672332764,0.05501818656921387,
6180,-6.043753623962402,0.054683685302734375,-0.37885063886642456
6181,-5.891240119934082,0.13007283210754395,
6182,-6.052980422973633,0.0551447868347168,
6183,-5.947880744934082,0.05500388145446777,
6184,-5.793905258178711,0.054961204528808594,
6185,-5.90189790725708,0.05489182472229004,
6186,-5.980907440185547,0.05462002754211426,
6187,-6.051751136779785,0.05497574806213379,
6188,-5.989725112915039,0.05535316467285156,
6189,-5.948400497436523,0.05460071563720703,
6190,-5.845697402954102,0.05488395690917969,-0.4779358208179474
6191,-6.050036430358887,0.12829136848449707,
6192,-6.04998779296875,0.05486178398132324,
6193,-6.027675628662109,0.054854393005371094,
6194,-6.031767845153809,0.0548098087310791,
6195,-5.966892719268799,0.05518984794616699,
6196,-5.844516754150391,0.05507206916809082,
6197,-5.911373138427734,0.0544896125793457,
6198,-5.991652488708496,0.05483675003051758,
6199,-5.851197242736816,0.05528903007507324,
6200,-5.887795448303223,0.055417537689208984,-0.43670645356178284
6201,-5.841029167175293,0.12722206115722656,
6202,-5.817960262298584,0.054502248764038086,
6203,-5.902219772338867,0.05474686622619629,
6204,-5.953276634216309,0.05515313148498535,
6205,-5.857597351074219,0.05447816848754883,
6206,-5.6593098640441895,0.05477762222290039,
6207,-5.918335914611816,0.05442929267883301,
6208,-5.875054359436035,0.05457353591918945,
6209,-5.834515571594238,0.05468487739562988,
6210,-5.802125930786133,0.05513334274291992,-0.4313894510269165
6211,-6.101922035217285,0.12851476669311523,
6212,-5.951462268829346,0.054433345794677734,
6213,-5.890105724334717,0.05456876754760742,
6214,-5.998732089996338,0.05468320846557617,
6215,-6.058155536651611,0.05552363395690918,
6216,-6.072967052459717,0.05464982986450195,
6217,-6.013861656188965,0.054688453674316406,
6218,-6.099709987640381,0.05460333824157715,
6219,-5.861668586730957,0.054528236389160156,
6220,-6.045469760894775,0.05441546440124512,-0.3287043869495392
6221,-6.035510063171387,0.1302509307861328,
6222,-6.0397515296936035,0.055306196212768555,
6223,-6.013749122619629,0.055182456970214844,
6224,-6.074271202087402,0.054660797119140625,
6225,-5.887553691864014,0.054823875427246094,
6226,-6.062425136566162,0.05499696731567383,
6227,-5.975409507751465,0.05555605888366699,
6228,-5.980648517608643,0.0545809268951416,
6229,-5.998983383178711,0.054976701736450195,
6230,-6.1988115310668945,0.054819345474243164,-0.3113551437854767
6231,-6.090011119842529,0.25693535804748535,
6232,-6.122776031494141,0.05439114570617676,
6233,-6.183147430419922,0.054441213607788086,
6234,-6.24906063079834,0.05479860305786133,
6235,-6.145290374755859,0.05479621887207031,
6236,-6.220101356506348,0.0541079044342041,
6237,-6.031348705291748,0.05482959747314453,
6238,-6.150850296020508,0.05484819412231445,
6239,-6.000117301940918,0.05680346488952637,
6240,-6.098118782043457,0.05489683151245117,-0.3399527370929718
6241,-6.234536170959473,0.12691617012023926,
6242,-5.9920973777771,0.05501055717468262,
6243,-6.03111457824707,0.055289506912231445,
6244,-6.172491073608398,0.05463218688964844,
6245,-6.117549419403076,0.055106163024902344,
6246,-5.828833103179932,0.05486106872558594,
6247,-6.036846160888672,0.05491042137145996,
6248,-6.100074768066406,0.0545802116394043,
6249,-6.082755088806152,0.05431246757507324,
6250,-6.132079601287842,0.054453372955322266,-0.39724889397621155
6251,-6.121510028839111,0.12758851051330566,
6252,-6.077604293823242,0.05469870567321777,
6253,-5.982944488525391,0.05592012405395508,
6254,-6.133231163024902,0.054931640625,
6255,-6.31912899017334,0.05405282974243164,
6256,-6.1005778312683105,0.054546356201171875,
6257,-6.0850324630737305,0.054680824279785156,
6258,-6.190433502197266,0.05436825752258301,
6259,-6.094873905181885,0.054349660873413086,
6260,-5.988091468811035,0.05448722839355469,-0.32065731287002563
6261,-6.16304349899292,0.1277463436126709,
6262,-6.0223846435546875,0.055898189544677734,
6263,-6.030061721801758,0.05466508865356445,
6264,-6.044262886047363,0.05620694160461426,
6265,-6.142327785491943,0.054628849029541016,
6266,-6.045229911804199,0.05497908592224121,
6267,-6.134544849395752,0.05453848838806152,
6268,-6.145395278930664,0.055022239685058594,
6269,-6.108000755310059,0.05599641799926758,
6270,-6.154999732971191,0.05517315864562988,-0.37456974387168884
6271,-6.273185729980469,0.12966132164001465,
6272,-6.2440595626831055,0.05451607704162598,
6273,-6.158329486846924,0.0557408332824707,
6274,-6.00287389755249,0.056336402893066406,
6275,-6.050527572631836,0.05547523498535156,
6276,-6.052909851074219,0.05553627014160156,
6277,-5.975324630737305,0.055264949798583984,
6278,-6.181486129760742,0.054489850997924805,
6279,-6.042840480804443,0.054257869720458984,
6280,-6.031291484832764,0.054505348205566406,-0.31642618775367737
6281,-5.986761093139648,0.13080668449401855,
6282,-6.001150131225586,0.054795026779174805,
6283,-5.875019073486328,0.05395030975341797,
6284,-5.941643238067627,0.05454826354980469,
6285,-6.068077564239502,0.054692983627319336,
6286,-5.99390172958374,0.05511164665222168,
6287,-6.01027250289917,0.05484771728515625,
6288,-6.127518177032471,0.05558061599731445,
6289,-6.102182388305664,0.05524444580078125,
6290,-5.952273368835449,0.05417227745056152,-0.3766721189022064
6291,-5.98369026184082,0.12630581855773926,
6292,-6.135354518890381,0.05552339553833008,
6293,-5.96260929107666,0.05449843406677246,
6294,-5.904961585998535,0.05459713935852051,
6295,-6.108949661254883,0.0546262264251709,
6296,-5.987855911254883,0.05503582954406738,
6297,-6.039380073547363,0.05535101890563965,
6298,-6.043657302856445,0.05421137809753418,
6299,-5.8931074142456055,0.05497121810913086,
6300,-5.99552583694458,0.05451345443725586,-0.3601676821708679
6301,-6.083949089050293,0.12966513633728027,
6302,-6.106736183166504,0.05424094200134277,
6303,-5.9455718994140625,0.05482149124145508,
6304,-6.088587760925293,0.055596351623535156,
6305,-6.073393821716309,0.05668759346008301,
6306,-6.062969207763672,0.05529069900512695,
6307,-5.967352390289307,0.054901123046875,
6308,-5.791486740112305,0.05485725402832031,
6309,-5.921597957611084,0.055280208587646484,
6310,-6.008049964904785,0.05464506149291992,-0.40165361762046814
6311,-6.08602237701416,0.12674593925476074,
6312,-6.044538497924805,0.05465817451477051,
6313,-6.144070625305176,0.05544900894165039,
6314,-6.203151702880859,0.054352760314941406,
6315,-6.138578414916992,0.055170297622680664,
6316,-5.873797416687012,0.05472421646118164,
6317,-6.054897308349609,0.05539393424987793,
6318,-5.957971096038818,0.05601811408996582,
6319,-5.839702606201172,0.054938316345214844,
6320,-6.1270952224731445,0.054874420166015625,-0.32112741470336914
6321,-6.081858158111572,0.12730169296264648,
6322,-6.012537002563477,0.054558515548706055,
6323,-6.010780334472656,0.055068016052246094,
6324,-6.174800395965576,0.05456352233886719,
6325,-6.005489349365234,0.05500006675720215,
6326,-5.887904167175293,0.05525469779968262,
6327,-5.9747490882873535,0.05485033988952637,
6328,-6.065349102020264,0.05597400665283203,
6329,-5.902767181396484,0.0545351505279541,
6330,-5.836300849914551,0.05504870414733887,-0.3824768662452698
6331,-5.937463283538818,0.12691330909729004,
6332,-5.840279579162598,0.0544126033782959,
6333,-6.106610298156738,0.05463433265686035,
6334,-6.12908935546875,0.05484628677368164,
6335,-6.139904499053955,0.0548396110534668,
6336,-6.030745506286621,0.05446910858154297,
6337,-6.170648097991943,0.05452275276184082,
6338,-6.180863380432129,0.05527091026306152,
6339,-5.993157386779785,0.054891109466552734,
6340,-6.1919097900390625,0.055130958557128906,-0.4308174252510071
6341,-6.2964677810668945,0.12952899932861328,
6342,-6.14655065536499,0.05390501022338867,
6343,-6.180621147155762,0.05475425720214844,
6344,-6.298068046569824,0.05545973777770996,
6345,-6.092384338378906,0.05383920669555664,
6346,-5.838373184204102,0.054403066635131836,
6347,-6.187152862548828,0.05463290214538574,
6348,-6.084946632385254,0.05446958541870117,
6349,-5.986563682556152,0.05471181869506836,
6350,-6.064120292663574,0.05463695526123047,-0.3875000774860382
6351,-6.129432678222656,0.25891876220703125,
6352,-6.02982234954834,0.0568690299987793,
6353,-6.00701904296875,0.05426502227783203,
6354,-6.073347091674805,0.05454826354980469,
6355,-6.165287494659424,0.05457758903503418,
6356,-6.124772071838379,0.054557085037231445,
6357,-6.027507781982422,0.054343223571777344,
6358,-5.97838020324707,0.0546267032623291,
6359,-6.2392730712890625,0.05504202842712402,
6360,-6.161874771118164,0.054223060607910156,-0.46354126930236816
6361,-6.0599260330200195,0.12547683715820312,
6362,-6.1578216552734375,0.05455803871154785,
6363,-6.113699913024902,0.0548095703125,
6364,-6.2452216148376465,0.054526329040527344,
6365,-6.228188514709473,0.05449843406677246,
6366,-6.118246078491211,0.05551338195800781,
6367,-6.074007987976074,0.0559077262878418,
6368,-6.109097480773926,0.05423927307128906,
6369,-6.182737350463867,0.05452275276184082,
6370,-6.088663101196289,0.05484938621520996,-0.4416474401950836
6371,-6.103390693664551,0.12823939323425293,
6372,-6.142831325531006,0.05443525314331055,
6373,-6.081809043884277,0.0551605224609375,
6374,-6.143087387084961,0.05528593063354492,
6375,-6.14691162109375,0.05479598045349121,
6376,-6.070030212402344,0.054602861404418945,
6377,-5.963168144226074,0.05520892143249512,
6378,-6.013443470001221,0.05560302734375,
6379,-6.103243350982666,0.05451154708862305,
6380,-6.072360992431641,0.05472612380981445,-0.4342847466468811
6381,-5.882938861846924,0.12703442573547363,
6382,-5.690493583679199,0.05477428436279297,
6383,-5.7758684158325195,0.054856300354003906,
6384,-6.031768321990967,0.05502724647521973,
6385,-5.950234413146973,0.05499911308288574,
6386,-5.958864212036133,0.055082082748413086,
6387,-6.131340026855469,0.05472540855407715,
6388,-6.102462291717529,0.05583071708679199,
6389,-5.968360900878906,0.055032968521118164,
6390,-5.967189788818359,0.05435824394226074,-0.44961991906166077
6391,-6.1217756271362305,0.12784862518310547,
6392,-5.974631309509277,0.05459022521972656,
6393,-6.149482250213623,0.05462288856506348,
6394,-6.029906272888184,0.05494093894958496,
6395,-6.020797252655029,0.0543363094329834,
6396,-5.987308502197266,0.05508065223693848,
6397,-6.211764812469482,0.05585741996765137,
6398,-6.192985534667969,0.05427694320678711,
6399,-6.071312427520752,0.05445051193237305,
6400,-6.17726993560791,0.054865360260009766,-0.46189573407173157
6401,-6.07773494720459,0.13042426109313965,
6402,-6.033634185791016,0.05452442169189453,
6403,-6.0789594650268555,0.05431556701660156,
6404,-6.114682197570801,0.05490422248840332,
6405,-6.0348801612854,0.05566215515136719,
6406,-6.162712097167969,0.054158926010131836,
6407,-6.066402435302734,0.05479931831359863,
6408,-5.995336055755615,0.05491971969604492,
6409,-6.262578964233398,0.05498671531677246,
6410,-6.1626296043396,0.05443620681762695,-0.4170566499233246
6411,-6.009521007537842,0.12647485733032227,
6412,-6.258009910583496,0.054403066635131836,
6413,-6.15670108795166,0.05484747886657715,
6414,-6.109640598297119,0.05422687530517578,
6415,-6.17502498626709,0.0545506477355957,
6416,-6.131270408630371,0.05468297004699707,
6417,-6.106321334838867,0.05442404747009277,
6418,-6.192511558532715,0.054633378982543945,
6419,-6.257967948913574,0.054728031158447266,
6420,-6.100207328796387,0.054787397384643555,-0.46213841438293457
6421,-6.218671798706055,0.125870943069458,
6422,-6.175028324127197,0.0539555549621582,
6423,-6.191010475158691,0.054073333740234375,
6424,-6.218252182006836,0.05491304397583008,
6425,-6.1465229988098145,0.054378509521484375,
6426,-6.1817851066589355,0.054657697677612305,
6427,-6.159280776977539,0.054368019104003906,
6428,-6.168425559997559,0.05394935607910156,
6429,-6.215839862823486,0.05470895767211914,
6430,-6.1328911781311035,0.0549466609954834,-0.4109249413013458
6431,-6.126315593719482,0.12605786323547363,
6432,-6.230053901672363,0.0544736385345459,
6433,-6.0821733474731445,0.05464029312133789,
6434,-6.1767730712890625,0.05465888977050781,
6435,-6.227573871612549,0.05471301078796387,
6436,-6.154548645019531,0.0544736385345459,
6437,-5.98309326171875,0.05480813980102539,
6438,-6.051010608673096,0.05496525764465332,
6439,-5.95278263092041,0.05460715293884277,
6440,-6.150678634643555,0.05502057075500488,-0.41995739936828613
6441,-5.957924842834473,0.12527918815612793,
6442,-5.847855567932129,0.054451704025268555,
6443,-5.786647319793701,0.05430889129638672,
6444,-5.976275444030762,0.05519390106201172,
6445,-6.0045166015625,0.0551753044128418,
6446,-6.059244155883789,0.055086612701416016,
6447,-5.992884635925293,0.054689645767211914,
6448,-5.882989406585693,0.0552525520324707,
6449,-5.938821792602539,0.056021928787231445,
6450,-5.903392791748047,0.05458950996398926,-0.43356531858444214
6451,-6.028923988342285,0.12709569931030273,
6452,-5.967674255371094,0.054674625396728516,
6453,-6.1604461669921875,0.05484342575073242,
6454,-6.077312469482422,0.05485939979553223,
6455,-5.979736804962158,0.05493021011352539,
6456,-6.101706504821777,0.055170536041259766,
6457,-6.188616752624512,0.055066823959350586,
6458,-6.065089225769043,0.054349660873413086,
6459,-6.220236301422119,0.05566263198852539,
6460,-6.183701038360596,0.055460214614868164,-0.4668888449668884
6461,-6.297435760498047,0.12571477890014648,
6462,-6.0520429611206055,0.0540010929107666,
6463,-6.141953945159912,0.05398726463317871,
6464,-6.0916852951049805,0.053964853286743164,
6465,-6.116577625274658,0.054559946060180664,
6466,-6.1546854972839355,0.054299116134643555,
6467,-6.031445503234863,0.05462789535522461,
6468,-6.156604766845703,0.05527043342590332,
6469,-6.0147881507873535,0.055893659591674805,
6470,-6.026000022888184,0.054938316345214844,-0.41449108719825745
6471,-6.014677047729492,0.12816882133483887,
6472,-6.063905239105225,0.055054664611816406,
6473,-5.903546333312988,0.055266618728637695,
6474,-5.610436916351318,0.054644107818603516,
6475,-5.928582191467285,0.05489945411682129,
6476,-5.99785041809082,0.0548710823059082,
6477,-5.7273268699646,0.05482983589172363,
6478,-5.7446064949035645,0.054805755615234375,
6479,-5.8686747550964355,0.05562090873718262,
6480,-5.9982733726501465,0.05500030517578125,-0.5621644258499146
6481,-5.9986748695373535,0.25447845458984375,
6482,-5.991250038146973,0.05471205711364746,
6483,-5.97047758102417,0.05517077445983887,
6484,-6.030298709869385,0.05513906478881836,
6485,-6.0650434494018555,0.05444192886352539,
6486,-5.992906093597412,0.05513930320739746,
6487,-6.03933048248291,0.05490827560424805,
6488,-6.162161827087402,0.054749250411987305,
6489,-6.188830852508545,0.054316043853759766,
6490,-6.241543769836426,0.0547330379486084,-0.3994118273258209
6491,-6.206607341766357,0.12702035903930664,
6492,-6.101862907409668,0.05494427680969238,
6493,-6.339007377624512,0.05555415153503418,
6494,-6.229421615600586,0.05461525917053223,
6495,-6.089978218078613,0.05586600303649902,
6496,-6.236045837402344,0.054312705993652344,
6497,-6.095301151275635,0.054517269134521484,
6498,-6.193941116333008,0.05458712577819824,
6499,-6.27395486831665,0.05487513542175293,
6500,-6.298896789550781,0.05454301834106445,-0.4433225393295288
6501,-6.193726539611816,0.12754106521606445,
6502,-6.191649436950684,0.05460190773010254,
6503,-6.096580982208252,0.054894447326660156,
6504,-6.3397440910339355,0.054212093353271484,
6505,-6.225017547607422,0.054483890533447266,
6506,-6.1925506591796875,0.05458855628967285,
6507,-6.140669822692871,0.054290771484375,
6508,-6.106230735778809,0.05514717102050781,
6509,-6.169768333435059,0.05495595932006836,
6510,-6.163532733917236,0.05519914627075195,-0.4551951289176941
6511,-6.310992240905762,0.1270308494567871,
6512,-6.200139045715332,0.054013967514038086,
6513,-6.2045698165893555,0.054694175720214844,
6514,-6.290491104125977,0.0552067756652832,
6515,-6.164751052856445,0.05441164970397949,
6516,-5.986178874969482,0.05425763130187988,
6517,-6.047277927398682,0.05543780326843262,
6518,-6.261003494262695,0.05641508102416992,
6519,-6.066246509552002,0.055681705474853516,
6520,-5.8500285148620605,0.054857492446899414,-0.381638765335083
6521,-6.065286636352539,0.12828779220581055,
6522,-6.0515594482421875,0.05494213104248047,
6523,-5.959281921386719,0.054822444915771484,
6524,-5.935075759887695,0.05469560623168945,
6525,-6.044196128845215,0.054299116134643555,
6526,-6.072003364562988,0.05478858947753906,
6527,-5.922607421875,0.05425620079040527,
6528,-6.091170787811279,0.0546572208404541,
6529,-5.882144927978516,0.05466651916503906,
6530,-5.887518405914307,0.05434226989746094,-0.48463451862335205
6531,-5.921971797943115,0.13236498832702637,
6532,-5.922450542449951,0.05433297157287598,
6533,-6.039719104766846,0.05500674247741699,
6534,-5.980075359344482,0.055265188217163086,
6535,-6.000452041625977,0.054587364196777344,
6536,-6.174736976623535,0.05451488494873047,
6537,-6.091880798339844,0.05498528480529785,
6538,-5.78810977935791,0.054105281829833984,
6539,-5.74875545501709,0.05509376525878906,
6540,-5.829064846038818,0.05468916893005371,-0.36729755997657776
6541,-5.813875198364258,0.12930655479431152,
6542,-5.78300666809082,0.05489063262939453,
6543,-5.806998252868652,0.05475783348083496,
6544,-5.755773544311523,0.05511307716369629,
6545,-5.6943159103393555,0.055028676986694336,
6546,-5.811251640319824,0.05481410026550293,
6547,-6.014657974243164,0.054595232009887695,
6548,-5.945359230041504,0.05492401123046875,
6549,-5.781703948974609,0.05517745018005371,
6550,-5.793813705444336,0.054639339447021484,-0.413106232881546
6551,-5.954540252685547,0.12897253036499023,
6552,-5.78068733215332,0.0544590950012207,
6553,-5.703141212463379,0.05447864532470703,
6554,-5.796387672424316,0.05393505096435547,
6555,-5.83270263671875,0.05401897430419922,
6556,-5.907236576080322,0.054540157318115234,
6557,-5.881052017211914,0.05505228042602539,
6558,-5.914646148681641,0.054817914962768555,
6559,-6.080288887023926,0.054773807525634766,
6560,-5.986993312835693,0.054833173751831055,-0.47752466797828674
6561,-6.03256893157959,0.1265561580657959,
6562,-6.0214033126831055,0.05639290809631348,
6563,-5.721990585327148,0.05528521537780762,
6564,-5.832339286804199,0.05478262901306152,
6565,-5.836912155151367,0.0550684928894043,
6566,-6.053900241851807,0.05429339408874512,
6567,-5.915053367614746,0.05482840538024902,
6568,-6.108541011810303,0.054758548736572266,
6569,-6.064177513122559,0.05455493927001953,
6570,-6.2022905349731445,0.05452156066894531,-0.40202221274375916
6571,-6.0723876953125,0.12650442123413086,
6572,-6.046067237854004,0.05488014221191406,
6573,-6.213934898376465,0.05481386184692383,
6574,-6.203223705291748,0.05462360382080078,
6575,-6.16428279876709,0.05485892295837402,
6576,-6.263805389404297,0.055313825607299805,
6577,-6.253546237945557,0.054369449615478516,
6578,-6.251977920532227,0.05484485626220703,
6579,-6.092315673828125,0.054785966873168945,
6580,-5.948185920715332,0.054862260818481445,-0.28996890783309937
6581,-6.068539619445801,0.12813234329223633,
6582,-5.952558517456055,0.055124759674072266,
6583,-5.939541816711426,0.054784297943115234,
6584,-6.043144226074219,0.055597782135009766,
6585,-5.991063594818115,0.05390596389770508,
6586,-6.145848751068115,0.054421186447143555,
6587,-6.02791166305542,0.05446290969848633,
6588,-6.090308666229248,0.05420041084289551,
6589,-6.008312225341797,0.05454134941101074,
6590,-6.0836381912231445,0.05460524559020996,-0.3900422155857086
6591,-5.9909257888793945,0.12717127799987793,
6592,-6.075136184692383,0.054411888122558594,
6593,-6.093802452087402,0.0545039176940918,
6594,-6.225070476531982,0.054854393005371094,
6595,-5.890686988830566,0.05516195297241211,
6596,-5.990204811096191,0.05429863929748535,
6597,-5.934103012084961,0.05477428436279297,
6598,-5.934413909912109,0.05525994300842285,
6599,-6.010235786437988,0.05506706237792969,
6600,-5.944913864135742,0.054503679275512695,-0.25462353229522705
6601,-5.874513626098633,0.2565324306488037,
6602,-5.797131538391113,0.05570507049560547,
6603,-5.972379684448242,0.05624818801879883,
6604,-6.078924655914307,0.054122209548950195,
6605,-6.0305657386779785,0.05462312698364258,
6606,-6.136174201965332,0.05482053756713867,
6607,-5.935072898864746,0.055707693099975586,
6608,-5.829126358032227,0.054472923278808594,
6609,-6.004193305969238,0.05539870262145996,
6610,-5.969356536865234,0.055110931396484375,-0.41027140617370605
6611,-5.989689826965332,0.12645840644836426,
6612,-5.879489421844482,0.05579376220703125,
6613,-6.033633708953857,0.05548262596130371,
6614,-5.955357551574707,0.055269479751586914,
6615,-5.879521369934082,0.054979562759399414,
6616,-5.941867828369141,0.0546567440032959,
6617,-6.106775283813477,0.0545194149017334,
6618,-5.957901954650879,0.054808616638183594,
6619,-5.884176731109619,0.05439305305480957,
6620,-5.971199035644531,0.054266929626464844,-0.3533984124660492
6621,-6.064981460571289,0.12693524360656738,
6622,-6.160160541534424,0.05467081069946289,
6623,-5.895974159240723,0.05426740646362305,
6624,-6.036532402038574,0.054494380950927734,
6625,-6.052939414978027,0.05426931381225586,
6626,-6.129581451416016,0.054436683654785156,
6627,-6.07080078125,0.05440378189086914,
6628,-6.0871076583862305,0.05567812919616699,
6629,-6.164027214050293,0.05510759353637695,
6630,-6.305414199829102,0.05490303039550781,-0.42490363121032715
6631,-6.209719657897949,0.12767648696899414,
6632,-6.243655681610107,0.05596756935119629,
6633,-5.949850559234619,0.054956674575805664,
6634,-5.986015319824219,0.056490182876586914,
6635,-5.801836967468262,0.05449342727661133,
6636,-6.131396770477295,0.055887699127197266,
6637,-6.046142101287842,0.05526280403137207,
6638,-6.140475749969482,0.05657315254211426,
6639,-6.23413610458374,0.05492973327636719,
6640,-6.032403945922852,0.05501699447631836,-0.38616126775741577
6641,-6.19642972946167,0.12804532051086426,
6642,-6.044734954833984,0.054932594299316406,
6643,-6.033549785614014,0.05518698692321777,
6644,-6.284125328063965,0.05563521385192871,
6645,-6.125189781188965,0.05513191223144531,
6646,-5.945082664489746,0.05560922622680664,
6647,-6.085301876068115,0.054790496826171875,
6648,-6.045138359069824,0.0552065372467041,
6649,-5.905625343322754,0.054842472076416016,
6650,-5.691778659820557,0.0557253360748291,-0.3967382609844208
6651,-5.968313217163086,0.12755942344665527,
6652,-5.854395866394043,0.0555264949798584,
6653,-5.87351131439209,0.055140018463134766,
6654,-5.9554033279418945,0.05518031120300293,
6655,-5.899438381195068,0.0546724796295166,
6656,-5.816396713256836,0.05477738380432129,
6657,-5.712043285369873,0.05627894401550293,
6658,-5.9301042556762695,0.056142568588256836,
6659,-6.010103225708008,0.05414891242980957,
6660,-5.899109363555908,0.055207252502441406,-0.42420101165771484
6661,-5.92352294921875,0.12589693069458008,
6662,-5.679025650024414,0.05490422248840332,
6663,-5.710741996765137,0.0569303035736084,
6664,-5.722198486328125,0.05486178398132324,
6665,-5.901356220245361,0.054637908935546875,
6666,-5.722987174987793,0.05470991134643555,
6667,-5.921206951141357,0.05477309226989746,
6668,-5.859065055847168,0.05462384223937988,
6669,-5.864302158355713,0.05442070960998535,
6670,-5.978360176086426,0.05452299118041992,-0.4489460587501526
6671,-5.916411876678467,0.1268477439880371,
6672,-5.947338104248047,0.05496335029602051,
6673,-5.904869079589844,0.054945945739746094,
6674,-5.843454360961914,0.05494499206542969,
6675,-5.884877681732178,0.05482959747314453,
6676,-5.903716564178467,0.05509614944458008,
6677,-6.086379051208496,0.05485057830810547,
6678,-5.911162376403809,0.053931474685668945,
6679,-5.971334934234619,0.054639339447021484,
6680,-6.040832042694092,0.05462837219238281,-0.4581371545791626
6681,-6.10067081451416,0.12753009796142578,
6682,-5.87383508682251,0.054871320724487305,
6683,-5.794799327850342,0.05488777160644531,
6684,-6.019323348999023,0.0549321174621582,
6685,-6.216547966003418,0.05488228797912598,
6686,-6.126796722412109,0.05435609817504883,
6687,-6.017739295959473,0.0550081729888916,
6688,-6.075451850891113,0.0547633171081543,
6689,-5.982131004333496,0.054935455322265625,
6690,-6.150965213775635,0.05511474609375,-0.4002378284931183
6691,-5.959139823913574,0.12958288192749023,
6692,-6.0386762619018555,0.05518293380737305,
6693,-6.16106653213501,0.05587482452392578,
6694,-6.148373126983643,0.05487465858459473,
6695,-6.186435699462891,0.05501580238342285,
6696,-6.244474411010742,0.05510759353637695,
6697,-6.180723190307617,0.05539226531982422,
6698,-6.219391822814941,0.05427885055541992,
6699,-6.065223693847656,0.05483198165893555,
6700,-6.11543083190918,0.05548858642578125,-0.41164255142211914
6701,-6.2662248611450195,0.1282961368560791,
6702,-6.136316776275635,0.05589461326599121,
6703,-6.060579776763916,0.05495500564575195,
6704,-6.067143440246582,0.055230140686035156,
6705,-5.996270656585693,0.05627870559692383,
6706,-6.020806312561035,0.054726600646972656,
6707,-6.178614616394043,0.05600786209106445,
6708,-6.086597919464111,0.05449366569519043,
6709,-6.331984519958496,0.05517697334289551,
6710,-6.186172008514404,0.05463385581970215,-0.5006057024002075
6711,-5.933197498321533,0.12892532348632812,
6712,-5.874825477600098,0.0550386905670166,
6713,-6.131752967834473,0.05541515350341797,
6714,-6.080500602722168,0.054492950439453125,
6715,-5.924479007720947,0.055120229721069336,
6716,-6.096711158752441,0.05485796928405762,
6717,-5.982292175292969,0.055243492126464844,
6718,-5.882136344909668,0.05454564094543457,
6719,-5.880976676940918,0.054364681243896484,
6720,-6.088116645812988,0.05666756629943848,-0.3739243149757385
6721,-6.144925594329834,0.2557234764099121,
6722,-5.938671588897705,0.05430293083190918,
6723,-6.045367240905762,0.05481576919555664,
6724,-6.022324085235596,0.05462026596069336,
6725,-6.093505859375,0.05556344985961914,
6726,-6.010261535644531,0.054665327072143555,
6727,-6.0588579177856445,0.05496549606323242,
6728,-6.086362361907959,0.05472588539123535,
6729,-5.938930511474609,0.05394411087036133,
6730,-6.119602680206299,0.0546724796295166,-0.4860096275806427
6731,-5.970165729522705,0.12617897987365723,
6732,-6.125004768371582,0.05432629585266113,
6733,-6.125537872314453,0.05370163917541504,
6734,-6.149686813354492,0.053960561752319336,
6735,-6.121782302856445,0.054049015045166016,
6736,-6.259765625,0.05405688285827637,
6737,-6.197274208068848,0.0543055534362793,
6738,-6.149664402008057,0.05451607704162598,
6739,-6.216153144836426,0.054789066314697266,
6740,-6.333050727844238,0.05434870719909668,-0.38021326065063477
6741,-6.179171562194824,0.1280839443206787,
6742,-6.2513580322265625,0.0547022819519043,
6743,-6.3027849197387695,0.05482077598571777,
6744,-6.261873722076416,0.054070234298706055,
6745,-6.396864891052246,0.05442500114440918,
6746,-6.217577934265137,0.05491805076599121,
6747,-6.170594692230225,0.055088043212890625,
6748,-6.202032089233398,0.055413246154785156,
6749,-6.179634094238281,0.05439448356628418,
6750,-6.210951328277588,0.05492591857910156,-0.3673456609249115
6751,-6.202977180480957,0.1271979808807373,
6752,-5.868105888366699,0.0542912483215332,
6753,-5.898983955383301,0.05468034744262695,
6754,-6.118890762329102,0.0547175407409668,
6755,-6.060746669769287,0.05447125434875488,
6756,-5.8799004554748535,0.054473161697387695,
6757,-6.1355156898498535,0.05456376075744629,
6758,-6.137083053588867,0.05504727363586426,
6759,-6.215264320373535,0.05479121208190918,
6760,-6.149890899658203,0.05503988265991211,-0.4019852578639984
6761,-6.245339393615723,0.1290745735168457,
6762,-6.130502700805664,0.05455493927001953,
6763,-6.155360698699951,0.05422067642211914,
6764,-6.107436180114746,0.054634809494018555,
6765,-6.226293563842773,0.05465245246887207,
6766,-6.357778549194336,0.05470561981201172,
6767,-6.2674736976623535,0.05429863929748535,
6768,-6.234307765960693,0.05453085899353027,
6769,-6.115416526794434,0.05452561378479004,
6770,-6.168307781219482,0.054181575775146484,-0.328268438577652
6771,-6.122001647949219,0.1266920566558838,
6772,-6.27506160736084,0.05444073677062988,
6773,-6.183101177215576,0.05492854118347168,
6774,-6.214839935302734,0.0556645393371582,
6775,-6.267309188842773,0.055028438568115234,
6776,-6.258612632751465,0.05475902557373047,
6777,-6.2265238761901855,0.05538678169250488,
6778,-6.133913516998291,0.05466032028198242,
6779,-6.260376930236816,0.054718971252441406,
6780,-6.235248565673828,0.05449104309082031,-0.4481200575828552
6781,-6.092039108276367,0.1283550262451172,
6782,-6.052408218383789,0.055142879486083984,
6783,-6.227101802825928,0.05487704277038574,
6784,-6.143308639526367,0.054906606674194336,
6785,-6.132327079772949,0.05491209030151367,
6786,-6.111279487609863,0.054378509521484375,
6787,-6.061285495758057,0.05453181266784668,
6788,-6.072244644165039,0.054894447326660156,
6789,-5.985628604888916,0.05454897880554199,
6790,-6.100473403930664,0.05501151084899902,-0.3315812051296234
6791,-5.94495153427124,0.12776613235473633,
6792,-6.009778022766113,0.05464482307434082,
6793,-6.144155979156494,0.05448460578918457,
6794,-6.245155334472656,0.05518007278442383,
6795,-6.058796405792236,0.055077314376831055,
6796,-6.177655220031738,0.055323123931884766,
6797,-6.223542213439941,0.05593395233154297,
6798,-6.126448631286621,0.05510759353637695,
6799,-6.15703010559082,0.05495476722717285,
6800,-6.236855506896973,0.054521799087524414,-0.40222370624542236
6801,-6.075288772583008,0.12536931037902832,
6802,-6.233701229095459,0.05498385429382324,
6803,-6.31552791595459,0.05488896369934082,
6804,-6.031688690185547,0.054471492767333984,
6805,-6.125986099243164,0.054553985595703125,
6806,-6.294256687164307,0.0549623966217041,
6807,-6.039181709289551,0.05507016181945801,
6808,-6.194125175476074,0.05464911460876465,
6809,-6.050280570983887,0.0549921989440918,
6810,-5.945996284484863,0.0547487735748291,-0.40165814757347107
6811,-6.214570045471191,0.12763047218322754,
6812,-6.204597473144531,0.05427885055541992,
6813,-6.174248218536377,0.05441641807556152,
6814,-6.142287254333496,0.05451655387878418,
6815,-6.296431541442871,0.05501723289489746,
6816,-6.093658924102783,0.05429196357727051,
6817,-6.008468151092529,0.05448269844055176,
6818,-6.069445610046387,0.05460691452026367,
6819,-6.1561713218688965,0.054553985595703125,
6820,-6.126147747039795,0.055062294006347656,-0.41597220301628113
6821,-6.145739555358887,0.1272430419921875,
6822,-6.2216267585754395,0.054819583892822266,
6823,-6.0928955078125,0.05509686470031738,
6824,-6.067895889282227,0.054354190826416016,
6825,-6.157036781311035,0.05483555793762207,
6826,-6.176799297332764,0.05458974838256836,
6827,-6.218441963195801,0.054482221603393555,
6828,-6.098507881164551,0.05503225326538086,
6829,-6.060027122497559,0.05629158020019531,
6830,-6.093198776245117,0.05564594268798828,-0.30718353390693665
6831,-6.072401523590088,0.12864279747009277,
6832,-6.041130542755127,0.0547637939453125,
6833,-6.174194812774658,0.05466008186340332,
6834,-6.044196128845215,0.054670095443725586,
6835,-6.227774143218994,0.054474592208862305,
6836,-6.09488582611084,0.054460763931274414,
6837,-6.087823867797852,0.05464601516723633,
6838,-6.093945503234863,0.054645538330078125,
6839,-6.115176677703857,0.05468416213989258,
6840,-6.118120193481445,0.05537772178649902,-0.368132084608078
6841,-6.223207473754883,0.2554800510406494,
6842,-6.1830034255981445,0.0552220344543457,
6843,-6.0976715087890625,0.05405092239379883,
6844,-6.232632637023926,0.054574012756347656,
6845,-6.2391767501831055,0.05452227592468262,
6846,-6.1745405197143555,0.055332183837890625,
6847,-6.226993560791016,0.054619789123535156,
6848,-6.171363830566406,0.05442070960998535,
6849,-6.292143821716309,0.05453062057495117,
6850,-6.172361373901367,0.054235219955444336,-0.34283578395843506
6851,-6.210739612579346,0.12633323669433594,
6852,-6.298498630523682,0.0545651912689209,
6853,-6.146598815917969,0.055135488510131836,
6854,-6.1109113693237305,0.05488252639770508,
6855,-6.3051605224609375,0.05508589744567871,
6856,-6.174224853515625,0.05488228797912598,
6857,-6.061573505401611,0.05457425117492676,
6858,-6.123175144195557,0.054134368896484375,
6859,-6.115544319152832,0.05457448959350586,
6860,-5.929482460021973,0.05504560470581055,-0.39667826890945435
6861,-6.0216875076293945,0.12880849838256836,
6862,-6.160529613494873,0.05464911460876465,
6863,-6.00478458404541,0.05474448204040527,
6864,-6.152178764343262,0.05484819412231445,
6865,-6.115678310394287,0.054973602294921875,
6866,-6.044594764709473,0.054739952087402344,
6867,-5.955636978149414,0.05440807342529297,
6868,-6.0450029373168945,0.0546870231628418,
6869,-6.010384559631348,0.05475115776062012,
6870,-6.152083396911621,0.05515170097351074,-0.24413582682609558
6871,-6.272702217102051,0.1268765926361084,
6872,-6.1037397384643555,0.054440975189208984,
6873,-6.222716808319092,0.05447983741760254,
6874,-5.906434059143066,0.0549318790435791,
6875,-5.924365520477295,0.05592083930969238,
6876,-5.995039939880371,0.055261850357055664,
6877,-6.051455497741699,0.054720163345336914,
6878,-6.153415679931641,0.055419206619262695,
6879,-5.945978164672852,0.05448007583618164,
6880,-6.027878284454346,0.05394721031188965,-0.43506181240081787
6881,-6.243711471557617,0.12749886512756348,
6882,-6.101987838745117,0.05466866493225098,
6883,-6.212728500366211,0.05611157417297363,
6884,-6.327608108520508,0.055153608322143555,
6885,-6.333301544189453,0.05424189567565918,
6886,-6.157750606536865,0.05454134941101074,
6887,-6.345423698425293,0.05452561378479004,
6888,-6.329814434051514,0.05380058288574219,
6889,-6.092292785644531,0.05400991439819336,
6890,-6.292781352996826,0.05399894714355469,-0.3167477548122406
6891,-6.211641311645508,0.12836480140686035,
6892,-6.028694152832031,0.05487942695617676,
6893,-6.175453186035156,0.05477452278137207,
6894,-6.166290283203125,0.0550074577331543,
6895,-6.167963027954102,0.05527544021606445,
6896,-6.303681373596191,0.05443859100341797,
6897,-6.158052921295166,0.05485701560974121,
6898,-6.174147605895996,0.055029869079589844,
6899,-6.268784046173096,0.05411267280578613,
6900,-6.190698146820068,0.05415797233581543,-0.3242582678794861
6901,-6.086686611175537,0.1266796588897705,
6902,-6.206344127655029,0.054671525955200195,
6903,-6.1155877113342285,0.05476045608520508,
6904,-6.113819122314453,0.05444931983947754,
6905,-6.17205810546875,0.05563783645629883,
6906,-6.155603408813477,0.056327104568481445,
6907,-6.2586669921875,0.054735660552978516,
6908,-6.320411682128906,0.055169105529785156,
6909,-6.086661338806152,0.05486583709716797,
6910,-6.116633415222168,0.05451846122741699,-0.45644038915634155
6911,-6.187712669372559,0.12937521934509277,
6912,-6.116058826446533,0.05423545837402344,
6913,-5.9961395263671875,0.0547792911529541,
6914,-6.062741756439209,0.05501818656921387,
6915,-6.00649356842041,0.05462288856506348,
6916,-6.060113430023193,0.054656028747558594,
6917,-6.160614967346191,0.05433344841003418,
6918,-6.072474002838135,0.05427956581115723,
6919,-6.221396446228027,0.05427718162536621,
6920,-6.311772346496582,0.054763078689575195,-0.4286620020866394
6921,-6.269567012786865,0.12765812873840332,
6922,-6.1507568359375,0.054811716079711914,
6923,-6.027796268463135,0.05463814735412598,
6924,-6.001335620880127,0.05577683448791504,
6925,-5.967405796051025,0.054528236389160156,
6926,-5.970776081085205,0.05497860908508301,
6927,-6.004644393920898,0.0551755428314209,
6928,-6.294760704040527,0.054705142974853516,
6929,-6.1165995597839355,0.055382490158081055,
6930,-6.215120315551758,0.054346323013305664,-0.4513707160949707
6931,-6.100068092346191,0.12788176536560059,
6932,-6.151097297668457,0.05484127998352051,
6933,-6.053528785705566,0.05524158477783203,
6934,-6.112460136413574,0.055642127990722656,
6935,-6.063695907592773,0.05460333824157715,
6936,-6.033867835998535,0.055812835693359375,
6937,-6.2620344161987305,0.05536174774169922,
6938,-6.314186096191406,0.054613590240478516,
6939,-6.042182922363281,0.0551762580871582,
6940,-6.12816047668457,0.05495905876159668,-0.38321930170059204
6941,-6.0740814208984375,0.12816762924194336,
6942,-5.931102275848389,0.054300546646118164,
6943,-6.200254917144775,0.05535411834716797,
6944,-6.213745594024658,0.05580568313598633,
6945,-6.147213935852051,0.05546879768371582,
6946,-6.241862773895264,0.05448436737060547,
6947,-6.145409107208252,0.054856061935424805,
6948,-6.308690071105957,0.05501246452331543,
6949,-6.039170742034912,0.05494070053100586,
6950,-6.246170520782471,0.05466961860656738,-0.44199585914611816
6951,-6.256460189819336,0.1264495849609375,
6952,-6.190405368804932,0.05591011047363281,
6953,-6.302389621734619,0.05620980262756348,
6954,-6.252924919128418,0.05503654479980469,
6955,-6.213102340698242,0.05498957633972168,
6956,-6.170095443725586,0.05591559410095215,
6957,-6.3521270751953125,0.05498790740966797,
6958,-6.2583327293396,0.0543360710144043,
6959,-6.227967262268066,0.05559086799621582,
6960,-6.289570331573486,0.054909706115722656,-0.34587034583091736
6961,-6.126464366912842,0.261157751083374,
6962,-6.11644172668457,0.05467534065246582,
6963,-6.158740997314453,0.05413699150085449,
6964,-6.239552974700928,0.054857730865478516,
6965,-6.131299018859863,0.054938554763793945,
6966,-6.010200500488281,0.054715871810913086,
6967,-6.298181533813477,0.05436205863952637,
6968,-6.087616443634033,0.05471396446228027,
6969,-6.110877990722656,0.054961204528808594,
6970,-5.9961724281311035,0.05478525161743164,-0.4145493805408478
6971,-6.160636901855469,0.12889671325683594,
6972,-6.140369415283203,0.05508160591125488,
6973,-6.132028579711914,0.05611467361450195,
6974,-6.221174240112305,0.0546112060546875,
6975,-6.33629035949707,0.05497169494628906,
6976,-6.275114059448242,0.054639339447021484,
6977,-6.283651828765869,0.05496859550476074,
6978,-6.146951675415039,0.05531787872314453,
6979,-6.320210933685303,0.05488467216491699,
6980,-6.171130657196045,0.055637359619140625,-0.32561802864074707
6981,-6.273403167724609,0.12811279296875,
6982,-6.240675926208496,0.05421757698059082,
6983,-5.975203037261963,0.055014848709106445,
6984,-5.940359115600586,0.05544447898864746,
6985,-5.994760513305664,0.05531191825866699,
6986,-5.960007667541504,0.05468606948852539,
6987,-6.097880840301514,0.05492115020751953,
6988,-6.080470561981201,0.05501127243041992,
6989,-6.219980239868164,0.054412841796875,
6990,-6.226865291595459,0.056493282318115234,-0.3833943009376526
6991,-6.283938407897949,0.12757468223571777,
6992,-6.245640754699707,0.05541110038757324,
6993,-6.045467376708984,0.05561637878417969,
6994,-5.916790962219238,0.054132699966430664,
6995,-6.232850551605225,0.05400514602661133,
6996,-6.090508460998535,0.05433964729309082,
6997,-5.941479206085205,0.05473041534423828,
6998,-6.1634297370910645,0.05446004867553711,
6999,-6.213367462158203,0.05413818359375,
7000,-6.231378078460693,0.05433368682861328,-0.35836806893348694
7001,-6.185729026794434,0.12882709503173828,
7002,-6.181884765625,0.05494403839111328,
7003,-6.067740440368652,0.05481386184692383,
7004,-6.120537281036377,0.054833173751831055,
7005,-6.064943790435791,0.05445408821105957,
7006,-6.284567832946777,0.054636478424072266,
7007,-6.137565612792969,0.05501103401184082,
7008,-6.065001487731934,0.05472850799560547,
7009,-6.054703712463379,0.05487632751464844,
7010,-6.2333173751831055,0.05524849891662598,-0.35329505801200867
7011,-6.181845664978027,0.12694978713989258,
7012,-6.136866092681885,0.05483603477478027,
7013,-6.125269889831543,0.05464887619018555,
7014,-6.142020225524902,0.054979562759399414,
7015,-6.202479362487793,0.055046796798706055,
7016,-6.070064544677734,0.05588722229003906,
7017,-6.010241508483887,0.054283857345581055,
7018,-6.1133551597595215,0.05447268486022949,
7019,-6.127023220062256,0.05468916893005371,
7020,-6.244687080383301,0.05427432060241699,-0.34528449177742004
7021,-6.017107963562012,0.12835431098937988,
7022,-6.288260459899902,0.054860591888427734,
7023,-6.0939435958862305,0.05549430847167969,
7024,-6.131731986999512,0.05439138412475586,
7025,-6.311212539672852,0.055821895599365234,
7026,-6.116726875305176,0.05493497848510742,
7027,-6.038928985595703,0.05498147010803223,
7028,-6.268606185913086,0.054604291915893555,
7029,-6.049863815307617,0.05513119697570801,
7030,-6.080726623535156,0.0547943115234375,-0.3463965356349945
7031,-6.101252555847168,0.12804174423217773,
7032,-6.111695289611816,0.05409359931945801,
7033,-6.038818359375,0.0550229549407959,
7034,-5.939036846160889,0.05450868606567383,
7035,-6.141448974609375,0.055086374282836914,
7036,-6.094236373901367,0.05466270446777344,
7037,-6.186561584472656,0.05528831481933594,
7038,-6.098688125610352,0.05485963821411133,
7039,-6.0892534255981445,0.05489158630371094,
7040,-6.22023868560791,0.054781436920166016,-0.4095119535923004
7041,-6.238381862640381,0.12810468673706055,
7042,-6.08939266204834,0.05496072769165039,
7043,-6.172628879547119,0.055260419845581055,
7044,-6.085979461669922,0.05450582504272461,
7045,-6.097804069519043,0.05470466613769531,
7046,-6.185321807861328,0.05466151237487793,
7047,-6.047794342041016,0.054070234298706055,
7048,-5.966907024383545,0.054943084716796875,
7049,-5.939236640930176,0.056321144104003906,
7050,-5.933042526245117,0.05524444580078125,-0.28532370924949646
7051,-5.858277320861816,0.1266469955444336,
7052,-6.157352447509766,0.054105281829833984,
7053,-5.966797828674316,0.05455303192138672,
7054,-6.066078186035156,0.05497121810913086,
7055,-6.375729084014893,0.0548100471496582,
7056,-6.215277671813965,0.05528116226196289,
7057,-6.152012348175049,0.055741310119628906,
7058,-5.925029277801514,0.055275678634643555,
7059,-5.7869954109191895,0.054639339447021484,
7060,-6.128013610839844,0.05585455894470215,-0.32271862030029297
7061,-6.06110143661499,0.1281440258026123,
7062,-6.0509233474731445,0.05425214767456055,
7063,-5.931443691253662,0.054595947265625,
7064,-6.029007911682129,0.0546114444732666,
7065,-6.138113975524902,0.05459880828857422,
7066,-6.119193077087402,0.05449843406677246,
7067,-6.166070938110352,0.055684566497802734,
7068,-6.056581020355225,0.05514836311340332,
7069,-6.121450424194336,0.05520200729370117,
7070,-5.915837287902832,0.05440187454223633,-0.31622835993766785
7071,-5.984702110290527,0.12549328804016113,
7072,-6.119511604309082,0.05466032028198242,
7073,-6.254608154296875,0.054868459701538086,
7074,-6.164815902709961,0.05639505386352539,
7075,-6.036617755889893,0.054670095443725586,
7076,-5.958083152770996,0.054464101791381836,
7077,-6.060829162597656,0.055144548416137695,
7078,-6.082240104675293,0.05434846878051758,
7079,-6.144534111022949,0.054840803146362305,
7080,-5.905860424041748,0.05462074279785156,-0.3788909614086151
7081,-5.859513759613037,0.25207042694091797,
7082,-6.082149982452393,0.05469369888305664,
7083,-6.115415096282959,0.056891679763793945,
7084,-6.0522966384887695,0.055184364318847656,
7085,-6.061168670654297,0.05423903465270996,
7086,-6.049777984619141,0.05440187454223633,
7087,-5.864920139312744,0.05439472198486328,
7088,-5.9980082511901855,0.05456209182739258,
7089,-6.2192769050598145,0.05428934097290039,
7090,-6.143780708312988,0.054731130599975586,-0.3000279366970062
7091,-5.986062526702881,0.1293957233428955,
7092,-6.070467948913574,0.054528236389160156,
7093,-6.150365829467773,0.05382370948791504,
7094,-6.074143409729004,0.0542607307434082,
7095,-5.975578308105469,0.05447793006896973,
7096,-6.095959663391113,0.05425214767456055,
7097,-5.999283790588379,0.054108381271362305,
7098,-6.019432067871094,0.054175376892089844,
7099,-5.9604997634887695,0.05408430099487305,
7100,-5.931230545043945,0.054010868072509766,-0.4208398759365082
7101,-6.054965019226074,0.12461090087890625,
7102,-6.0177106857299805,0.05397367477416992,
7103,-6.044192314147949,0.05563497543334961,
7104,-6.073860168457031,0.054776668548583984,
7105,-6.192967414855957,0.055023193359375,
7106,-6.08943510055542,0.055002689361572266,
7107,-6.170665740966797,0.053955078125,
7108,-5.8562517166137695,0.05439615249633789,
7109,-5.882041931152344,0.054325103759765625,
7110,-6.078886985778809,0.054277658462524414,-0.27802664041519165
7111,-6.015652179718018,0.1276383399963379,
7112,-5.907115936279297,0.05475449562072754,
7113,-6.129446506500244,0.054912567138671875,
7114,-6.1602067947387695,0.05487537384033203,
7115,-6.100060939788818,0.05431389808654785,
7116,-6.031030654907227,0.05486249923706055,
7117,-6.077491760253906,0.05480527877807617,
7118,-6.0444440841674805,0.05417776107788086,
7119,-6.2845916748046875,0.05476975440979004,
7120,-5.8865509033203125,0.0549161434173584,-0.35612377524375916
7121,-5.981846809387207,0.1274709701538086,
7122,-5.984838485717773,0.05471396446228027,
7123,-6.158313751220703,0.05456042289733887,
7124,-6.141327857971191,0.05506157875061035,
7125,-6.269431114196777,0.055140018463134766,
7126,-6.0626068115234375,0.054534196853637695,
7127,-6.070356369018555,0.05556058883666992,
7128,-6.113334655761719,0.05527782440185547,
7129,-5.87738561630249,0.05498361587524414,
7130,-5.880084037780762,0.054674386978149414,-0.281247079372406
7131,-6.163052082061768,0.12624073028564453,
7132,-6.109141826629639,0.055701255798339844,
7133,-6.232910633087158,0.055173397064208984,
7134,-6.113890647888184,0.05414009094238281,
7135,-5.958025932312012,0.05469679832458496,
7136,-6.07255744934082,0.05483198165893555,
7137,-6.083172798156738,0.05495023727416992,
7138,-6.0147013664245605,0.05433535575866699,
7139,-6.005667686462402,0.05488777160644531,
7140,-6.04377555847168,0.05487489700317383,-0.3845471739768982
7141,-6.085793495178223,0.1284010410308838,
7142,-6.3256707191467285,0.05538439750671387,
7143,-6.033817768096924,0.05481600761413574,
7144,-6.3398003578186035,0.05514049530029297,
7145,-6.079616546630859,0.05465865135192871,
7146,-6.214138984680176,0.05501532554626465,
7147,-6.1657609939575195,0.05515170097351074,
7148,-6.233392238616943,0.05492997169494629,
7149,-6.1165642738342285,0.05553150177001953,
7150,-6.183595657348633,0.05423164367675781,-0.39966627955436707
7151,-6.0264482498168945,0.12615227699279785,
7152,-5.797815322875977,0.054434776306152344,
7153,-5.973086357116699,0.05540895462036133,
7154,-6.186168670654297,0.05469179153442383,
7155,-6.191722393035889,0.05444002151489258,
7156,-6.1566057205200195,0.0544130802154541,
7157,-6.30435848236084,0.05446314811706543,
7158,-6.3543291091918945,0.05474042892456055,
7159,-6.244390487670898,0.05505728721618652,
7160,-6.255859375,0.05409574508666992,-0.3546852171421051
7161,-6.261256217956543,0.12786364555358887,
7162,-6.221282005310059,0.05449032783508301,
7163,-6.221208095550537,0.05466651916503906,
7164,-6.1590986251831055,0.05524587631225586,
7165,-6.022850513458252,0.055489301681518555,
7166,-6.206650733947754,0.05499553680419922,
7167,-6.043326377868652,0.05535101890563965,
7168,-6.092869758605957,0.05448460578918457,
7169,-6.10530948638916,0.05493044853210449,
7170,-6.003406524658203,0.05514359474182129,-0.3537316918373108
7171,-6.161280155181885,0.12907648086547852,
7172,-6.150245666503906,0.05474138259887695,
7173,-6.086209297180176,0.054780006408691406,
7174,-6.111443519592285,0.05503535270690918,
7175,-6.252871990203857,0.05526852607727051,
7176,-6.051097393035889,0.05427432060241699,
7177,-6.064824104309082,0.054701805114746094,
7178,-6.0913825035095215,0.05485367774963379,
7179,-5.951566696166992,0.05465888977050781,
7180,-6.203195571899414,0.05454397201538086,-0.3992931842803955
7181,-6.155756950378418,0.12652969360351562,
7182,-6.121975898742676,0.05492138862609863,
7183,-6.055171966552734,0.054978370666503906,
7184,-6.171341896057129,0.05446672439575195,
7185,-5.967226028442383,0.0559842586517334,
7186,-6.171038627624512,0.05519294738769531,
7187,-6.1562700271606445,0.05451035499572754,
7188,-6.293898582458496,0.05458974838256836,
7189,-6.086843013763428,0.054618120193481445,
7190,-6.172152996063232,0.054770708084106445,-0.4126659333705902
7191,-6.0500993728637695,0.1271529197692871,
7192,-6.1292219161987305,0.05480647087097168,
7193,-6.257206916809082,0.05571627616882324,
7194,-6.171835899353027,0.0561830997467041,
7195,-6.104462146759033,0.05476856231689453,
7196,-6.032242774963379,0.05510354042053223,
7197,-6.142888069152832,0.054978132247924805,
7198,-6.159151077270508,0.05614924430847168,
7199,-6.119281768798828,0.05544328689575195,
7200,-6.015998363494873,0.05510663986206055,-0.3557971119880676
7201,-6.284433364868164,0.25681591033935547,
7202,-6.176149368286133,0.05486917495727539,
7203,-6.111069679260254,0.05476808547973633,
7204,-5.909815311431885,0.05451655387878418,
7205,-6.02602481842041,0.05585765838623047,
7206,-5.999815464019775,0.055047035217285156,
7207,-6.108292579650879,0.05446457862854004,
7208,-6.091719150543213,0.05449795722961426,
7209,-6.079287528991699,0.05476856231689453,
7210,-6.131948471069336,0.055704355239868164,-0.38328227400779724
7211,-6.064889907836914,0.12517237663269043,
7212,-5.956186771392822,0.05455636978149414,
7213,-6.063614845275879,0.05520510673522949,
7214,-6.034541606903076,0.05473589897155762,
7215,-6.060628890991211,0.05425071716308594,
7216,-5.991376876831055,0.05483126640319824,
7217,-6.213866233825684,0.054712533950805664,
7218,-5.987278938293457,0.054641008377075195,
7219,-6.151668548583984,0.05452775955200195,
7220,-6.009347915649414,0.054718732833862305,-0.32666483521461487
7221,-6.044421195983887,0.12662124633789062,
7222,-5.989149570465088,0.054173946380615234,
7223,-6.010658264160156,0.05428767204284668,
7224,-6.111936092376709,0.05430245399475098,
7225,-6.116217136383057,0.05469918251037598,
7226,-6.269885063171387,0.05425071716308594,
7227,-6.152047634124756,0.05473732948303223,
7228,-6.272891044616699,0.05509591102600098,
7229,-6.190916061401367,0.054262638092041016,
7230,-6.31980562210083,0.05460643768310547,-0.3795228898525238
7231,-6.144662857055664,0.12850594520568848,
7232,-6.160818099975586,0.05480241775512695,
7233,-6.097387790679932,0.054963111877441406,
7234,-6.210724353790283,0.05474281311035156,
7235,-5.924624443054199,0.0548253059387207,
7236,-6.166177272796631,0.05493426322937012,
7237,-6.164644241333008,0.054506778717041016,
7238,-6.257166862487793,0.05477476119995117,
7239,-6.276885032653809,0.05479931831359863,
7240,-6.341824531555176,0.055005550384521484,-0.27727460861206055
7241,-6.166964054107666,0.12790966033935547,
7242,-6.241628646850586,0.054245948791503906,
7243,-6.123928070068359,0.054584503173828125,
7244,-6.025992393493652,0.05499553680419922,
7245,-6.183562278747559,0.05434393882751465,
7246,-6.252360820770264,0.05472850799560547,
7247,-6.278617858886719,0.05500960350036621,
7248,-6.2178778648376465,0.05480027198791504,
7249,-6.079151153564453,0.054662227630615234,
7250,-6.313390731811523,0.05487251281738281,-0.329089879989624
7251,-6.3397417068481445,0.12787580490112305,
7252,-6.272024154663086,0.05434989929199219,
7253,-6.098538398742676,0.05426669120788574,
7254,-6.17171573638916,0.054732561111450195,
7255,-6.354043960571289,0.05442380905151367,
7256,-6.282444953918457,0.05413460731506348,
7257,-6.503369331359863,0.055004119873046875,
7258,-6.345776557922363,0.05485701560974121,
7259,-6.443464279174805,0.05467343330383301,
7260,-6.139447212219238,0.054888010025024414,-0.35100165009498596
7261,-6.30104923248291,0.12782716751098633,
7262,-6.206117630004883,0.054071903228759766,
7263,-6.1308746337890625,0.05521249771118164,
7264,-6.179851531982422,0.05467677116394043,
7265,-6.080498218536377,0.05521655082702637,
7266,-6.0581865310668945,0.05511593818664551,
7267,-6.172429084777832,0.054807424545288086,
7268,-6.342929840087891,0.05467629432678223,
7269,-6.138970851898193,0.05449724197387695,
7270,-6.296945571899414,0.056052207946777344,-0.43174314498901367
7271,-6.294715404510498,0.12752866744995117,
7272,-6.205803871154785,0.055037498474121094,
7273,-6.492095470428467,0.05448579788208008,
7274,-6.339919090270996,0.054926156997680664,
7275,-6.199646472930908,0.05439448356628418,
7276,-6.32747745513916,0.054752349853515625,
7277,-6.201286315917969,0.05417919158935547,
7278,-6.1001458168029785,0.05417776107788086,
7279,-6.0469160079956055,0.05440115928649902,
7280,-5.908968925476074,0.055010318756103516,-0.32614457607269287
7281,-6.020733833312988,0.12728643417358398,
7282,-5.9302778244018555,0.05514669418334961,
7283,-6.0752716064453125,0.05519461631774902,
7284,-6.152227401733398,0.05511736869812012,
7285,-6.186623573303223,0.0550694465637207,
7286,-6.240610122680664,0.05502915382385254,
7287,-6.318499565124512,0.05480551719665527,
7288,-6.208060264587402,0.0549008846282959,
7289,-6.15569543838501,0.05503654479980469,
7290,-6.316635608673096,0.05411887168884277,-0.29092857241630554
7291,-6.114631652832031,0.12856006622314453,
7292,-6.276431083679199,0.054732322692871094,
7293,-6.139736175537109,0.05480599403381348,
7294,-5.9964094161987305,0.0547490119934082,
7295,-6.18658447265625,0.05432605743408203,
7296,-6.107065200805664,0.054741621017456055,
7297,-6.0402374267578125,0.05517148971557617,
7298,-6.101478099822998,0.05425429344177246,
7299,-6.236639022827148,0.054512977600097656,
7300,-6.308288097381592,0.054416656494140625,-0.4056021571159363
7301,-6.054783821105957,0.12670302391052246,
7302,-6.197052001953125,0.05442690849304199,
7303,-6.21258544921875,0.05449318885803223,
7304,-6.157955169677734,0.0546112060546875,
7305,-6.163937568664551,0.05481982231140137,
7306,-6.295334815979004,0.05526018142700195,
7307,-6.153236389160156,0.05511593818664551,
7308,-6.387829780578613,0.054737091064453125,
7309,-6.254566192626953,0.05413508415222168,
7310,-6.144229888916016,0.05483293533325195,-0.3502020239830017
7311,-6.391427040100098,0.129317045211792,
7312,-6.489864349365234,0.0547337532043457,
7313,-6.381093502044678,0.05504751205444336,
7314,-6.490499973297119,0.05429673194885254,
7315,-6.314983367919922,0.055178165435791016,
7316,-6.241518974304199,0.05541849136352539,
7317,-6.244335651397705,0.05460381507873535,
7318,-6.2673797607421875,0.05486154556274414,
7319,-6.456596374511719,0.05488276481628418,
7320,-6.371074676513672,0.054312944412231445,-0.4124096930027008
7321,-6.192062854766846,0.2557668685913086,
7322,-6.2860870361328125,0.05488181114196777,
7323,-6.214102745056152,0.05461573600769043,
7324,-6.03568696975708,0.05479073524475098,
7325,-6.052145481109619,0.05434274673461914,
7326,-6.033881187438965,0.05470156669616699,
7327,-6.217354774475098,0.05536985397338867,
7328,-6.06181001663208,0.05492138862609863,
7329,-6.194335460662842,0.05473661422729492,
7330,-6.358079433441162,0.05559873580932617,-0.354496568441391
7331,-6.20612907409668,0.1274704933166504,
7332,-6.082469940185547,0.054796457290649414,
7333,-6.110301971435547,0.054570674896240234,
7334,-6.1326584815979,0.05494236946105957,
7335,-6.099847793579102,0.055826663970947266,
7336,-6.141473770141602,0.05469989776611328,
7337,-6.243398189544678,0.05508708953857422,
7338,-6.312147617340088,0.055358171463012695,
7339,-6.270503044128418,0.055315494537353516,
7340,-6.3474225997924805,0.05410170555114746,-0.3099055886268616
7341,-6.244960784912109,0.127976655960083,
7342,-6.358660697937012,0.05503964424133301,
7343,-6.308852195739746,0.0543522834777832,
7344,-6.426435470581055,0.054259300231933594,
7345,-6.184831619262695,0.05436134338378906,
7346,-6.293607711791992,0.05429887771606445,
7347,-6.372287273406982,0.05414462089538574,
7348,-6.19609260559082,0.05515575408935547,
7349,-6.084820747375488,0.05489015579223633,
7350,-6.2658305168151855,0.0552372932434082,-0.37306055426597595
7351,-6.149646282196045,0.12700104713439941,
7352,-6.158199310302734,0.054094552993774414,
7353,-6.150549411773682,0.05467486381530762,
7354,-6.207697868347168,0.05496859550476074,
7355,-6.350317001342773,0.0548861026763916,
7356,-6.134849548339844,0.05456066131591797,
7357,-6.1448822021484375,0.05477142333984375,
7358,-6.2999348640441895,0.05492854118347168,
7359,-6.3613996505737305,0.054395437240600586,
7360,-6.278085231781006,0.05459284782409668,-0.3414532542228699
7361,-6.115927696228027,0.12749743461608887,
7362,-6.375196933746338,0.05486130714416504,
7363,-6.1909332275390625,0.054631710052490234,
7364,-6.3062944412231445,0.05489969253540039,
7365,-6.135042667388916,0.05459761619567871,
7366,-6.170777797698975,0.05478096008300781,
7367,-6.113507270812988,0.05476045608520508,
7368,-6.057826995849609,0.0548551082611084,
7369,-6.239187717437744,0.05529284477233887,
7370,-6.170289039611816,0.05465388298034668,-0.3926079571247101
7371,-6.141054153442383,0.12708258628845215,
7372,-6.0589752197265625,0.0549769401550293,
7373,-6.2069315910339355,0.05486798286437988,
7374,-6.118843078613281,0.0539703369140625,
7375,-6.011427879333496,0.054387807846069336,
7376,-6.069580554962158,0.05451226234436035,
7377,-6.1303205490112305,0.05488109588623047,
7378,-6.122044563293457,0.05434870719909668,
7379,-6.002137184143066,0.05466866493225098,
7380,-6.198719024658203,0.05506563186645508,-0.34952622652053833
7381,-6.331665992736816,0.12772154808044434,
7382,-6.283295631408691,0.05397152900695801,
7383,-6.0658159255981445,0.0538785457611084,
7384,-6.013315200805664,0.05413222312927246,
7385,-6.1999993324279785,0.05428266525268555,
7386,-6.1397199630737305,0.05446004867553711,
7387,-6.014516353607178,0.05458879470825195,
7388,-6.114475250244141,0.054377079010009766,
7389,-6.183878421783447,0.054305076599121094,
7390,-6.145168781280518,0.05472397804260254,-0.2774105370044708
7391,-6.301380157470703,0.1263589859008789,
7392,-6.383018493652344,0.05389809608459473,
7393,-6.230583190917969,0.05511212348937988,
7394,-6.072237014770508,0.05475807189941406,
7395,-6.183148384094238,0.05526566505432129,
7396,-6.171351432800293,0.05391573905944824,
7397,-6.223582744598389,0.05454540252685547,
7398,-6.314762115478516,0.05488324165344238,
7399,-6.273169994354248,0.053963422775268555,
7400,-6.448217391967773,0.054259538650512695,-0.3769437074661255
7401,-6.259636878967285,0.1279435157775879,
7402,-6.362696647644043,0.054154396057128906,
7403,-6.175576210021973,0.05466341972351074,
7404,-6.125539779663086,0.05460095405578613,
7405,-6.215322494506836,0.05536842346191406,
7406,-6.247899055480957,0.05575895309448242,
7407,-6.16441011428833,0.05472230911254883,
7408,-6.11345100402832,0.055048227310180664,
7409,-6.13614559173584,0.05517292022705078,
7410,-6.313315391540527,0.054017066955566406,-0.3899565637111664
7411,-6.300171852111816,0.12900352478027344,
7412,-6.330511093139648,0.0560297966003418,
7413,-6.22084903717041,0.05482816696166992,
7414,-6.263494491577148,0.054837703704833984,
7415,-6.187994003295898,0.055837154388427734,
7416,-6.063021659851074,0.05473971366882324,
7417,-6.131853103637695,0.055108070373535156,
7418,-6.132015228271484,0.055219411849975586,
7419,-6.339840412139893,0.0546114444732666,
7420,-6.119274616241455,0.05495762825012207,-0.33600202202796936
7421,-6.201055526733398,0.12732648849487305,
7422,-6.121273994445801,0.054540157318115234,
7423,-6.189854621887207,0.05449175834655762,
7424,-6.21618127822876,0.05418801307678223,
7425,-6.072576999664307,0.05430960655212402,
7426,-6.1649980545043945,0.0543668270111084,
7427,-6.352197647094727,0.054045915603637695,
7428,-6.207708358764648,0.05520462989807129,
7429,-6.306938648223877,0.05478048324584961,
7430,-6.320446014404297,0.05399298667907715,-0.3074154853820801
7431,-6.301423072814941,0.1265394687652588,
7432,-6.423162937164307,0.055089473724365234,
7433,-6.378421783447266,0.055081844329833984,
7434,-6.360124111175537,0.055065155029296875,
7435,-6.273650646209717,0.054865121841430664,
7436,-6.3452558517456055,0.05524587631225586,
7437,-6.11192512512207,0.05567169189453125,
7438,-6.114346027374268,0.0546879768371582,
7439,-6.111591339111328,0.05525970458984375,
7440,-6.075675964355469,0.05517220497131348,-0.34258681535720825
7441,-5.949711799621582,0.25763392448425293,
7442,-6.046045780181885,0.05526924133300781,
7443,-6.321322441101074,0.054075002670288086,
7444,-6.060112953186035,0.05469536781311035,
7445,-5.973039627075195,0.05476188659667969,
7446,-6.047854423522949,0.05493474006652832,
7447,-6.109755992889404,0.054865360260009766,
7448,-5.958446025848389,0.055262088775634766,
7449,-6.044869422912598,0.05438065528869629,
7450,-6.138123035430908,0.054464101791381836,-0.36659547686576843
7451,-6.0532331466674805,0.12650203704833984,
7452,-5.9907989501953125,0.05482220649719238,
7453,-6.150924205780029,0.05480551719665527,
7454,-6.26969051361084,0.054169416427612305,
7455,-6.102329730987549,0.05477094650268555,
7456,-6.188861846923828,0.05450606346130371,
7457,-6.256558418273926,0.05430889129638672,
7458,-6.267831802368164,0.05438828468322754,
7459,-6.33176326751709,0.054840803146362305,
7460,-6.467477321624756,0.05495810508728027,-0.3731571435928345
7461,-6.346750736236572,0.12534689903259277,
7462,-6.334244728088379,0.05453920364379883,
7463,-6.520442962646484,0.05464291572570801,
7464,-6.406847953796387,0.05471515655517578,
7465,-6.208563804626465,0.054415225982666016,
7466,-6.245299816131592,0.05472707748413086,
7467,-6.265835285186768,0.05531167984008789,
7468,-6.100317001342773,0.053986549377441406,
7469,-6.204953193664551,0.05471467971801758,
7470,-6.300090789794922,0.05461740493774414,-0.3085772395133972
7471,-6.062127113342285,0.12577128410339355,
7472,-6.059617519378662,0.05410504341125488,
7473,-6.362687587738037,0.05515170097351074,
7474,-6.2466230392456055,0.05462169647216797,
7475,-6.076102256774902,0.055408477783203125,
7476,-6.273622989654541,0.05441856384277344,
7477,-6.348010063171387,0.05469870567321777,
7478,-6.210199356079102,0.055544376373291016,
7479,-6.148143768310547,0.05415749549865723,
7480,-6.329961776733398,0.05454707145690918,-0.37491610646247864
7481,-6.204435348510742,0.12923884391784668,
7482,-6.277401924133301,0.0542912483215332,
7483,-6.192535400390625,0.054953813552856445,
7484,-6.221672058105469,0.05462384223937988,
7485,-6.164521217346191,0.0551295280456543,
7486,-6.2862701416015625,0.056661128997802734,
7487,-6.382046222686768,0.054245710372924805,
7488,-6.299186706542969,0.054833173751831055,
7489,-6.2172746658325195,0.05508685111999512,
7490,-6.255051136016846,0.055261850357055664,-0.33612963557243347
7491,-6.230530261993408,0.126953125,
7492,-6.181705474853516,0.0542757511138916,
7493,-6.271158218383789,0.05438661575317383,
7494,-6.229697227478027,0.055188894271850586,
7495,-6.08059549331665,0.05424857139587402,
7496,-6.112264633178711,0.054578304290771484,
7497,-6.3007097244262695,0.054581403732299805,
7498,-6.1995062828063965,0.05460667610168457,
7499,-6.171297073364258,0.05458712577819824,
7500,-6.284095287322998,0.05611443519592285,-0.3569417893886566
7501,-6.226066589355469,0.12625551223754883,
7502,-6.219709396362305,0.05409121513366699,
7503,-6.333086013793945,0.054654836654663086,
7504,-6.21429443359375,0.05521368980407715,
7505,-6.235901832580566,0.055113792419433594,
7506,-6.211106777191162,0.05497097969055176,
7507,-6.200087547302246,0.05478048324584961,
7508,-6.413325786590576,0.054892778396606445,
7509,-6.235563278198242,0.05510592460632324,
7510,-6.153040885925293,0.05562186241149902,-0.2932882010936737
7511,-6.235013484954834,0.12979888916015625,
7512,-6.350617408752441,0.05537295341491699,
7513,-6.20323371887207,0.05457735061645508,
7514,-6.163832187652588,0.05600547790527344,
7515,-6.249906539916992,0.05501532554626465,
7516,-6.205929756164551,0.05488920211791992,
7517,-6.157469272613525,0.05510973930358887,
7518,-6.275605201721191,0.05430793762207031,
7519,-6.307939052581787,0.05463695526123047,
7520,-6.344036102294922,0.05474519729614258,-0.33768951892852783
7521,-6.26633882522583,0.12912964820861816,
7522,-6.260560035705566,0.054952144622802734,
7523,-6.246821403503418,0.05541181564331055,
7524,-6.262157440185547,0.05514073371887207,
7525,-6.4093194007873535,0.0554502010345459,
7526,-6.218999862670898,0.054021596908569336,
7527,-6.251823425292969,0.05441164970397949,
7528,-6.290214538574219,0.054544687271118164,
7529,-6.184126853942871,0.05447220802307129,
7530,-6.217907428741455,0.054346561431884766,-0.34884950518608093
7531,-6.194436073303223,0.12613606452941895,
7532,-6.101949691772461,0.05466175079345703,
7533,-6.116908073425293,0.05474710464477539,
7534,-6.226864337921143,0.054541587829589844,
7535,-6.230647087097168,0.05497002601623535,
7536,-6.123493671417236,0.056105852127075195,
7537,-6.033845901489258,0.05474734306335449,
7538,-6.255146503448486,0.05506706237792969,
7539,-6.230283260345459,0.05487060546875,
7540,-6.200518608093262,0.05422186851501465,-0.3918420076370239
7541,-6.09548807144165,0.1266469955444336,
7542,-6.302886962890625,0.05468487739562988,
7543,-6.124412536621094,0.05545926094055176,
7544,-6.156414031982422,0.05550742149353027,
7545,-6.159868240356445,0.05424380302429199,
7546,-6.178794860839844,0.05482125282287598,
7547,-6.240996360778809,0.0549619197845459,
7548,-6.163025856018066,0.05484771728515625,
7549,-6.461177825927734,0.05617213249206543,
7550,-6.270169734954834,0.05559539794921875,-0.30961382389068604
7551,-6.2178144454956055,0.12808609008789062,
7552,-6.429832935333252,0.055083513259887695,
7553,-6.320398330688477,0.055251359939575195,
7554,-6.28380012512207,0.0545344352722168,
7555,-6.359076976776123,0.05480837821960449,
7556,-6.190199375152588,0.0550844669342041,
7557,-6.3725128173828125,0.05458259582519531,
7558,-6.443878173828125,0.05487489700317383,
7559,-6.334767818450928,0.0549776554107666,
7560,-6.229872226715088,0.05502438545227051,-0.32261064648628235
7561,-6.183497428894043,0.26709747314453125,
7562,-6.199660778045654,0.05454063415527344,
7563,-6.305991172790527,0.05457615852355957,
7564,-6.225831985473633,0.05466103553771973,
7565,-5.928487777709961,0.05530977249145508,
7566,-6.255385398864746,0.05437660217285156,
7567,-6.1547441482543945,0.054952383041381836,
7568,-6.1996026039123535,0.054883480072021484,
7569,-6.408144950866699,0.05493497848510742,
7570,-6.257205009460449,0.0547640323638916,-0.288199245929718
7571,-6.106378555297852,0.12742257118225098,
7572,-6.186190605163574,0.05451393127441406,
7573,-6.131319046020508,0.05461573600769043,
7574,-6.215759754180908,0.05419778823852539,
7575,-6.315455913543701,0.0545351505279541,
7576,-6.293515682220459,0.05498337745666504,
7577,-6.351104736328125,0.05398726463317871,
7578,-6.283878326416016,0.0545806884765625,
7579,-6.2622904777526855,0.05461525917053223,
7580,-6.220339775085449,0.055011749267578125,-0.31158530712127686
7581,-6.359661102294922,0.12665104866027832,
7582,-6.277216911315918,0.05462527275085449,
7583,-6.182854175567627,0.05489039421081543,
7584,-6.309103012084961,0.054944515228271484,
7585,-6.099300384521484,0.05505514144897461,
7586,-6.220917701721191,0.05467867851257324,
7587,-6.243237018585205,0.05508089065551758,
7588,-6.101047039031982,0.05470442771911621,
7589,-6.311251640319824,0.05480790138244629,
7590,-6.276616096496582,0.05497097969055176,-0.3578242063522339
7591,-6.354978561401367,0.12666630744934082,
7592,-6.151995658874512,0.05466580390930176,
7593,-6.140663146972656,0.05486011505126953,
7594,-6.190394878387451,0.05490231513977051,
7595,-6.156136512756348,0.055101871490478516,
7596,-6.296882629394531,0.055390357971191406,
7597,-6.126897811889648,0.05496811866760254,
7598,-6.155208587646484,0.05586576461791992,
7599,-6.133934020996094,0.05533337593078613,
7600,-6.455185413360596,0.054229021072387695,-0.27819445729255676
7601,-6.385420799255371,0.12768054008483887,
7602,-6.4809651374816895,0.05472993850708008,
7603,-6.413216590881348,0.05495953559875488,
7604,-6.450684547424316,0.054679155349731445,
7605,-6.567327499389648,0.05476808547973633,
7606,-6.4850664138793945,0.05439877510070801,
7607,-6.355376243591309,0.05481243133544922,
7608,-6.385254859924316,0.054712772369384766,
7609,-6.422906398773193,0.05497431755065918,
7610,-6.479963779449463,0.05524945259094238,-0.29539743065834045
7611,-6.536535263061523,0.12877702713012695,
7612,-6.437727451324463,0.05437874794006348,
7613,-6.379859447479248,0.05467391014099121,
7614,-6.174864768981934,0.05465435981750488,
7615,-6.18342399597168,0.05471920967102051,
7616,-6.133315086364746,0.05507707595825195,
7617,-5.948197364807129,0.055088043212890625,
7618,-6.068143844604492,0.05514359474182129,
7619,-6.022058486938477,0.054418087005615234,
7620,-6.100207328796387,0.05502033233642578,-0.32872095704078674
7621,-6.061064720153809,0.1269078254699707,
7622,-6.122644424438477,0.05428147315979004,
7623,-6.242411136627197,0.05419135093688965,
7624,-6.288908958435059,0.05427050590515137,
7625,-6.169400215148926,0.0545964241027832,
7626,-6.268304347991943,0.05464744567871094,
7627,-6.193203449249268,0.05487203598022461,
7628,-6.297706604003906,0.055147647857666016,
7629,-6.121217727661133,0.05463600158691406,
7630,-6.179481506347656,0.05432534217834473,-0.39176633954048157
7631,-6.289997100830078,0.1267397403717041,
7632,-6.327186584472656,0.054692745208740234,
7633,-6.30108642578125,0.05500292778015137,
7634,-6.204448699951172,0.0548090934753418,
7635,-6.209730625152588,0.05500650405883789,
7636,-6.111023426055908,0.05450010299682617,
7637,-6.047543525695801,0.054880619049072266,
7638,-6.038851261138916,0.05426526069641113,
7639,-6.205856800079346,0.05436968803405762,
7640,-6.021905899047852,0.05412554740905762,-0.3572264611721039
7641,-6.152565956115723,0.12996816635131836,
7642,-6.1258721351623535,0.05476951599121094,
7643,-6.1167097091674805,0.05522441864013672,
7644,-6.074336051940918,0.055352210998535156,
7645,-6.098385810852051,0.054415225982666016,
7646,-6.128730297088623,0.05464625358581543,
7647,-6.0191779136657715,0.05703425407409668,
7648,-6.170663833618164,0.05684065818786621,
7649,-6.1613006591796875,0.05459308624267578,
7650,-6.307905197143555,0.054429054260253906,-0.3410258889198303
7651,-6.141618251800537,0.12749338150024414,
7652,-6.192368507385254,0.054685115814208984,
7653,-6.342297554016113,0.05505561828613281,
7654,-6.298784255981445,0.05432581901550293,
7655,-6.257774829864502,0.05582404136657715,
7656,-6.440466403961182,0.054775238037109375,
7657,-6.289646148681641,0.05477094650268555,
7658,-6.245266914367676,0.05532526969909668,
7659,-6.315130233764648,0.055207014083862305,
7660,-6.342007637023926,0.05531120300292969,-0.28032293915748596
7661,-6.314095497131348,0.13002896308898926,
7662,-6.093213081359863,0.05415916442871094,
7663,-6.2576189041137695,0.054592132568359375,
7664,-6.313817501068115,0.054720163345336914,
7665,-6.183576583862305,0.05449676513671875,
7666,-6.149557113647461,0.05475282669067383,
7667,-6.183732032775879,0.05463886260986328,
7668,-6.117617607116699,0.054949045181274414,
7669,-6.126915454864502,0.054241180419921875,
7670,-6.216620922088623,0.05508255958557129,-0.2654102146625519
7671,-6.368654727935791,0.12857317924499512,
7672,-5.9963765144348145,0.05436086654663086,
7673,-6.072844982147217,0.054183244705200195,
7674,-6.234748840332031,0.05437111854553223,
7675,-6.134990215301514,0.0547487735748291,
7676,-6.096392631530762,0.055796146392822266,
7677,-6.2755842208862305,0.05545353889465332,
7678,-6.234880447387695,0.05527806282043457,
7679,-6.08223819732666,0.05461764335632324,
7680,-6.111947059631348,0.05447697639465332,-0.27870848774909973
7681,-6.182157516479492,0.25207042694091797,
7682,-6.2185468673706055,0.054882049560546875,
7683,-6.20086669921875,0.05498337745666504,
7684,-6.236356735229492,0.05452609062194824,
7685,-6.37740421295166,0.05450177192687988,
7686,-6.3824310302734375,0.05509543418884277,
7687,-6.375914096832275,0.054938554763793945,
7688,-6.250065326690674,0.05471515655517578,
7689,-6.202995300292969,0.05500173568725586,
7690,-6.402230739593506,0.05518341064453125,-0.3323237895965576
7691,-6.293857574462891,0.1282026767730713,
7692,-6.376741409301758,0.05438590049743652,
7693,-6.09245491027832,0.05487775802612305,
7694,-6.247895240783691,0.054488182067871094,
7695,-6.165122985839844,0.05465555191040039,
7696,-6.372981071472168,0.054628610610961914,
7697,-6.396839618682861,0.05514097213745117,
7698,-6.176732063293457,0.05492734909057617,
7699,-6.347935676574707,0.053966522216796875,
7700,-6.260136604309082,0.054578304290771484,-0.2926841974258423
7701,-6.4310455322265625,0.12779974937438965,
7702,-6.324169158935547,0.055504798889160156,
7703,-6.1818952560424805,0.05405735969543457,
7704,-6.232600212097168,0.05448794364929199,
7705,-6.436229705810547,0.054599761962890625,
7706,-6.280146598815918,0.05486106872558594,
7707,-6.236428260803223,0.054212093353271484,
7708,-6.255807876586914,0.054741621017456055,
7709,-6.202619552612305,0.054476022720336914,
7710,-6.004851341247559,0.05439472198486328,-0.2892615795135498
7711,-6.104557037353516,0.12662601470947266,
7712,-6.203619956970215,0.054898738861083984,
7713,-6.1720123291015625,0.05452990531921387,
7714,-6.343554973602295,0.05415844917297363,
7715,-6.2384724617004395,0.05426526069641113,
7716,-6.239005088806152,0.05445456504821777,
7717,-6.292296886444092,0.05458378791809082,
7718,-6.238346099853516,0.05437827110290527,
7719,-6.077926158905029,0.054695844650268555,
7720,-6.280552387237549,0.05557060241699219,-0.3102693557739258
7721,-6.231585502624512,0.1274886131286621,
7722,-6.376086711883545,0.054476022720336914,
7723,-6.089302062988281,0.05437278747558594,
7724,-6.171651840209961,0.05417370796203613,
7725,-6.231800079345703,0.054427146911621094,
7726,-6.377674102783203,0.05446791648864746,
7727,-6.301672458648682,0.05501365661621094,
7728,-6.226485252380371,0.05520915985107422,
7729,-6.400959014892578,0.054570913314819336,
7730,-6.310629844665527,0.0549473762512207,-0.3278449475765228
7731,-6.213408470153809,0.12824797630310059,
7732,-6.255946159362793,0.05488181114196777,
7733,-6.246227741241455,0.05470085144042969,
7734,-6.2141852378845215,0.05475568771362305,
7735,-6.3416924476623535,0.05500316619873047,
7736,-6.207381248474121,0.05510377883911133,
7737,-6.267708778381348,0.05474090576171875,
7738,-6.314441680908203,0.055048227310180664,
7739,-6.380725860595703,0.05488109588623047,
7740,-6.379859924316406,0.05482673645019531,-0.3521360754966736
7741,-6.200199604034424,0.12673544883728027,
7742,-6.304673671722412,0.05455970764160156,
7743,-6.255880355834961,0.05492043495178223,
7744,-6.1764726638793945,0.0545501708984375,
7745,-6.076186180114746,0.05441689491271973,
7746,-6.162181377410889,0.05475115776062012,
7747,-6.0200958251953125,0.055913448333740234,
7748,-6.077698707580566,0.05482196807861328,
7749,-6.189393043518066,0.054735660552978516,
7750,-6.27617073059082,0.054544925689697266,-0.3394891917705536
7751,-6.258204936981201,0.1271498203277588,
7752,-6.355503082275391,0.05398154258728027,
7753,-6.356833457946777,0.054488420486450195,
7754,-6.342945098876953,0.054671287536621094,
7755,-6.045705318450928,0.05445575714111328,
7756,-5.939061641693115,0.0543065071105957,
7757,-6.12459659576416,0.0553135871887207,
7758,-6.023687362670898,0.05504345893859863,
7759,-6.1414594650268555,0.05455160140991211,
7760,-6.11532735824585,0.054917335510253906,-0.27097222208976746
7761,-6.233259201049805,0.12697148323059082,
7762,-6.172388076782227,0.05481433868408203,
7763,-6.281989574432373,0.054266929626464844,
7764,-6.097282886505127,0.05450916290283203,
7765,-6.059082984924316,0.05441617965698242,
7766,-6.210097312927246,0.05556321144104004,
7767,-6.139996528625488,0.054799556732177734,
7768,-6.249650955200195,0.054810523986816406,
7769,-6.334005355834961,0.05551028251647949,
7770,-6.27584981918335,0.05445218086242676,-0.37390759587287903
7771,-6.189129829406738,0.12722516059875488,
7772,-6.2537641525268555,0.05442452430725098,
7773,-6.223930835723877,0.054718971252441406,
7774,-6.2023186683654785,0.05465197563171387,
7775,-6.350885391235352,0.054355621337890625,
7776,-6.257560729980469,0.05465269088745117,
7777,-6.244693756103516,0.05518817901611328,
7778,-6.180695533752441,0.054399967193603516,
7779,-6.228590965270996,0.055109262466430664,
7780,-6.132180213928223,0.055162906646728516,-0.35445070266723633
7781,-6.174803733825684,0.1277327537536621,
7782,-6.131033420562744,0.05398130416870117,
7783,-6.04069709777832,0.05454254150390625,
7784,-5.813183784484863,0.05458402633666992,
7785,-6.009425163269043,0.05479264259338379,
7786,-6.036751747131348,0.05440187454223633,
7787,-5.9231672286987305,0.05467677116394043,
7788,-6.0174407958984375,0.05491161346435547,
7789,-6.155764102935791,0.05410647392272949,
7790,-6.143237590789795,0.05435466766357422,-0.27435028553009033
7791,-6.215558052062988,0.12758374214172363,
7792,-6.279505252838135,0.05447554588317871,
7793,-6.38267707824707,0.05442070960998535,
7794,-6.504239082336426,0.05461740493774414,
7795,-6.360728740692139,0.0545351505279541,
7796,-6.369565963745117,0.05469465255737305,
7797,-6.085020065307617,0.054447174072265625,
7798,-6.34556770324707,0.05481314659118652,
7799,-6.231429100036621,0.05497288703918457,
7800,-6.373632907867432,0.05416440963745117,-0.3537178337574005
7801,-6.330530166625977,0.25447869300842285,
7802,-6.359679698944092,0.05480194091796875,
7803,-6.261538982391357,0.05436420440673828,
7804,-6.229670524597168,0.053998470306396484,
7805,-6.040764808654785,0.05379772186279297,
7806,-6.081511497497559,0.05447959899902344,
7807,-5.9526567459106445,0.0543670654296875,
7808,-6.155492305755615,0.054764509201049805,
7809,-6.150681495666504,0.054613590240478516,
7810,-6.071582794189453,0.05515933036804199,-0.3223418891429901
7811,-6.065563201904297,0.1265861988067627,
7812,-6.273489475250244,0.054637908935546875,
7813,-6.152681350708008,0.054637908935546875,
7814,-6.140138149261475,0.05642533302307129,
7815,-6.084985256195068,0.0548100471496582,
7816,-6.079326629638672,0.05474424362182617,
7817,-6.219423294067383,0.05542564392089844,
7818,-6.232957363128662,0.05639457702636719,
7819,-6.1878204345703125,0.05428624153137207,
7820,-6.093472480773926,0.054734230041503906,-0.33202090859413147
7821,-6.231802940368652,0.12879276275634766,
7822,-6.297795295715332,0.05494952201843262,
7823,-6.243059158325195,0.055638790130615234,
7824,-6.348503112792969,0.05420708656311035,
7825,-6.290841102600098,0.05486893653869629,
7826,-6.40578031539917,0.05544734001159668,
7827,-6.466489791870117,0.05482816696166992,
7828,-6.3018798828125,0.05469822883605957,
7829,-6.274530410766602,0.05495166778564453,
7830,-6.2879815101623535,0.05491900444030762,-0.26297494769096375
7831,-6.2833967208862305,0.12682199478149414,
7832,-6.337616920471191,0.05495309829711914,
7833,-6.3864641189575195,0.05497312545776367,
7834,-6.323019981384277,0.05524873733520508,
7835,-6.267800331115723,0.05484318733215332,
7836,-6.234060287475586,0.05506134033203125,
7837,-6.184369087219238,0.05480647087097168,
7838,-6.36322021484375,0.05473971366882324,
7839,-6.083104133605957,0.05482006072998047,
7840,-6.237264633178711,0.055023193359375,-0.37327054142951965
7841,-6.255825042724609,0.12871980667114258,
7842,-6.118475437164307,0.055166006088256836,
7843,-6.182666778564453,0.05472922325134277,
7844,-6.212577819824219,0.055008888244628906,
7845,-6.223572254180908,0.05506587028503418,
7846,-6.3705058097839355,0.05491232872009277,
7847,-6.453657150268555,0.05515551567077637,
7848,-6.1285576820373535,0.05492711067199707,
7849,-6.081214427947998,0.055266618728637695,
7850,-6.208519458770752,0.05442452430725098,-0.4008941650390625
7851,-6.400544166564941,0.12711000442504883,
7852,-6.224841117858887,0.05503511428833008,
7853,-6.2848005294799805,0.055252790451049805,
7854,-6.325116157531738,0.05417060852050781,
7855,-6.319882392883301,0.05430436134338379,
7856,-6.348902702331543,0.05518150329589844,
7857,-6.149691104888916,0.05579733848571777,
7858,-6.12384033203125,0.05408358573913574,
7859,-6.23892879486084,0.05473208427429199,
7860,-6.190255641937256,0.054841041564941406,-0.20632122457027435
7861,-6.177123546600342,0.1264173984527588,
7862,-6.120195388793945,0.05539751052856445,
7863,-6.065630912780762,0.05466651916503906,
7864,-6.208828926086426,0.054422616958618164,
7865,-6.150145530700684,0.05535292625427246,
7866,-6.281134605407715,0.054389238357543945,
7867,-6.2979936599731445,0.05585312843322754,
7868,-6.38507604598999,0.05493307113647461,
7869,-6.20082426071167,0.05482840538024902,
7870,-6.213238716125488,0.05485105514526367,-0.36139169335365295
7871,-6.105367660522461,0.12554287910461426,
7872,-6.004629135131836,0.05462288856506348,
7873,-6.232751846313477,0.055143117904663086,
7874,-5.958286762237549,0.05495190620422363,
7875,-6.109391212463379,0.055797576904296875,
7876,-6.041221618652344,0.055039167404174805,
7877,-5.980344772338867,0.05461454391479492,
7878,-6.077404975891113,0.054907798767089844,
7879,-6.04841423034668,0.05507922172546387,
7880,-5.9413065910339355,0.05495858192443848,-0.32983657717704773
7881,-5.981778621673584,0.12793540954589844,
7882,-6.176443576812744,0.0547177791595459,
7883,-6.023233890533447,0.05520749092102051,
7884,-5.908370018005371,0.05629467964172363,
7885,-6.19209098815918,0.05663871765136719,
7886,-6.236830711364746,0.05475950241088867,
7887,-5.989959716796875,0.05497431755065918,
7888,-6.120266437530518,0.055181026458740234,
7889,-6.200064182281494,0.0547635555267334,
7890,-6.115421772003174,0.05498456954956055,-0.21194174885749817
7891,-6.126378059387207,0.1270906925201416,
7892,-6.160309791564941,0.054544925689697266,
7893,-6.158528804779053,0.054468631744384766,
7894,-6.122124671936035,0.05483126640319824,
7895,-6.083261489868164,0.054705142974853516,
7896,-6.147882461547852,0.05455374717712402,
7897,-6.104553699493408,0.05457496643066406,
7898,-6.232816696166992,0.05485248565673828,
7899,-6.034383773803711,0.05518674850463867,
7900,-6.179354667663574,0.054213762283325195,-0.22411638498306274
7901,-6.148665428161621,0.1258695125579834,
7902,-6.283318519592285,0.05541801452636719,
7903,-6.178954124450684,0.0548701286315918,
7904,-6.335295677185059,0.054138898849487305,
7905,-6.262825965881348,0.054787397384643555,
7906,-6.298986434936523,0.05474376678466797,
7907,-6.23244571685791,0.0550687313079834,
7908,-6.3698225021362305,0.05480217933654785,
7909,-6.256117343902588,0.05521893501281738,
7910,-6.053677558898926,0.054613590240478516,-0.3804338574409485
7911,-6.178744792938232,0.12819766998291016,
7912,-6.288361549377441,0.0545811653137207,
7913,-6.118951320648193,0.05553722381591797,
7914,-5.739728927612305,0.05548381805419922,
7915,-6.059942722320557,0.0547640323638916,
7916,-6.292693138122559,0.054991960525512695,
7917,-6.112297058105469,0.0551455020904541,
7918,-5.867763519287109,0.055171966552734375,
7919,-6.177699089050293,0.05495166778564453,
7920,-6.153087615966797,0.05561423301696777,-0.252665251493454
7921,-6.261444091796875,0.25893354415893555,
7922,-6.444328784942627,0.05575084686279297,
7923,-6.316643714904785,0.05501866340637207,
7924,-6.2822723388671875,0.05519461631774902,
7925,-6.319448471069336,0.05472755432128906,
7926,-6.166475296020508,0.054479122161865234,
7927,-6.044587135314941,0.05562400817871094,
7928,-6.161411285400391,0.05492591857910156,
7929,-6.19403076171875,0.054602861404418945,
7930,-6.241199970245361,0.05470085144042969,-0.3945971131324768
7931,-6.273894786834717,0.12702369689941406,
7932,-6.252255916595459,0.05384635925292969,
7933,-6.342475414276123,0.05434989929199219,
7934,-6.164032936096191,0.054906606674194336,
7935,-6.301266670227051,0.05498003959655762,
7936,-6.149234294891357,0.054558515548706055,
7937,-6.170476913452148,0.05500149726867676,
7938,-6.242395877838135,0.05411386489868164,
7939,-6.265888690948486,0.05405163764953613,
7940,-6.037608623504639,0.05400848388671875,-0.33153611421585083
7941,-5.989883899688721,0.12822914123535156,
7942,-6.2601776123046875,0.05475282669067383,
7943,-6.222177505493164,0.0545809268951416,
7944,-6.382513523101807,0.05490398406982422,
7945,-6.271612167358398,0.054914236068725586,
7946,-6.234986782073975,0.05517983436584473,
7947,-6.3590216636657715,0.05478978157043457,
7948,-6.323619842529297,0.05499529838562012,
7949,-6.287125110626221,0.05513572692871094,
7950,-6.278055191040039,0.0544133186340332,-0.23127296566963196
7951,-6.1008524894714355,0.12700748443603516,
7952,-6.13214635848999,0.054541826248168945,
7953,-6.13273811340332,0.0547637939453125,
7954,-6.2087907791137695,0.0548555850982666,
7955,-6.158571720123291,0.05474281311035156,
7956,-6.192317008972168,0.055029869079589844,
7957,-6.150243282318115,0.05440330505371094,
7958,-6.299416542053223,0.0548090934753418,
7959,-6.275700569152832,0.05460715293884277,
7960,-6.080772399902344,0.054845571517944336,-0.3358670771121979
7961,-6.127197265625,0.12498593330383301,
7962,-6.345813751220703,0.054204463958740234,
7963,-6.124232292175293,0.05457949638366699,
7964,-6.065821647644043,0.05556488037109375,
7965,-6.069967269897461,0.0547947883605957,
7966,-6.344557762145996,0.05434894561767578,
7967,-6.1362128257751465,0.054755210876464844,
7968,-6.31560754776001,0.05494546890258789,
7969,-6.207147598266602,0.054166555404663086,
7970,-6.279963970184326,0.05461263656616211,-0.32267138361930847
7971,-6.322120666503906,0.12709259986877441,
7972,-6.357598304748535,0.055042266845703125,
7973,-6.308587551116943,0.054265499114990234,
7974,-6.249817371368408,0.05402350425720215,
7975,-6.2041916847229,0.05499529838562012,
7976,-6.400238513946533,0.05500912666320801,
7977,-6.456490516662598,0.0542445182800293,
7978,-6.376054763793945,0.05480313301086426,
7979,-6.199222564697266,0.05531597137451172,
7980,-6.247052192687988,0.054598093032836914,-0.3262648284435272
7981,-6.243018627166748,0.1275496482849121,
7982,-6.161080837249756,0.05472826957702637,
7983,-6.294129848480225,0.05470108985900879,
7984,-6.268486976623535,0.054740190505981445,
7985,-6.330226898193359,0.05440258979797363,
7986,-6.269289493560791,0.054862260818481445,
7987,-6.269902229309082,0.05493021011352539,
7988,-6.329661846160889,0.054312944412231445,
7989,-6.478419303894043,0.05453920364379883,
7990,-6.395290374755859,0.054921865463256836,-0.3304883539676666
7991,-6.261988639831543,0.12697434425354004,
7992,-6.336113452911377,0.05428290367126465,
7993,-6.273598670959473,0.054818153381347656,
7994,-6.286406517028809,0.055840253829956055,
7995,-6.159818172454834,0.05524802207946777,
7996,-6.031786918640137,0.05459737777709961,
7997,-6.324288845062256,0.05488443374633789,
7998,-6.347567558288574,0.05496859550476074,
7999,-6.312810897827148,0.054833173751831055,
8000,-6.182666301727295,0.055829763412475586,-0.28716230392456055
8001,-6.162979602813721,0.12709403038024902,
8002,-6.186262130737305,0.05522298812866211,
8003,-6.227139472961426,0.05560135841369629,
8004,-6.306927680969238,0.05527138710021973,
8005,-6.333615779876709,0.05486655235290527,
8006,-6.356370449066162,0.05475616455078125,
8007,-6.145634174346924,0.05506253242492676,
8008,-6.289175987243652,0.05470776557922363,
8009,-6.462944984436035,0.0550081729888916,
8010,-6.22883415222168,0.05483651161193848,-0.36188486218452454
8011,-6.189598560333252,0.12721562385559082,
8012,-6.316779136657715,0.05432891845703125,
8013,-6.2972822189331055,0.054784297943115234,
8014,-6.121161460876465,0.05469942092895508,
8015,-6.404547691345215,0.054540157318115234,
8016,-6.422908782958984,0.05450844764709473,
8017,-6.227895259857178,0.05463123321533203,
8018,-6.164763927459717,0.05459165573120117,
8019,-6.382663726806641,0.05456709861755371,
8020,-6.405453681945801,0.05468416213989258,-0.25861167907714844
8021,-6.240085601806641,0.12831974029541016,
8022,-6.233022212982178,0.05502152442932129,
8023,-6.549432754516602,0.05481457710266113,
8024,-6.321166038513184,0.0549168586730957,
8025,-6.362499237060547,0.05477333068847656,
8026,-6.40125846862793,0.055040597915649414,
8027,-6.303286552429199,0.054654598236083984,
8028,-6.2794084548950195,0.055959224700927734,
8029,-6.213744163513184,0.05520367622375488,
8030,-6.532585144042969,0.05580568313598633,-0.4274483621120453
8031,-6.4293365478515625,0.12560296058654785,
8032,-6.409308433532715,0.05417823791503906,
8033,-6.243310451507568,0.05419135093688965,
8034,-6.343466758728027,0.054862022399902344,
8035,-6.4238481521606445,0.05536937713623047,
8036,-6.46147346496582,0.05465888977050781,
8037,-6.389157295227051,0.0554811954498291,
8038,-6.376672744750977,0.054796457290649414,
8039,-6.429895401000977,0.0550534725189209,
8040,-6.276551246643066,0.05491447448730469,-0.2856437563896179
8041,-6.334280014038086,0.12634587287902832,
8042,-6.376937389373779,0.05339980125427246,
8043,-6.463054656982422,0.05433988571166992,
8044,-6.478297233581543,0.1822528839111328,
8045,-6.407174110412598,0.0541841983795166,
8046,-6.381540298461914,0.05499124526977539,
8047,-6.405085563659668,0.05465531349182129,
8048,-6.288505554199219,0.054639577865600586,
8049,-6.349600791931152,0.05418968200683594,
8050,-6.4236040115356445,0.05462193489074707,-0.2512313425540924
8051,-6.296575546264648,0.12592411041259766,
8052,-6.410243988037109,0.05466294288635254,
8053,-6.3785810470581055,0.054297447204589844,
8054,-6.161770343780518,0.054732322692871094,
8055,-6.325587272644043,0.0550839900970459,
8056,-6.290877342224121,0.05467939376831055,
8057,-6.294012069702148,0.05481910705566406,
8058,-6.323748588562012,0.0551297664642334,
8059,-6.235748291015625,0.05595040321350098,
8060,-6.051217079162598,0.05456805229187012,-0.41477811336517334
8061,-6.153724193572998,0.1268143653869629,
8062,-6.204286575317383,0.054689884185791016,
8063,-6.332765102386475,0.054526567459106445,
8064,-6.422664642333984,0.05511045455932617,
8065,-6.255312919616699,0.05513596534729004,
8066,-6.367757320404053,0.05447220802307129,
8067,-6.160846710205078,0.05546855926513672,
8068,-6.234348297119141,0.05457019805908203,
8069,-6.226872444152832,0.05427742004394531,
8070,-6.2036452293396,0.054789066314697266,-0.229125514626503
8071,-6.410171031951904,0.12769842147827148,
8072,-6.456424713134766,0.05455780029296875,
8073,-6.286073207855225,0.05517268180847168,
8074,-6.225212097167969,0.055001020431518555,
8075,-6.379970550537109,0.055153608322143555,
8076,-6.349874496459961,0.05479931831359863,
8077,-6.3655900955200195,0.055803775787353516,
8078,-6.118252754211426,0.05520963668823242,
8079,-6.21622371673584,0.054796695709228516,
8080,-6.128407001495361,0.054670095443725586,-0.25637781620025635
8081,-6.394874095916748,0.1265261173248291,
8082,-6.117783546447754,0.05482006072998047,
8083,-6.162965774536133,0.0548548698425293,
8084,-6.27094841003418,0.05607795715332031,
8085,-6.416407585144043,0.05479836463928223,
8086,-6.17237663269043,0.0551447868347168,
8087,-6.268963813781738,0.0545048713684082,
8088,-6.333661079406738,0.05466055870056152,
8089,-6.315382480621338,0.05449724197387695,
8090,-6.354111194610596,0.0542445182800293,-0.3245433568954468
8091,-6.244377136230469,0.12781596183776855,
8092,-6.229978561401367,0.05450105667114258,
8093,-6.25007438659668,0.05443263053894043,
8094,-6.145748138427734,0.05463862419128418,
8095,-6.272103309631348,0.05441451072692871,
8096,-6.046502590179443,0.05430030822753906,
8097,-6.244400978088379,0.05463719367980957,
8098,-6.057314395904541,0.05395317077636719,
8099,-6.191129207611084,0.05430865287780762,
8100,-6.128439426422119,0.05476880073547363,-0.26121461391448975
8101,-6.006465911865234,0.1289827823638916,
8102,-6.1190056800842285,0.05423903465270996,
8103,-6.087691783905029,0.05482602119445801,
8104,-6.293920516967773,0.05483365058898926,
8105,-6.2386980056762695,0.05532026290893555,
8106,-6.223337650299072,0.054517507553100586,
8107,-6.298460006713867,0.05478835105895996,
8108,-6.188754081726074,0.055016279220581055,
8109,-6.237200736999512,0.054686546325683594,
8110,-6.167326927185059,0.05499267578125,-0.29844197630882263
8111,-6.328857421875,0.12717747688293457,
8112,-6.1885223388671875,0.05486154556274414,
8113,-6.138816833496094,0.054943084716796875,
8114,-6.287280082702637,0.05462360382080078,
8115,-6.242946624755859,0.05511617660522461,
8116,-6.032703399658203,0.05505490303039551,
8117,-6.303009986877441,0.054495811462402344,
8118,-6.03105354309082,0.05465435981750488,
8119,-6.158624172210693,0.05468010902404785,
8120,-6.1646552085876465,0.05515146255493164,-0.33243903517723083
8121,-6.084694862365723,0.1267528533935547,
8122,-6.132441520690918,0.054988861083984375,
8123,-6.167006492614746,0.055666208267211914,
8124,-6.206685543060303,0.05493927001953125,
8125,-6.163820266723633,0.054108381271362305,
8126,-6.025863170623779,0.0545041561126709,
8127,-6.1042938232421875,0.05617356300354004,
8128,-6.307063102722168,0.055098533630371094,
8129,-6.209036827087402,0.054869890213012695,
8130,-5.963830471038818,0.055151939392089844,-0.2905374765396118
8131,-6.129568099975586,0.12604165077209473,
8132,-6.1952009201049805,0.05585765838623047,
8133,-6.230620384216309,0.0545191764831543,
8134,-6.284921169281006,0.05430793762207031,
8135,-6.279709815979004,0.05538010597229004,
8136,-6.38017463684082,0.05535316467285156,
8137,-6.2289137840271,0.05444645881652832,
8138,-6.1148529052734375,0.05534482002258301,
8139,-6.151293754577637,0.05673527717590332,
8140,-6.374995708465576,0.054208993911743164,-0.2068265825510025
8141,-6.3537516593933105,0.12506437301635742,
8142,-6.391508102416992,0.055585384368896484,
8143,-6.3747029304504395,0.05510425567626953,
8144,-6.394742012023926,0.05481767654418945,
8145,-6.3867011070251465,0.05473494529724121,
8146,-6.329097747802734,0.05496978759765625,
8147,-6.4108171463012695,0.05602312088012695,
8148,-6.344703674316406,0.05419206619262695,
8149,-6.082183837890625,0.054627418518066406,
8150,-6.183008193969727,0.05431056022644043,-0.3300073444843292
8151,-6.297514915466309,0.12691879272460938,
8152,-6.14180850982666,0.055312395095825195,
8153,-6.218104839324951,0.05452442169189453,
8154,-6.251842498779297,0.05484771728515625,
8155,-6.412396430969238,0.0550534725189209,
8156,-6.379349708557129,0.05473518371582031,
8157,-6.525102138519287,0.054941415786743164,
8158,-6.314708709716797,0.05437803268432617,
8159,-6.177170753479004,0.05386042594909668,
8160,-6.156796932220459,0.05454611778259277,-0.26588013768196106
8161,-6.125419616699219,0.12737703323364258,
8162,-6.257353782653809,0.054619789123535156,
8163,-6.346770286560059,0.056044816970825195,
8164,-6.317931652069092,0.05494260787963867,
8165,-6.451205253601074,0.05516409873962402,
8166,-6.345539093017578,0.055231332778930664,
8167,-6.363995552062988,0.05449533462524414,
8168,-6.335463047027588,0.054993391036987305,
8169,-6.42415714263916,0.05509519577026367,
8170,-6.4561872482299805,0.05461549758911133,-0.2952742576599121
8171,-6.326991558074951,0.256209135055542,
8172,-6.273449420928955,0.0547032356262207,
8173,-6.340036392211914,0.05516815185546875,
8174,-6.432605743408203,0.05565834045410156,
8175,-6.050982475280762,0.05489540100097656,
8176,-6.116976261138916,0.054473876953125,
8177,-6.180334091186523,0.054767608642578125,
8178,-6.143860816955566,0.05489373207092285,
8179,-6.235968589782715,0.05481553077697754,
8180,-6.317166328430176,0.05442690849304199,-0.29090479016304016
8181,-6.234889030456543,0.12746906280517578,
8182,-5.936659812927246,0.05477404594421387,
8183,-6.244452953338623,0.05417275428771973,
8184,-6.190114974975586,0.054726600646972656,
8185,-6.324230670928955,0.05435776710510254,
8186,-6.55360221862793,0.05586695671081543,
8187,-6.352097511291504,0.055017948150634766,
8188,-6.288646221160889,0.05500435829162598,
8189,-6.2408599853515625,0.05530738830566406,
8190,-6.497394561767578,0.05446457862854004,-0.27550074458122253
8191,-6.5102362632751465,0.12674403190612793,
8192,-6.332535743713379,0.05452322959899902,
8193,-6.206083297729492,0.05487513542175293,
8194,-6.3013224601745605,0.054105281829833984,
8195,-6.462361812591553,0.05448746681213379,
8196,-6.428726673126221,0.054598331451416016,
8197,-6.287718772888184,0.054593563079833984,
8198,-6.483027458190918,0.05445981025695801,
8199,-6.485995292663574,0.05455970764160156,
8200,-6.339047431945801,0.05575203895568848,-0.23179680109024048
8201,-6.389504432678223,0.12773394584655762,
8202,-6.314719200134277,0.054413795471191406,
8203,-6.443483352661133,0.054728031158447266,
8204,-6.3127851486206055,0.054979801177978516,
8205,-6.3721232414245605,0.05425620079040527,
8206,-6.383057594299316,0.05459189414978027,
8207,-6.250129222869873,0.05476784706115723,
8208,-6.278107643127441,0.054949045181274414,
8209,-6.2880730628967285,0.05526423454284668,
8210,-6.502734661102295,0.054901838302612305,-0.38001227378845215
8211,-6.195582866668701,0.12709808349609375,
8212,-6.341808795928955,0.054128408432006836,
8213,-6.1998372077941895,0.053899526596069336,
8214,-6.332907199859619,0.05478262901306152,
8215,-6.319264888763428,0.05494046211242676,
8216,-6.197805404663086,0.05460357666015625,
8217,-6.269505500793457,0.05443525314331055,
8218,-6.3185601234436035,0.0548093318939209,
8219,-6.237751483917236,0.05461692810058594,
8220,-6.276222229003906,0.05525684356689453,-0.3654365539550781
8221,-6.417088985443115,0.12680768966674805,
8222,-6.317277431488037,0.05451774597167969,
8223,-6.253909111022949,0.05503392219543457,
8224,-6.239914894104004,0.05427074432373047,
8225,-6.299708366394043,0.054741859436035156,
8226,-6.244277000427246,0.05525064468383789,
8227,-6.443539142608643,0.0557408332824707,
8228,-6.322927474975586,0.05505204200744629,
8229,-6.3812456130981445,0.0549774169921875,
8230,-6.219633102416992,0.05529379844665527,-0.26541635394096375
8231,-6.197318077087402,0.1316051483154297,
8232,-6.298776626586914,0.05418539047241211,
8233,-6.330834865570068,0.05448269844055176,
8234,-6.376664638519287,0.054534196853637695,
8235,-6.3003387451171875,0.05596923828125,
8236,-6.490565299987793,0.05494856834411621,
8237,-6.295828819274902,0.05475616455078125,
8238,-6.326103210449219,0.05567002296447754,
8239,-6.194239616394043,0.055187225341796875,
8240,-6.227190017700195,0.05472397804260254,-0.4105849862098694
8241,-6.262997627258301,0.12811279296875,
8242,-6.195110321044922,0.05495405197143555,
8243,-6.184126853942871,0.05566263198852539,
8244,-6.387003421783447,0.05426144599914551,
8245,-6.16409969329834,0.05477428436279297,
8246,-6.050905704498291,0.054837942123413086,
8247,-6.220934867858887,0.055017948150634766,
8248,-6.388751029968262,0.05488395690917969,
8249,-6.199008941650391,0.054986000061035156,
8250,-6.235668182373047,0.055791378021240234,-0.33450847864151
8251,-6.205312728881836,0.1268768310546875,
8252,-6.046590805053711,0.054236412048339844,
8253,-6.168759346008301,0.055600643157958984,
8254,-6.235283851623535,0.055823326110839844,
8255,-6.1732964515686035,0.054686784744262695,
8256,-6.175657272338867,0.054566144943237305,
8257,-6.23825216293335,0.05511784553527832,
8258,-6.358675003051758,0.054990530014038086,
8259,-6.269588470458984,0.05420804023742676,
8260,-6.2577314376831055,0.05446624755859375,-0.3207509517669678
8261,-6.353435516357422,0.12697982788085938,
8262,-6.2901387214660645,0.054547786712646484,
8263,-6.272891998291016,0.054424285888671875,
8264,-6.281070709228516,0.05449342727661133,
8265,-6.336982727050781,0.05458474159240723,
8266,-6.341826438903809,0.054755210876464844,
8267,-6.36089563369751,0.05571866035461426,
8268,-6.316956996917725,0.054837942123413086,
8269,-6.250940322875977,0.05463886260986328,
8270,-6.341724395751953,0.054434776306152344,-0.26722854375839233
8271,-6.284511089324951,0.12589240074157715,
8272,-6.266303062438965,0.05455827713012695,
8273,-6.272068023681641,0.05478978157043457,
8274,-6.2863874435424805,0.0544281005859375,
8275,-6.2503814697265625,0.05602860450744629,
8276,-6.298212051391602,0.05475354194641113,
8277,-6.274432182312012,0.05512070655822754,
8278,-6.357729911804199,0.05421566963195801,
8279,-6.363412857055664,0.05469107627868652,
8280,-6.297506809234619,0.05451631546020508,-0.4475545287132263
8281,-6.267648220062256,0.12908124923706055,
8282,-6.101776123046875,0.054852962493896484,
8283,-6.357388496398926,0.05490994453430176,
8284,-6.281436443328857,0.054897308349609375,
8285,-6.321428298950195,0.05498051643371582,
8286,-6.266788005828857,0.05508780479431152,
8287,-6.320737838745117,0.05501985549926758,
8288,-6.403825759887695,0.0548856258392334,
8289,-6.261848449707031,0.05493354797363281,
8290,-6.240306854248047,0.054747819900512695,-0.2946898639202118
8291,-6.263163089752197,0.2529942989349365,
8292,-6.295487880706787,0.05473589897155762,
8293,-6.196679592132568,0.05449414253234863,
8294,-6.312102794647217,0.0544285774230957,
8295,-6.400640487670898,0.05459403991699219,
8296,-6.224151611328125,0.054808855056762695,
8297,-6.21758508682251,0.05442237854003906,
8298,-6.16459321975708,0.05511116981506348,
8299,-6.196669578552246,0.05564284324645996,
8300,-6.355855464935303,0.05521965026855469,-0.3421250581741333
8301,-6.43483829498291,0.12746357917785645,
8302,-6.352441310882568,0.05464005470275879,
8303,-6.326947212219238,0.054988861083984375,
8304,-6.379191875457764,0.054541826248168945,
8305,-6.446466445922852,0.05429220199584961,
8306,-6.446316719055176,0.05456280708312988,
8307,-6.401270866394043,0.05503273010253906,
8308,-6.451253890991211,0.054030656814575195,
8309,-6.184276580810547,0.05462956428527832,
8310,-6.305615425109863,0.054404258728027344,-0.34191057085990906
8311,-6.49987268447876,0.12523293495178223,
8312,-6.51307487487793,0.05468583106994629,
8313,-6.3411970138549805,0.05523419380187988,
8314,-6.3807220458984375,0.054815053939819336,
8315,-6.323348045349121,0.055021047592163086,
8316,-6.595371246337891,0.054456472396850586,
8317,-6.192817687988281,0.05534934997558594,
8318,-6.2978715896606445,0.05486321449279785,
8319,-6.324712753295898,0.05415654182434082,
8320,-6.107063293457031,0.05482673645019531,-0.4106653332710266
8321,-6.171790599822998,0.1256411075592041,
8322,-6.355669021606445,0.05484890937805176,
8323,-6.111661434173584,0.05476880073547363,
8324,-6.095404624938965,0.05493927001953125,
8325,-6.2627058029174805,0.05472207069396973,
8326,-6.332000732421875,0.05484318733215332,
8327,-6.070711135864258,0.05480456352233887,
8328,-6.145810127258301,0.05484366416931152,
8329,-6.315954208374023,0.055178165435791016,
8330,-6.020029544830322,0.05417466163635254,-0.3825913369655609
8331,-6.142057418823242,0.12601637840270996,
8332,-6.302231788635254,0.055034637451171875,
8333,-6.250710487365723,0.055082082748413086,
8334,-6.355474472045898,0.054962158203125,
8335,-6.467379570007324,0.05474519729614258,
8336,-6.3686628341674805,0.055047035217285156,
8337,-6.3541741371154785,0.055295705795288086,
8338,-6.22561502456665,0.05488395690917969,
8339,-6.342839241027832,0.054543256759643555,
8340,-6.354827880859375,0.05526161193847656,-0.39337316155433655
8341,-6.405149936676025,0.12668871879577637,
8342,-6.40953254699707,0.054839372634887695,
8343,-6.277702331542969,0.05490684509277344,
8344,-6.243154525756836,0.05502152442932129,
8345,-6.46038818359375,0.05537533760070801,
8346,-6.19075870513916,0.054552555084228516,
8347,-6.4107279777526855,0.05506110191345215,
8348,-6.4153900146484375,0.05472874641418457,
8349,-6.287347793579102,0.054828643798828125,
8350,-6.372391700744629,0.05495500564575195,-0.42595985531806946
8351,-6.256405830383301,0.12630033493041992,
8352,-6.226133346557617,0.05484485626220703,
8353,-6.228668689727783,0.05492568016052246,
8354,-6.277055740356445,0.05466198921203613,
8355,-6.199029922485352,0.05552792549133301,
8356,-6.336645126342773,0.055768728256225586,
8357,-6.2250285148620605,0.05450177192687988,
8358,-6.24351692199707,0.05432391166687012,
8359,-6.183899879455566,0.05470728874206543,
8360,-6.143682479858398,0.05460929870605469,-0.34767332673072815
8361,-6.128450393676758,0.1281580924987793,
8362,-6.263637542724609,0.05510258674621582,
8363,-6.314133167266846,0.0539853572845459,
8364,-6.1611480712890625,0.05505967140197754,
8365,-6.281137466430664,0.05470919609069824,
8366,-6.15128231048584,0.05475449562072754,
8367,-6.0811076164245605,0.05504727363586426,
8368,-6.313299179077148,0.05594038963317871,
8369,-6.306771278381348,0.054764747619628906,
8370,-6.251272201538086,0.056223154067993164,-0.4530407190322876
8371,-6.096848964691162,0.12851691246032715,
8372,-6.35493278503418,0.05611252784729004,
8373,-6.275249481201172,0.05568408966064453,
8374,-6.13029670715332,0.05522489547729492,
8375,-6.24838399887085,0.05447793006896973,
8376,-6.215796947479248,0.054650306701660156,
8377,-6.272509574890137,0.05428886413574219,
8378,-6.115152359008789,0.05475330352783203,
8379,-6.302052021026611,0.055788516998291016,
8380,-6.288191795349121,0.054732561111450195,-0.3000098466873169
8381,-6.24201774597168,0.12800002098083496,
8382,-6.345524787902832,0.05475878715515137,
8383,-6.299796104431152,0.05499267578125,
8384,-6.347846031188965,0.05603456497192383,
8385,-6.300355911254883,0.05462956428527832,
8386,-6.38380241394043,0.05489373207092285,
8387,-6.310418128967285,0.05480337142944336,
8388,-6.412452697753906,0.05475950241088867,
8389,-6.311697959899902,0.05445384979248047,
8390,-6.499227046966553,0.054819583892822266,-0.3122124969959259
8391,-6.492302894592285,0.12741661071777344,
8392,-6.3382673263549805,0.05646800994873047,
8393,-6.525001525878906,0.05484747886657715,
8394,-6.602924346923828,0.054920196533203125,
8395,-6.455933094024658,0.05507254600524902,
8396,-6.4774041175842285,0.055953264236450195,
8397,-6.460599422454834,0.05457735061645508,
8398,-6.507833480834961,0.056017160415649414,
8399,-6.531506061553955,0.05551910400390625,
8400,-6.415732383728027,0.05473947525024414,-0.38559743762016296
8401,-6.461768627166748,0.12724590301513672,
8402,-6.4961161613464355,0.05521345138549805,
8403,-6.28666877746582,0.05517983436584473,
8404,-6.275360107421875,0.055130720138549805,
8405,-6.142378807067871,0.05500435829162598,
8406,-6.085190773010254,0.05498552322387695,
8407,-6.273221969604492,0.05556297302246094,
8408,-6.246230125427246,0.05505800247192383,
8409,-6.313721656799316,0.054393768310546875,
8410,-6.222711563110352,0.054913997650146484,-0.32237708568573
8411,-6.332939147949219,0.2506709098815918,
8412,-6.2596659660339355,0.055468082427978516,
8413,-6.238040924072266,0.05538320541381836,
8414,-6.338760852813721,0.05451011657714844,
8415,-6.05274772644043,0.055365562438964844,
8416,-6.335345268249512,0.05434298515319824,
8417,-6.430143356323242,0.054728031158447266,
8418,-6.310712814331055,0.05469870567321777,
8419,-6.273525238037109,0.054520368576049805,
8420,-6.396024703979492,0.054439544677734375,-0.35308215022087097
8421,-6.2892255783081055,0.12604212760925293,
8422,-6.371486663818359,0.05432724952697754,
8423,-6.382740020751953,0.055145978927612305,
8424,-6.328975200653076,0.0556483268737793,
8425,-6.294527053833008,0.05502915382385254,
8426,-6.469919204711914,0.05479788780212402,
8427,-6.510247230529785,0.05446648597717285,
8428,-6.535384178161621,0.0547182559967041,
8429,-6.609922409057617,0.05489754676818848,
8430,-6.515911102294922,0.05428028106689453,-0.27046629786491394
8431,-6.479308605194092,0.12819290161132812,
8432,-6.461504936218262,0.05518507957458496,
8433,-6.248715400695801,0.05559229850769043,
8434,-6.549088001251221,0.05558657646179199,
8435,-6.377653121948242,0.054627180099487305,
8436,-6.3808135986328125,0.05503249168395996,
8437,-6.411133289337158,0.054712772369384766,
8438,-6.312654972076416,0.05437421798706055,
8439,-6.179337501525879,0.05382871627807617,
8440,-6.303386688232422,0.054146528244018555,-0.23843981325626373
8441,-6.062294006347656,0.1266028881072998,
8442,-6.139179229736328,0.053980112075805664,
8443,-6.084444046020508,0.05469536781311035,
8444,-6.063875675201416,0.055100202560424805,
8445,-6.124826431274414,0.05489158630371094,
8446,-6.004736423492432,0.054177284240722656,
8447,-6.062729835510254,0.05475664138793945,
8448,-6.08701229095459,0.05490255355834961,
8449,-6.0848588943481445,0.054641008377075195,
8450,-6.202775001525879,0.05434107780456543,-0.4263443052768707
8451,-5.960556983947754,0.12623286247253418,
8452,-6.065949440002441,0.05415081977844238,
8453,-6.059004783630371,0.054167985916137695,
8454,-6.129735946655273,0.054659366607666016,
8455,-6.026031970977783,0.0545506477355957,
8456,-6.099493980407715,0.05479621887207031,
8457,-6.324845314025879,0.05429482460021973,
8458,-6.345905303955078,0.054601430892944336,
8459,-6.287939071655273,0.05510067939758301,
8460,-6.394296646118164,0.05431938171386719,-0.22576786577701569
8461,-6.287350654602051,0.12768888473510742,
8462,-6.325284481048584,0.05470108985900879,
8463,-6.300714015960693,0.05488991737365723,
8464,-6.321444511413574,0.05495595932006836,
8465,-6.48182487487793,0.05497932434082031,
8466,-6.528592586517334,0.05434775352478027,
8467,-6.44590950012207,0.05555915832519531,
8468,-6.453604698181152,0.05538439750671387,
8469,-6.470943927764893,0.05460381507873535,
8470,-6.513545989990234,0.05485892295837402,-0.2428954690694809
8471,-6.527684688568115,0.12869882583618164,
8472,-6.4091691970825195,0.054169416427612305,
8473,-6.3384690284729,0.05431795120239258,
8474,-6.287715911865234,0.05460929870605469,
8475,-6.443984031677246,0.05514049530029297,
8476,-6.430720806121826,0.054537057876586914,
8477,-6.364581108093262,0.05466437339782715,
8478,-6.28168249130249,0.05469155311584473,
8479,-6.313689708709717,0.0544886589050293,
8480,-6.307855606079102,0.0545346736907959,-0.30827394127845764
8481,-6.220029354095459,0.12828612327575684,
8482,-6.08685302734375,0.054860830307006836,
8483,-6.191560745239258,0.055597543716430664,
8484,-6.116693496704102,0.054228782653808594,
8485,-6.172908306121826,0.05467677116394043,
8486,-6.4248833656311035,0.054291725158691406,
8487,-6.1710615158081055,0.05457258224487305,
8488,-6.154725074768066,0.05593585968017578,
8489,-6.2552595138549805,0.055383920669555664,
8490,-6.215689659118652,0.054785728454589844,-0.25937581062316895
8491,-6.258977890014648,0.128678560256958,
8492,-6.261618137359619,0.05495643615722656,
8493,-6.2840399742126465,0.05514192581176758,
8494,-6.245232105255127,0.05567812919616699,
8495,-6.370070457458496,0.05548405647277832,
8496,-6.491478443145752,0.05547952651977539,
8497,-6.420483589172363,0.055681705474853516,
8498,-6.417361259460449,0.05541563034057617,
8499,-6.31733512878418,0.05477571487426758,
8500,-6.446142196655273,0.0548243522644043,-0.22240009903907776
8501,-6.258774757385254,0.1283869743347168,
8502,-6.312358856201172,0.054472923278808594,
8503,-6.3069658279418945,0.05483293533325195,
8504,-6.196121692657471,0.05451178550720215,
8505,-6.353008270263672,0.05474138259887695,
8506,-6.358582496643066,0.0544896125793457,
8507,-6.395387649536133,0.05451059341430664,
8508,-6.210484027862549,0.054679155349731445,
8509,-6.486035346984863,0.05479001998901367,
8510,-6.307500839233398,0.055119991302490234,-0.2703021168708801
8511,-6.439047813415527,0.12819933891296387,
8512,-6.33790397644043,0.0544130802154541,
8513,-6.296079635620117,0.054871559143066406,
8514,-6.314326763153076,0.055320024490356445,
8515,-6.2271528244018555,0.054292917251586914,
8516,-6.099860191345215,0.05456423759460449,
8517,-6.563239097595215,0.054738521575927734,
8518,-6.4139204025268555,0.05422163009643555,
8519,-6.373112678527832,0.05432868003845215,
8520,-6.174029350280762,0.05403017997741699,-0.34447917342185974
8521,-6.187266826629639,0.12674760818481445,
8522,-6.265833854675293,0.0545194149017334,
8523,-6.3752617835998535,0.05563473701477051,
8524,-6.340575218200684,0.05501747131347656,
8525,-6.264918804168701,0.05607032775878906,
8526,-6.129161357879639,0.05459928512573242,
8527,-6.174759864807129,0.054964303970336914,
8528,-6.354673862457275,0.054972171783447266,
8529,-6.245901584625244,0.055278778076171875,
8530,-6.203255653381348,0.05485844612121582,-0.22070948779582977
8531,-6.057734966278076,0.25989413261413574,
8532,-6.159539222717285,0.0550386905670166,
8533,-6.345941543579102,0.05501127243041992,
8534,-6.491433143615723,0.054965972900390625,
8535,-6.7229485511779785,0.05402517318725586,
8536,-6.366483688354492,0.05437445640563965,
8537,-6.192869186401367,0.05463743209838867,
8538,-6.376607418060303,0.054280757904052734,
8539,-6.314756393432617,0.0544435977935791,
8540,-6.26181697845459,0.05420517921447754,-0.3263895511627197
8541,-6.374817848205566,0.12664222717285156,
8542,-6.338388442993164,0.05380511283874512,
8543,-6.291520595550537,0.054756879806518555,
8544,-6.270223617553711,0.05376291275024414,
8545,-6.280568599700928,0.05359935760498047,
8546,-6.388946056365967,0.05400347709655762,
8547,-6.202892303466797,0.05470395088195801,
8548,-6.358647346496582,0.05395650863647461,
8549,-6.3084716796875,0.054471731185913086,
8550,-6.322295188903809,0.05377626419067383,-0.30069130659103394
8551,-6.417919158935547,0.12607431411743164,
8552,-6.332221984863281,0.053760528564453125,
8553,-6.435266971588135,0.05504488945007324,
8554,-6.358152866363525,0.05537152290344238,
8555,-6.368781089782715,0.055089712142944336,
8556,-6.425148963928223,0.05438804626464844,
8557,-6.493871212005615,0.05420279502868652,
8558,-6.231761932373047,0.05453157424926758,
8559,-6.273475170135498,0.05437159538269043,
8560,-6.292306900024414,0.05397176742553711,-0.3121577501296997
8561,-6.4322052001953125,0.1288464069366455,
8562,-6.213325500488281,0.05409884452819824,
8563,-6.410250663757324,0.0543055534362793,
8564,-6.396108627319336,0.053861379623413086,
8565,-6.43060302734375,0.054280996322631836,
8566,-6.441954135894775,0.05515432357788086,
8567,-6.369941711425781,0.05569911003112793,
8568,-6.3707051277160645,0.05424952507019043,
8569,-6.325069904327393,0.05429887771606445,
8570,-6.260659217834473,0.054445505142211914,-0.25057271122932434
8571,-6.343173027038574,0.12654328346252441,
8572,-6.2789154052734375,0.053771257400512695,
8573,-6.560618877410889,0.0537266731262207,
8574,-6.160246849060059,0.05393624305725098,
8575,-6.291393280029297,0.054502248764038086,
8576,-6.3046674728393555,0.054136037826538086,
8577,-6.5306220054626465,0.054250240325927734,
8578,-6.248477458953857,0.05443453788757324,
8579,-6.2084269523620605,0.054872989654541016,
8580,-6.310170650482178,0.054871559143066406,-0.20909029245376587
8581,-6.330229759216309,0.12731361389160156,
8582,-6.3550615310668945,0.05405902862548828,
8583,-6.3691911697387695,0.05462241172790527,
8584,-6.3131303787231445,0.05482649803161621,
8585,-6.270744323730469,0.05475258827209473,
8586,-6.161746978759766,0.054537057876586914,
8587,-6.201253890991211,0.05532574653625488,
8588,-6.367871284484863,0.05530142784118652,
8589,-6.443120002746582,0.05427050590515137,
8590,-6.489642143249512,0.05445051193237305,-0.306884229183197
8591,-6.361966133117676,0.1275334358215332,
8592,-6.392040252685547,0.0547785758972168,
8593,-6.566765785217285,0.0548243522644043,
8594,-6.334640026092529,0.05475163459777832,
8595,-6.401594161987305,0.05460667610168457,
8596,-6.321438312530518,0.055075883865356445,
8597,-6.405685901641846,0.05433464050292969,
8598,-6.411165237426758,0.054883718490600586,
8599,-6.233731269836426,0.054306983947753906,
8600,-6.331996440887451,0.05467414855957031,-0.29855403304100037
8601,-6.440002918243408,0.12736940383911133,
8602,-6.274356842041016,0.05437755584716797,
8603,-6.687347412109375,0.05449724197387695,
8604,-6.415566444396973,0.05523872375488281,
8605,-6.261785507202148,0.05505728721618652,
8606,-6.356104850769043,0.05460238456726074,
8607,-6.371503829956055,0.05543637275695801,
8608,-6.346885681152344,0.05469322204589844,
8609,-6.406186103820801,0.05500292778015137,
8610,-6.240922927856445,0.05481576919555664,-0.23704254627227783
8611,-6.318803787231445,0.12659931182861328,
8612,-6.458515167236328,0.054584503173828125,
8613,-6.292442321777344,0.05498170852661133,
8614,-6.241795539855957,0.05526614189147949,
8615,-6.3814849853515625,0.05563759803771973,
8616,-6.3799309730529785,0.054616689682006836,
8617,-6.4023542404174805,0.054982662200927734,
8618,-6.406339168548584,0.05487322807312012,
8619,-6.220386981964111,0.0543673038482666,
8620,-6.507266044616699,0.054915666580200195,-0.3062293529510498
8621,-6.4483723640441895,0.1282362937927246,
8622,-6.31194543838501,0.054682016372680664,
8623,-6.425370216369629,0.054701805114746094,
8624,-6.334051132202148,0.05468010902404785,
8625,-6.450776100158691,0.055260419845581055,
8626,-6.417263031005859,0.054682254791259766,
8627,-6.4730048179626465,0.05418968200683594,
8628,-6.321505069732666,0.0549464225769043,
8629,-6.443871021270752,0.05426645278930664,
8630,-6.484004020690918,0.05420517921447754,-0.3151925802230835
8631,-6.500105857849121,0.12631511688232422,
8632,-6.557666778564453,0.05383753776550293,
8633,-6.465096950531006,0.054364919662475586,
8634,-6.684691429138184,0.05530810356140137,
8635,-6.567772388458252,0.054436683654785156,
8636,-6.342801570892334,0.05504655838012695,
8637,-6.569833755493164,0.05473732948303223,
8638,-6.249434471130371,0.05440473556518555,
8639,-6.194728851318359,0.05501127243041992,
8640,-6.196429252624512,0.055185794830322266,-0.3330700397491455
8641,-6.3932647705078125,0.12819480895996094,
8642,-6.253389358520508,0.05605888366699219,
8643,-5.989501476287842,0.054158926010131836,
8644,-6.3609490394592285,0.05443406105041504,
8645,-6.34564208984375,0.054183006286621094,
8646,-6.312564849853516,0.05421185493469238,
8647,-6.0367937088012695,0.05485367774963379,
8648,-6.180024147033691,0.0546877384185791,
8649,-6.416110992431641,0.05455923080444336,
8650,-6.29696798324585,0.0543522834777832,-0.3555743396282196
8651,-6.234942436218262,0.2614400386810303,
8652,-6.403565406799316,0.05505681037902832,
8653,-6.478795051574707,0.05518937110900879,
8654,-6.395580291748047,0.05576181411743164,
8655,-6.284881591796875,0.05568647384643555,
8656,-6.478476524353027,0.05548667907714844,
8657,-6.356441497802734,0.0546875,
8658,-6.385570526123047,0.05439138412475586,
8659,-6.478045463562012,0.05431246757507324,
8660,-6.382061004638672,0.054488182067871094,-0.2984267771244049
8661,-6.503734588623047,0.1287214756011963,
8662,-6.525338649749756,0.05425095558166504,
8663,-6.562957763671875,0.05465102195739746,
8664,-6.367218017578125,0.05584263801574707,
8665,-6.506779193878174,0.055568695068359375,
8666,-6.5747880935668945,0.054285287857055664,
8667,-6.371942043304443,0.05591630935668945,
8668,-6.109983444213867,0.05586576461791992,
8669,-6.305036544799805,0.05638480186462402,
8670,-6.404104232788086,0.05448198318481445,-0.30427980422973633
8671,-6.32360315322876,0.12680792808532715,
8672,-6.333406925201416,0.054682016372680664,
8673,-6.357682228088379,0.05515623092651367,
8674,-6.458770751953125,0.0551607608795166,
8675,-6.216343879699707,0.05499410629272461,
8676,-6.3997697830200195,0.054917335510253906,
8677,-6.22364616394043,0.055683135986328125,
8678,-6.439113616943359,0.05505728721618652,
8679,-6.533287525177002,0.054512977600097656,
8680,-6.2194366455078125,0.05455946922302246,-0.3968393802642822
8681,-6.306154251098633,0.1286764144897461,
8682,-6.510693550109863,0.05423617362976074,
8683,-6.277350425720215,0.05472421646118164,
8684,-6.507013320922852,0.05417060852050781,
8685,-6.468470573425293,0.05507493019104004,
8686,-6.28100061416626,0.05428671836853027,
8687,-6.061451435089111,0.05472064018249512,
8688,-6.193085193634033,0.05428361892700195,
8689,-6.427497863769531,0.05356621742248535,
8690,-6.363926887512207,0.05388140678405762,-0.21322615444660187
8691,-6.3304009437561035,0.12551021575927734,
8692,-6.298362731933594,0.05524301528930664,
8693,-6.232090950012207,0.054621219635009766,
8694,-6.237583160400391,0.05446195602416992,
8695,-6.373046398162842,0.05447268486022949,
8696,-6.481368064880371,0.054901838302612305,
8697,-6.686941623687744,0.054802656173706055,
8698,-6.387793064117432,0.054570674896240234,
8699,-6.607052803039551,0.05572509765625,
8700,-6.38747501373291,0.05471515655517578,-0.2654165029525757
8701,-6.520563125610352,0.12768149375915527,
8702,-6.664418697357178,0.05524706840515137,
8703,-6.519169807434082,0.05488443374633789,
8704,-6.561468124389648,0.054973602294921875,
8705,-6.639039516448975,0.05464649200439453,
8706,-6.437873840332031,0.055135250091552734,
8707,-6.471430778503418,0.0551915168762207,
8708,-6.530823707580566,0.05458521842956543,
8709,-6.519716262817383,0.054941654205322266,
8710,-6.3038249015808105,0.054959774017333984,-0.3431113362312317
8711,-6.25877571105957,0.13051080703735352,
8712,-6.273458480834961,0.05423855781555176,
8713,-6.576434135437012,0.0543975830078125,
8714,-6.3257598876953125,0.05454134941101074,
8715,-6.167843818664551,0.055023193359375,
8716,-6.387418746948242,0.054697275161743164,
8717,-6.614386558532715,0.05473756790161133,
8718,-6.288751125335693,0.05444502830505371,
8719,-6.249429225921631,0.0544893741607666,
8720,-6.488540172576904,0.054284095764160156,-0.26894232630729675
8721,-6.143085956573486,0.1280958652496338,
8722,-6.105019569396973,0.05478835105895996,
8723,-6.160495758056641,0.05500078201293945,
8724,-6.106688499450684,0.05478024482727051,
8725,-6.36479377746582,0.05520462989807129,
8726,-6.193778991699219,0.054811716079711914,
8727,-6.174455642700195,0.05483746528625488,
8728,-6.325615406036377,0.05466032028198242,
8729,-6.353654384613037,0.054981231689453125,
8730,-6.408268451690674,0.05532646179199219,-0.2831413149833679
8731,-6.442791938781738,0.12900185585021973,
8732,-6.395342826843262,0.05535888671875,
8733,-6.164835453033447,0.054656028747558594,
8734,-6.315021991729736,0.05530834197998047,
8735,-6.393533706665039,0.05519390106201172,
8736,-6.459211826324463,0.055051326751708984,
8737,-6.309351921081543,0.055078744888305664,
8738,-6.276181697845459,0.05530738830566406,
8739,-6.523326873779297,0.0543673038482666,
8740,-6.459206581115723,0.054679155349731445,-0.2959752678871155
8741,-6.448083877563477,0.12782001495361328,
8742,-6.380990028381348,0.05498027801513672,
8743,-6.316675662994385,0.056153059005737305,
8744,-6.413264274597168,0.05464959144592285,
8745,-6.437036037445068,0.055049896240234375,
8746,-6.308372974395752,0.0553584098815918,
8747,-6.461336135864258,0.054244279861450195,
8748,-6.4640960693359375,0.05428147315979004,
8749,-6.296163558959961,0.05414843559265137,
8750,-6.416859149932861,0.054489850997924805,-0.28442469239234924
8751,-6.4398345947265625,0.12673735618591309,
8752,-6.484515190124512,0.05501508712768555,
8753,-6.492006301879883,0.05521368980407715,
8754,-6.245384216308594,0.05509686470031738,
8755,-6.337494850158691,0.05473065376281738,
8756,-6.273965835571289,0.05469083786010742,
8757,-6.455997467041016,0.05532360076904297,
8758,-6.1905012130737305,0.05459022521972656,
8759,-6.178932189941406,0.055669546127319336,
8760,-6.364288330078125,0.05457758903503418,-0.26234960556030273
8761,-6.2916412353515625,0.12874293327331543,
8762,-6.3968963623046875,0.05485367774963379,
8763,-6.303129196166992,0.05422210693359375,
8764,-6.380877494812012,0.054696083068847656,
8765,-6.258044242858887,0.05467510223388672,
8766,-6.422457695007324,0.05508089065551758,
8767,-6.465319633483887,0.0548095703125,
8768,-6.330130577087402,0.054354190826416016,
8769,-6.404499530792236,0.05475163459777832,
8770,-6.385435104370117,0.0543668270111084,-0.2781577706336975
8771,-6.464776039123535,0.2574291229248047,
8772,-6.411839485168457,0.05498862266540527,
8773,-6.24276065826416,0.05478954315185547,
8774,-6.453570365905762,0.0542757511138916,
8775,-6.308021545410156,0.0547330379486084,
8776,-6.378118515014648,0.05502915382385254,
8777,-6.249654769897461,0.05494213104248047,
8778,-6.409367084503174,0.05554461479187012,
8779,-6.617444038391113,0.05457139015197754,
8780,-6.395347595214844,0.055028438568115234,-0.36119091510772705
8781,-6.453840255737305,0.12546586990356445,
8782,-6.432280540466309,0.05515861511230469,
8783,-6.421931266784668,0.05482816696166992,
8784,-6.350215911865234,0.05536031723022461,
8785,-6.373586654663086,0.05414581298828125,
8786,-6.494436740875244,0.0549771785736084,
8787,-6.330010414123535,0.05501413345336914,
8788,-6.51074743270874,0.05467820167541504,
8789,-6.468092441558838,0.05431222915649414,
8790,-6.505296230316162,0.05495882034301758,-0.30550146102905273
8791,-6.271424293518066,0.12611985206604004,
8792,-6.573277473449707,0.053850412368774414,
8793,-6.304229736328125,0.05575966835021973,
8794,-6.437646865844727,0.05476975440979004,
8795,-6.422458648681641,0.05426454544067383,
8796,-6.44981575012207,0.0539553165435791,
8797,-6.253236770629883,0.05393528938293457,
8798,-6.427037239074707,0.05456209182739258,
8799,-6.308502197265625,0.054505109786987305,
8800,-6.389230728149414,0.05462455749511719,-0.22005192935466766
8801,-6.350733757019043,0.12688708305358887,
8802,-6.2965545654296875,0.05524444580078125,
8803,-6.317033767700195,0.055452585220336914,
8804,-6.4662251472473145,0.053993940353393555,
8805,-6.295168876647949,0.05512285232543945,
8806,-6.407416820526123,0.05473494529724121,
8807,-6.389928340911865,0.05428123474121094,
8808,-6.277646064758301,0.05417132377624512,
8809,-6.370038986206055,0.054612159729003906,
8810,-6.228204250335693,0.054671525955200195,-0.36287644505500793
8811,-6.2924957275390625,0.12434649467468262,
8812,-6.324941158294678,0.05472874641418457,
8813,-6.2577595710754395,0.05596184730529785,
8814,-6.4139323234558105,0.05517578125,
8815,-6.299324035644531,0.054678916931152344,
8816,-6.373843669891357,0.05432319641113281,
8817,-6.372067928314209,0.054746150970458984,
8818,-6.429025650024414,0.054112911224365234,
8819,-6.280903339385986,0.05470633506774902,
8820,-6.391819000244141,0.05498790740966797,-0.356135755777359
8821,-6.4135332107543945,0.1244053840637207,
8822,-6.420065879821777,0.05403017997741699,
8823,-6.4390411376953125,0.0544741153717041,
8824,-6.354033470153809,0.05512428283691406,
8825,-6.5534491539001465,0.055016517639160156,
8826,-6.456447601318359,0.054332733154296875,
8827,-6.435935974121094,0.05574464797973633,
8828,-6.177497863769531,0.05564069747924805,
8829,-6.337291717529297,0.055694580078125,
8830,-6.248085975646973,0.05455827713012695,-0.3741448223590851
8831,-6.4969706535339355,0.12614154815673828,
8832,-6.343023300170898,0.0546727180480957,
8833,-6.2519941329956055,0.054460763931274414,
8834,-6.132372856140137,0.054711341857910156,
8835,-6.093561172485352,0.0547490119934082,
8836,-6.358394145965576,0.05428457260131836,
8837,-6.358564376831055,0.05385875701904297,
8838,-6.071257591247559,0.05481290817260742,
8839,-6.214816093444824,0.055112600326538086,
8840,-6.21637487411499,0.05604124069213867,-0.2646207809448242
8841,-6.169949054718018,0.12699055671691895,
8842,-6.264520645141602,0.054611921310424805,
8843,-6.193643569946289,0.05472826957702637,
8844,-6.161809921264648,0.05457353591918945,
8845,-6.118289947509766,0.05382037162780762,
8846,-6.19672155380249,0.054229736328125,
8847,-6.158919334411621,0.055947303771972656,
8848,-6.365566253662109,0.05539107322692871,
8849,-6.348166465759277,0.05481553077697754,
8850,-6.138035774230957,0.05487680435180664,-0.24413688480854034
8851,-6.082690238952637,0.12718820571899414,
8852,-6.1667022705078125,0.05480766296386719,
8853,-6.450434684753418,0.05433320999145508,
8854,-6.514756679534912,0.055336713790893555,
8855,-6.242711067199707,0.05525040626525879,
8856,-6.080316066741943,0.0547027587890625,
8857,-6.1488261222839355,0.05527949333190918,
8858,-6.265556812286377,0.054998159408569336,
8859,-6.445348739624023,0.0549013614654541,
8860,-6.328289031982422,0.054662227630615234,-0.31597447395324707
8861,-6.304265975952148,0.1243739128112793,
8862,-6.45789098739624,0.0545191764831543,
8863,-6.154864311218262,0.054718732833862305,
8864,-6.32940149307251,0.05417013168334961,
8865,-6.338052272796631,0.05503582954406738,
8866,-6.392870903015137,0.054815053939819336,
8867,-6.421764850616455,0.05562901496887207,
8868,-6.393293380737305,0.054143667221069336,
8869,-6.447454452514648,0.05486869812011719,
8870,-6.601315498352051,0.0546114444732666,-0.23001769185066223
8871,-6.671022415161133,0.12814736366271973,
8872,-6.425681114196777,0.05557608604431152,
8873,-6.414425373077393,0.05737900733947754,
8874,-6.383586883544922,0.05494093894958496,
8875,-6.388810634613037,0.05461430549621582,
8876,-6.430382251739502,0.05459403991699219,
8877,-6.107914447784424,0.05573105812072754,
8878,-6.289340019226074,0.0551910400390625,
8879,-6.262208461761475,0.054551124572753906,
8880,-6.31636905670166,0.056302547454833984,-0.2460160106420517
8881,-6.2358622550964355,0.12980151176452637,
8882,-6.395698547363281,0.054971933364868164,
8883,-6.321831703186035,0.0553896427154541,
8884,-6.324203014373779,0.05431079864501953,
8885,-6.333340644836426,0.054676055908203125,
8886,-6.248000144958496,0.054627180099487305,
8887,-6.491466999053955,0.0545351505279541,
8888,-6.49188756942749,0.05439162254333496,
8889,-6.458207130432129,0.05453157424926758,
8890,-6.41101598739624,0.05653810501098633,-0.3205443024635315
8891,-6.474745273590088,0.2545464038848877,
8892,-6.4220781326293945,0.05460500717163086,
8893,-6.4105329513549805,0.055249929428100586,
8894,-6.414288520812988,0.05487227439880371,
8895,-6.4058051109313965,0.0545506477355957,
8896,-6.262285232543945,0.05453610420227051,
8897,-6.423577308654785,0.05454301834106445,
8898,-6.2517619132995605,0.054506540298461914,
8899,-6.237962245941162,0.05437421798706055,
8900,-6.401070594787598,0.05455493927001953,-0.34660622477531433
8901,-6.44161319732666,0.12812042236328125,
8902,-6.421139717102051,0.0543057918548584,
8903,-6.555419445037842,0.05446910858154297,
8904,-6.448353290557861,0.05468630790710449,
8905,-6.458560943603516,0.05464291572570801,
8906,-6.571237564086914,0.05495095252990723,
8907,-6.445340156555176,0.05477404594421387,
8908,-6.247819423675537,0.05488085746765137,
8909,-6.44209098815918,0.054877281188964844,
8910,-6.587904930114746,0.054549217224121094,-0.38207849860191345
8911,-6.393733024597168,0.1255655288696289,
8912,-6.37602424621582,0.05616569519042969,
8913,-6.332415580749512,0.05578041076660156,
8914,-6.318377494812012,0.054491281509399414,
8915,-6.278514862060547,0.05421781539916992,
8916,-6.356094837188721,0.05482649803161621,
8917,-6.414957523345947,0.05487394332885742,
8918,-6.47678279876709,0.054798126220703125,
8919,-6.4910054206848145,0.0549929141998291,
8920,-6.3536248207092285,0.05484151840209961,-0.33046412467956543
8921,-6.445199012756348,0.1285240650177002,
8922,-6.490425109863281,0.05416607856750488,
8923,-6.5059709548950195,0.05552172660827637,
8924,-6.474642276763916,0.05527901649475098,
8925,-6.364364147186279,0.054503440856933594,
8926,-6.3547892570495605,0.05528759956359863,
8927,-6.136325836181641,0.05466103553771973,
8928,-6.261114597320557,0.0552065372467041,
8929,-6.4219255447387695,0.05435538291931152,
8930,-6.23609733581543,0.05504631996154785,-0.2988714277744293
8931,-6.326763153076172,0.12646818161010742,
8932,-6.340710639953613,0.05470609664916992,
8933,-6.253090858459473,0.05481147766113281,
8934,-6.202118873596191,0.05408358573913574,
8935,-6.2246294021606445,0.05387759208679199,
8936,-6.253263473510742,0.05379652976989746,
8937,-6.169685363769531,0.05423092842102051,
8938,-6.4010114669799805,0.05437970161437988,
8939,-6.258664131164551,0.05408620834350586,
8940,-6.231566905975342,0.054961204528808594,-0.3614700436592102
8941,-6.426168918609619,0.1274547576904297,
8942,-6.400893211364746,0.05541539192199707,
8943,-6.396248817443848,0.05479073524475098,
8944,-6.438485622406006,0.05417060852050781,
8945,-6.547032356262207,0.05496478080749512,
8946,-6.428647041320801,0.05555319786071777,
8947,-6.475555896759033,0.05548548698425293,
8948,-6.5094780921936035,0.055626630783081055,
8949,-6.36335563659668,0.05517697334289551,
8950,-6.542760848999023,0.05511140823364258,-0.3238672912120819
8951,-6.396158218383789,0.12790322303771973,
8952,-6.245290756225586,0.05478048324584961,
8953,-6.4637837409973145,0.05480599403381348,
8954,-6.51546573638916,0.05499911308288574,
8955,-6.5827226638793945,0.05498623847961426,
8956,-6.33167839050293,0.05473208427429199,
8957,-6.589561462402344,0.054945945739746094,
8958,-6.48337459564209,0.05476212501525879,
8959,-6.351644515991211,0.05426788330078125,
8960,-6.358885288238525,0.05463814735412598,-0.35066694021224976
8961,-6.550621032714844,0.1265254020690918,
8962,-6.323808670043945,0.05385732650756836,
8963,-6.264301300048828,0.05453896522521973,
8964,-6.278079986572266,0.05601310729980469,
8965,-6.3145527839660645,0.054314374923706055,
8966,-6.325763702392578,0.05458998680114746,
8967,-6.171079635620117,0.05414175987243652,
8968,-6.222988605499268,0.054831504821777344,
8969,-6.1757941246032715,0.05481839179992676,
8970,-6.39637565612793,0.054274559020996094,-0.3023732006549835
8971,-6.456751823425293,0.13094449043273926,
8972,-6.3956780433654785,0.054796457290649414,
8973,-6.373964786529541,0.055164337158203125,
8974,-6.328001976013184,0.05564689636230469,
8975,-6.222275733947754,0.054746389389038086,
8976,-6.538286209106445,0.05502629280090332,
8977,-6.503774166107178,0.05498313903808594,
8978,-6.247456073760986,0.055127620697021484,
8979,-6.288651466369629,0.05501270294189453,
8980,-6.36719274520874,0.055187225341796875,-0.3159131705760956
8981,-6.1469879150390625,0.1282038688659668,
8982,-6.066193103790283,0.05406355857849121,
8983,-6.239816665649414,0.053330183029174805,
8984,-6.378188133239746,0.05392599105834961,
8985,-6.208035469055176,0.05470728874206543,
8986,-6.614346504211426,0.05421113967895508,
8987,-6.374933242797852,0.05412936210632324,
8988,-6.477390766143799,0.05472922325134277,
8989,-6.351016998291016,0.0560457706451416,
8990,-6.247504234313965,0.055029869079589844,-0.338934987783432
8991,-6.481833457946777,0.1287400722503662,
8992,-6.277570724487305,0.05472970008850098,
8993,-6.2540717124938965,0.05474376678466797,
8994,-6.209756851196289,0.055410146713256836,
8995,-6.135061264038086,0.0547637939453125,
8996,-6.155728816986084,0.05486583709716797,
8997,-6.224373817443848,0.05582618713378906,
8998,-6.28131103515625,0.05542111396789551,
8999,-6.312344551086426,0.0555112361907959,
9000,-6.480854034423828,0.05472064018249512,-0.32637351751327515
9001,-6.281046390533447,0.1278972625732422,
9002,-6.198471546173096,0.054680585861206055,
9003,-6.335221767425537,0.05461573600769043,
9004,-6.394072532653809,0.05480051040649414,
9005,-6.361778736114502,0.05511283874511719,
9006,-6.374712944030762,0.056177616119384766,
9007,-6.2834014892578125,0.05532217025756836,
9008,-6.462379455566406,0.05521583557128906,
9009,-6.455671310424805,0.0549924373626709,
9010,-6.211521148681641,0.05471944808959961,-0.29057398438453674
9011,-6.244121551513672,0.25623226165771484,
9012,-6.309266090393066,0.054778099060058594,
9013,-6.279644966125488,0.0552670955657959,
9014,-6.426011085510254,0.05423283576965332,
9015,-6.477245807647705,0.055135488510131836,
9016,-6.3770904541015625,0.05554699897766113,
9017,-6.469204902648926,0.05563712120056152,
9018,-6.54758882522583,0.05675554275512695,
9019,-6.433422565460205,0.054847002029418945,
9020,-6.448537349700928,0.05575823783874512,-0.33660605549812317
9021,-6.439504623413086,0.1277308464050293,
9022,-6.5480194091796875,0.05427384376525879,
9023,-6.605438232421875,0.055056095123291016,
9024,-6.370937824249268,0.054960012435913086,
9025,-6.315675258636475,0.054987192153930664,
9026,-6.514984130859375,0.054358482360839844,
9027,-6.538508415222168,0.05531144142150879,
9028,-6.575794219970703,0.054901123046875,
9029,-6.5397419929504395,0.054802894592285156,
9030,-6.396976470947266,0.054422616958618164,-0.2294963002204895
9031,-6.409270286560059,0.12668848037719727,
9032,-6.393409252166748,0.054120779037475586,
9033,-6.363914489746094,0.053893089294433594,
9034,-6.435481071472168,0.05365109443664551,
9035,-6.438655853271484,0.053786516189575195,
9036,-6.439159393310547,0.05398726463317871,
9037,-6.3364057540893555,0.054076433181762695,
9038,-6.257996559143066,0.054303646087646484,
9039,-6.024838447570801,0.05482125282287598,
9040,-6.2202019691467285,0.05453085899353027,-0.3422810733318329
9041,-6.156980514526367,0.12535429000854492,
9042,-6.125000953674316,0.05466914176940918,
9043,-6.316492080688477,0.054302215576171875,
9044,-6.422310829162598,0.05376935005187988,
9045,-6.3156352043151855,0.05392718315124512,
9046,-6.288159370422363,0.054157257080078125,
9047,-6.357693672180176,0.05460762977600098,
9048,-6.282993316650391,0.053999900817871094,
9049,-6.418252944946289,0.054375410079956055,
9050,-6.241499900817871,0.0538179874420166,-0.28065282106399536
9051,-6.475458145141602,0.12630105018615723,
9052,-6.296217441558838,0.05362749099731445,
9053,-6.296853065490723,0.05380439758300781,
9054,-6.338575839996338,0.053971052169799805,
9055,-6.485663414001465,0.05494046211242676,
9056,-6.386884689331055,0.05507779121398926,
9057,-6.332042694091797,0.05576133728027344,
9058,-6.34621524810791,0.0540463924407959,
9059,-6.368061065673828,0.054697513580322266,
9060,-6.452068328857422,0.05439949035644531,-0.37126782536506653
9061,-6.376001358032227,0.12827086448669434,
9062,-6.2889251708984375,0.05436515808105469,
9063,-6.271684169769287,0.054825782775878906,
9064,-6.314098358154297,0.055829524993896484,
9065,-6.305853843688965,0.05484509468078613,
9066,-6.265229225158691,0.054415225982666016,
9067,-6.282991409301758,0.054780006408691406,
9068,-6.341041088104248,0.05453205108642578,
9069,-6.267210960388184,0.05429434776306152,
9070,-6.366641044616699,0.05457019805908203,-0.4031102955341339
9071,-6.289279460906982,0.12647223472595215,
9072,-6.220247268676758,0.05447697639465332,
9073,-6.508066177368164,0.054406166076660156,
9074,-6.455765724182129,0.05451822280883789,
9075,-6.322747230529785,0.056615352630615234,
9076,-6.4318037033081055,0.05548882484436035,
9077,-6.339780330657959,0.05528378486633301,
9078,-6.336484909057617,0.05471539497375488,
9079,-6.545963287353516,0.05498242378234863,
9080,-6.40028190612793,0.054668426513671875,-0.3293078541755676
9081,-6.414443016052246,0.12898564338684082,
9082,-6.35645866394043,0.05479001998901367,
9083,-6.36026668548584,0.055211544036865234,
9084,-6.528347969055176,0.05594921112060547,
9085,-6.512531280517578,0.05536317825317383,
9086,-6.4421234130859375,0.05466103553771973,
9087,-6.501574516296387,0.055840253829956055,
9088,-6.325207710266113,0.05625128746032715,
9089,-6.393010139465332,0.05565023422241211,
9090,-6.315822601318359,0.055196523666381836,-0.256285160779953
9091,-6.471365928649902,0.12806320190429688,
9092,-6.424159526824951,0.05392265319824219,
9093,-6.296823978424072,0.054216623306274414,
9094,-6.395037651062012,0.05427908897399902,
9095,-6.352789878845215,0.05452370643615723,
9096,-6.414212703704834,0.05533289909362793,
9097,-6.2765889167785645,0.05415487289428711,
9098,-6.1917595863342285,0.054366111755371094,
9099,-6.4547119140625,0.054630279541015625,
9100,-6.36179256439209,0.05550503730773926,-0.3159944415092468
9101,-6.440593719482422,0.12562298774719238,
9102,-6.234830856323242,0.05441689491271973,
9103,-6.251580238342285,0.054941654205322266,
9104,-6.316580295562744,0.05485200881958008,
9105,-6.224745750427246,0.05435967445373535,
9106,-6.231512069702148,0.054641008377075195,
9107,-6.455864906311035,0.05511832237243652,
9108,-6.316836357116699,0.055463314056396484,
9109,-6.28121280670166,0.05493330955505371,
9110,-6.355731010437012,0.05477142333984375,-0.28127536177635193
9111,-6.375253677368164,0.12921929359436035,
9112,-6.322072505950928,0.05431103706359863,
9113,-6.348627090454102,0.05504727363586426,
9114,-6.3100762367248535,0.055831193923950195,
9115,-6.296459197998047,0.055722951889038086,
9116,-6.174931049346924,0.055999755859375,
9117,-6.2001800537109375,0.0556483268737793,
9118,-6.404002666473389,0.05497264862060547,
9119,-6.516006946563721,0.055170297622680664,
9120,-6.330324172973633,0.054720163345336914,-0.26899755001068115
9121,-6.41756534576416,0.1289350986480713,
9122,-6.472396373748779,0.05434846878051758,
9123,-6.43859338760376,0.05441594123840332,
9124,-6.42722225189209,0.05444169044494629,
9125,-6.3405232429504395,0.05491971969604492,
9126,-6.175382614135742,0.05562782287597656,
9127,-6.126901626586914,0.05531167984008789,
9128,-6.372435569763184,0.054497480392456055,
9129,-6.386491775512695,0.054984331130981445,
9130,-6.222352027893066,0.05511808395385742,-0.28001752495765686
9131,-6.393844127655029,0.25645923614501953,
9132,-6.367119789123535,0.05443525314331055,
9133,-6.309169769287109,0.05464434623718262,
9134,-6.310320854187012,0.054378509521484375,
9135,-6.360567569732666,0.05424308776855469,
9136,-6.297040939331055,0.0543973445892334,
9137,-6.475872993469238,0.055028438568115234,
9138,-6.393700122833252,0.05577206611633301,
9139,-6.443525314331055,0.05429553985595703,
9140,-6.454041481018066,0.05441451072692871,-0.2789238393306732
9141,-6.437489032745361,0.1277608871459961,
9142,-6.398585796356201,0.05445599555969238,
9143,-6.329526901245117,0.054404497146606445,
9144,-6.403580665588379,0.05435466766357422,
9145,-6.356387138366699,0.054509878158569336,
9146,-6.332023620605469,0.0546107292175293,
9147,-6.4176130294799805,0.05420517921447754,
9148,-6.329026222229004,0.055463552474975586,
9149,-6.351248264312744,0.05518984794616699,
9150,-6.332098960876465,0.054833173751831055,-0.3657172918319702
9151,-6.323375701904297,0.12842106819152832,
9152,-6.301044464111328,0.054697513580322266,
9153,-6.439589977264404,0.05472159385681152,
9154,-6.453798770904541,0.05494379997253418,
9155,-6.364286422729492,0.054472923278808594,
9156,-6.372908592224121,0.05583620071411133,
9157,-6.382908344268799,0.05483055114746094,
9158,-6.466951370239258,0.05559420585632324,
9159,-6.465139389038086,0.05486583709716797,
9160,-6.585238933563232,0.054979801177978516,-0.24605481326580048
9161,-6.384795665740967,0.13124585151672363,
9162,-6.390190124511719,0.054466962814331055,
9163,-6.338512420654297,0.05400657653808594,
9164,-6.546599388122559,0.05435323715209961,
9165,-6.371822357177734,0.05462813377380371,
9166,-6.4939494132995605,0.05453801155090332,
9167,-6.664276123046875,0.05448436737060547,
9168,-6.476203918457031,0.05462336540222168,
9169,-6.386652946472168,0.05507016181945801,
9170,-6.376016616821289,0.05538678169250488,-0.31659042835235596
9171,-6.514190196990967,0.1269824504852295,
9172,-6.343761444091797,0.05453896522521973,
9173,-6.339670181274414,0.05487656593322754,
9174,-6.314083576202393,0.05424976348876953,
9175,-6.128988742828369,0.054756879806518555,
9176,-6.449735641479492,0.05488109588623047,
9177,-6.391305923461914,0.05526375770568848,
9178,-6.334601402282715,0.05436563491821289,
9179,-6.378941535949707,0.054981231689453125,
9180,-6.731191635131836,0.054648399353027344,-0.28953129053115845
9181,-6.593812942504883,0.12901568412780762,
9182,-6.466968059539795,0.05464816093444824,
9183,-6.459547519683838,0.05486345291137695,
9184,-6.344577312469482,0.05482125282287598,
9185,-6.331978797912598,0.05481910705566406,
9186,-6.475771903991699,0.05466818809509277,
9187,-6.2736945152282715,0.055052757263183594,
9188,-6.157392501831055,0.05488085746765137,
9189,-6.258464813232422,0.05484962463378906,
9190,-6.284818172454834,0.054462432861328125,-0.2669052183628082
9191,-6.342223644256592,0.13095307350158691,
9192,-6.3580322265625,0.05493760108947754,
9193,-6.244813442230225,0.05472254753112793,
9194,-6.441666126251221,0.05424213409423828,
9195,-6.594272613525391,0.05471038818359375,
9196,-6.371098518371582,0.055002689361572266,
9197,-6.436834335327148,0.054236412048339844,
9198,-6.529641628265381,0.05466341972351074,
9199,-6.600057601928711,0.05475258827209473,
9200,-6.421375751495361,0.0547022819519043,-0.27350321412086487
9201,-6.637308120727539,0.1268470287322998,
9202,-6.563172340393066,0.054676055908203125,
9203,-6.622520446777344,0.05464982986450195,
9204,-6.445161819458008,0.054732561111450195,
9205,-6.5912322998046875,0.05438423156738281,
9206,-6.241289138793945,0.0547938346862793,
9207,-6.163254261016846,0.05493664741516113,
9208,-6.164949893951416,0.05400538444519043,
9209,-6.416367530822754,0.05455827713012695,
9210,-6.2426300048828125,0.054907798767089844,-0.2722633481025696
9211,-6.326470375061035,0.12816691398620605,
9212,-6.351491928100586,0.0557558536529541,
9213,-6.4916157722473145,0.055586814880371094,
9214,-6.313406467437744,0.05483269691467285,
9215,-6.297980308532715,0.05517387390136719,
9216,-6.35080623626709,0.053675174713134766,
9217,-6.361372947692871,0.05424618721008301,
9218,-6.564945220947266,0.05452704429626465,
9219,-6.49606990814209,0.054334163665771484,
9220,-6.377575874328613,0.05630302429199219,-0.27890241146087646
9221,-6.568628311157227,0.12666535377502441,
9222,-6.464142799377441,0.054567575454711914,
9223,-6.457901477813721,0.056185007095336914,
9224,-6.529135227203369,0.05469202995300293,
9225,-6.597908020019531,0.054959774017333984,
9226,-6.585198402404785,0.05486869812011719,
9227,-6.434552192687988,0.05576205253601074,
9228,-6.5561747550964355,0.05450749397277832,
9229,-6.624924659729004,0.054962873458862305,
9230,-6.500543594360352,0.05511832237243652,-0.2962534427642822
9231,-6.4463725090026855,0.12603378295898438,
9232,-6.439088821411133,0.05438375473022461,
9233,-6.499094009399414,0.05573749542236328,
9234,-6.417888164520264,0.05530834197998047,
9235,-6.448159217834473,0.05482745170593262,
9236,-6.414031982421875,0.055146217346191406,
9237,-6.390788555145264,0.05545759201049805,
9238,-6.406648635864258,0.05531477928161621,
9239,-6.214529991149902,0.05440878868103027,
9240,-6.376177787780762,0.05472826957702637,-0.30119070410728455
9241,-6.578498363494873,0.12643861770629883,
9242,-6.565378189086914,0.05498480796813965,
9243,-6.494986057281494,0.054079294204711914,
9244,-6.409369468688965,0.05480813980102539,
9245,-6.353933334350586,0.05677533149719238,
9246,-6.487854480743408,0.055341482162475586,
9247,-6.246675968170166,0.05460715293884277,
9248,-6.296121120452881,0.05522346496582031,
9249,-6.5510573387146,0.05437922477722168,
9250,-6.4206223487854,0.05432748794555664,-0.4341573119163513
9251,-6.585286617279053,0.1262812614440918,
9252,-6.407276153564453,0.054570913314819336,
9253,-6.376622676849365,0.05464577674865723,
9254,-6.231916427612305,0.05446648597717285,
9255,-6.421479225158691,0.05453658103942871,
9256,-6.408237457275391,0.054718971252441406,
9257,-6.416705131530762,0.055385589599609375,
9258,-6.460146903991699,0.05475950241088867,
9259,-6.460676193237305,0.054728031158447266,
9260,-6.424680709838867,0.05522656440734863,-0.3858976662158966
9261,-6.327805519104004,0.25061678886413574,
9262,-6.4937357902526855,0.05479693412780762,
9263,-6.196126937866211,0.05417966842651367,
9264,-6.34257698059082,0.05437660217285156,
9265,-6.458108901977539,0.05378603935241699,
9266,-6.314547538757324,0.054782867431640625,
9267,-6.375715732574463,0.05452251434326172,
9268,-6.326992511749268,0.054337263107299805,
9269,-6.453157424926758,0.05419588088989258,
9270,-6.368708610534668,0.054375410079956055,-0.2830016016960144
9271,-6.407969951629639,0.12847280502319336,
9272,-6.316975116729736,0.053945302963256836,
9273,-6.322534084320068,0.054251670837402344,
9274,-6.238473892211914,0.054674386978149414,
9275,-6.427447319030762,0.054944753646850586,
9276,-6.442327499389648,0.05558514595031738,
9277,-6.4285173416137695,0.05585002899169922,
9278,-6.394144058227539,0.05511808395385742,
9279,-6.572597026824951,0.05475735664367676,
9280,-6.279529571533203,0.054379940032958984,-0.29677700996398926
9281,-6.39862060546875,0.12835025787353516,
9282,-6.217995643615723,0.05454874038696289,
9283,-6.417821884155273,0.0557100772857666,
9284,-6.434216499328613,0.054602861404418945,
9285,-6.485323905944824,0.0550687313079834,
9286,-6.382548809051514,0.05488181114196777,
9287,-6.386560440063477,0.0549168586730957,
9288,-6.401175498962402,0.054442644119262695,
9289,-6.5956315994262695,0.05658531188964844,
9290,-6.4710307121276855,0.05589103698730469,-0.2868254780769348
9291,-6.363973617553711,0.1291649341583252,
9292,-6.439259052276611,0.054793357849121094,
9293,-6.483676910400391,0.05499839782714844,
9294,-6.433964729309082,0.05507063865661621,
9295,-6.267660140991211,0.055594444274902344,
9296,-6.200625896453857,0.05422520637512207,
9297,-6.281998634338379,0.05501246452331543,
9298,-6.3064422607421875,0.05466723442077637,
9299,-6.123356819152832,0.054755449295043945,
9300,-6.219715118408203,0.05487370491027832,-0.261515349149704
9301,-6.221989631652832,0.1283576488494873,
9302,-6.017542839050293,0.054533958435058594,
9303,-6.117294788360596,0.05432534217834473,
9304,-6.323322772979736,0.05465412139892578,
9305,-6.279333114624023,0.05500626564025879,
9306,-6.183844566345215,0.05486035346984863,
9307,-6.361682891845703,0.054110050201416016,
9308,-6.453061103820801,0.05458879470825195,
9309,-6.308737754821777,0.05461883544921875,
9310,-6.3676347732543945,0.054482221603393555,-0.3360765874385834
9311,-6.422572135925293,0.1267549991607666,
9312,-6.467191696166992,0.05473971366882324,
9313,-6.331228733062744,0.05576944351196289,
9314,-6.250338554382324,0.0551457405090332,
9315,-6.2721405029296875,0.05431962013244629,
9316,-6.159512519836426,0.054701805114746094,
9317,-6.342707633972168,0.05462193489074707,
9318,-6.224387168884277,0.054598331451416016,
9319,-6.317409038543701,0.05430197715759277,
9320,-6.262369155883789,0.054534912109375,-0.2931455373764038
9321,-6.361101150512695,0.12754344940185547,
9322,-6.235185623168945,0.054971933364868164,
9323,-6.404454231262207,0.05440068244934082,
9324,-6.458443641662598,0.05469703674316406,
9325,-6.224545001983643,0.055021047592163086,
9326,-6.300206184387207,0.05435514450073242,
9327,-6.380475997924805,0.055460214614868164,
9328,-6.476162910461426,0.05487537384033203,
9329,-6.38918399810791,0.05471491813659668,
9330,-6.361957550048828,0.05620718002319336,-0.3987829089164734
9331,-6.421834945678711,0.13321328163146973,
9332,-6.382769584655762,0.05470132827758789,
9333,-6.289251327514648,0.05511021614074707,
9334,-6.434763431549072,0.054917335510253906,
9335,-6.36600399017334,0.05468869209289551,
9336,-6.25508975982666,0.05495786666870117,
9337,-6.307432651519775,0.05563545227050781,
9338,-6.477322578430176,0.054319143295288086,
9339,-6.337032318115234,0.05481386184692383,
9340,-6.439730167388916,0.05480837821960449,-0.32333725690841675
9341,-6.463647365570068,0.13011956214904785,
9342,-6.419642925262451,0.05493283271789551,
9343,-6.527812480926514,0.054254770278930664,
9344,-6.493550777435303,0.05443930625915527,
9345,-6.514260292053223,0.054189205169677734,
9346,-6.530518531799316,0.05469822883605957,
9347,-6.5523834228515625,0.055001020431518555,
9348,-6.390689849853516,0.055052995681762695,
9349,-6.2610907554626465,0.05491995811462402,
9350,-6.256787300109863,0.054701805114746094,-0.326406329870224
9351,-6.169538974761963,0.12761235237121582,
9352,-6.498169898986816,0.05530285835266113,
9353,-6.377620220184326,0.05516314506530762,
9354,-6.541319370269775,0.05452418327331543,
9355,-6.3753981590271,0.054986000061035156,
9356,-6.464755058288574,0.05497932434082031,
9357,-6.343128204345703,0.05511045455932617,
9358,-6.250458717346191,0.054492950439453125,
9359,-6.158628463745117,0.054750919342041016,
9360,-6.24888801574707,0.054555416107177734,-0.39435943961143494
9361,-6.445936679840088,0.12646794319152832,
9362,-6.36661434173584,0.05466270446777344,
9363,-6.473315238952637,0.05468416213989258,
9364,-6.463390350341797,0.05459785461425781,
9365,-6.363542556762695,0.05437779426574707,
9366,-6.287715911865234,0.05448746681213379,
9367,-6.231492519378662,0.05524182319641113,
9368,-6.252242088317871,0.05516982078552246,
9369,-6.101471900939941,0.05480241775512695,
9370,-6.336704730987549,0.054937124252319336,-0.33072900772094727
9371,-6.207387447357178,0.1284337043762207,
9372,-6.380040168762207,0.0541987419128418,
9373,-6.348737716674805,0.054027557373046875,
9374,-6.463336944580078,0.05423164367675781,
9375,-6.449028491973877,0.055452585220336914,
9376,-6.345123291015625,0.056199073791503906,
9377,-6.351417541503906,0.054852962493896484,
9378,-6.504486083984375,0.055039167404174805,
9379,-6.520484924316406,0.055013418197631836,
9380,-6.503401756286621,0.05460977554321289,-0.37478873133659363
9381,-6.636396408081055,0.2550845146179199,
9382,-6.374891757965088,0.05468106269836426,
9383,-6.392993450164795,0.05495619773864746,
9384,-6.5245466232299805,0.05466771125793457,
9385,-6.569079399108887,0.0544590950012207,
9386,-6.464671611785889,0.05513477325439453,
9387,-6.444874286651611,0.05504608154296875,
9388,-6.1971540451049805,0.05489397048950195,
9389,-6.501286506652832,0.0546724796295166,
9390,-6.3776068687438965,0.05470991134643555,-0.30068695545196533
9391,-6.421884536743164,0.1276700496673584,
9392,-6.343238353729248,0.05416059494018555,
9393,-6.414179801940918,0.05562567710876465,
9394,-6.33546257019043,0.05543041229248047,
9395,-6.3968305587768555,0.05484509468078613,
9396,-6.463339328765869,0.054306745529174805,
9397,-6.347229480743408,0.054506540298461914,
9398,-6.386463165283203,0.05496335029602051,
9399,-6.193685531616211,0.05468392372131348,
9400,-6.0334272384643555,0.05456876754760742,-0.2742709219455719
9401,-6.308303356170654,0.12781190872192383,
9402,-6.210228443145752,0.054769277572631836,
9403,-6.248594284057617,0.0544583797454834,
9404,-6.22226619720459,0.054558515548706055,
9405,-6.227242469787598,0.05491495132446289,
9406,-6.093933582305908,0.05574655532836914,
9407,-6.124791145324707,0.05443549156188965,
9408,-6.221772193908691,0.0547027587890625,
9409,-6.415588855743408,0.05449414253234863,
9410,-6.359377384185791,0.05438804626464844,-0.35552653670310974
9411,-6.48510217666626,0.12485933303833008,
9412,-6.483980655670166,0.05394434928894043,
9413,-6.600517272949219,0.054364681243896484,
9414,-6.612672805786133,0.05446171760559082,
9415,-6.546467304229736,0.054317474365234375,
9416,-6.510682106018066,0.05471086502075195,
9417,-6.48122501373291,0.055710554122924805,
9418,-6.489195823669434,0.054337501525878906,
9419,-6.468605041503906,0.05495285987854004,
9420,-6.390841484069824,0.05490756034851074,-0.3311971426010132
9421,-6.445359706878662,0.12821340560913086,
9422,-6.33012580871582,0.05381369590759277,
9423,-6.521747589111328,0.054323434829711914,
9424,-6.470333099365234,0.05460786819458008,
9425,-6.438117027282715,0.05501103401184082,
9426,-6.5659003257751465,0.05425310134887695,
9427,-6.414525032043457,0.05469775199890137,
9428,-6.55598258972168,0.05486607551574707,
9429,-6.624362468719482,0.05447793006896973,
9430,-6.464284420013428,0.05454134941101074,-0.3401995301246643
9431,-6.50075101852417,0.12717485427856445,
9432,-6.4951276779174805,0.05433344841003418,
9433,-6.32949686050415,0.05479907989501953,
9434,-6.407710075378418,0.05433034896850586,
9435,-6.638411521911621,0.054724931716918945,
9436,-6.616299152374268,0.054962873458862305,
9437,-6.239964485168457,0.05504870414733887,
9438,-6.377512454986572,0.056139469146728516,
9439,-6.593382835388184,0.05552482604980469,
9440,-6.501554489135742,0.054537296295166016,-0.30081209540367126
9441,-6.586871147155762,0.1292264461517334,
9442,-6.498073101043701,0.05491447448730469,
9443,-6.255066394805908,0.054968833923339844,
9444,-6.463745594024658,0.0556943416595459,
9445,-6.632450103759766,0.054288625717163086,
9446,-6.580966472625732,0.054651737213134766,
9447,-6.3338470458984375,0.05520224571228027,
9448,-6.125770568847656,0.05458950996398926,
9449,-6.409316062927246,0.05481147766113281,
9450,-6.574974060058594,0.055306434631347656,-0.33431851863861084
9451,-6.378532409667969,0.12685918807983398,
9452,-6.283982753753662,0.055236101150512695,
9453,-6.291621208190918,0.05469155311584473,
9454,-6.316021919250488,0.05504345893859863,
9455,-6.490673542022705,0.05489921569824219,
9456,-6.2596330642700195,0.05477428436279297,
9457,-6.437439918518066,0.05486154556274414,
9458,-6.4538774490356445,0.05473899841308594,
9459,-6.450620174407959,0.0550229549407959,
9460,-6.302212715148926,0.054979562759399414,-0.24335259199142456
9461,-6.4031219482421875,0.12713336944580078,
9462,-6.407081604003906,0.05502581596374512,
9463,-6.245387554168701,0.05506730079650879,
9464,-6.318876266479492,0.054767608642578125,
9465,-6.345916271209717,0.05526876449584961,
9466,-6.339165687561035,0.054859161376953125,
9467,-6.463194370269775,0.05512547492980957,
9468,-6.41745662689209,0.05442452430725098,
9469,-6.491021633148193,0.05551028251647949,
9470,-6.458621025085449,0.055147409439086914,-0.24369248747825623
9471,-6.384474754333496,0.12822461128234863,
9472,-6.41507625579834,0.054888010025024414,
9473,-6.556771278381348,0.054717302322387695,
9474,-6.394761085510254,0.05474376678466797,
9475,-6.301787376403809,0.05537533760070801,
9476,-6.330441951751709,0.05482792854309082,
9477,-6.21315336227417,0.05450034141540527,
9478,-6.375561714172363,0.05461430549621582,
9479,-6.424424171447754,0.05472159385681152,
9480,-6.380250930786133,0.05483865737915039,-0.321449339389801
9481,-6.242147445678711,0.12651395797729492,
9482,-6.2585859298706055,0.05503201484680176,
9483,-6.564317226409912,0.054666757583618164,
9484,-6.413058280944824,0.054526567459106445,
9485,-6.429782390594482,0.05567765235900879,
9486,-6.435737133026123,0.05515480041503906,
9487,-6.2739667892456055,0.05404829978942871,
9488,-6.46666145324707,0.05484652519226074,
9489,-6.389423370361328,0.05484604835510254,
9490,-6.3805623054504395,0.05486559867858887,-0.19368876516819
9491,-6.519476413726807,0.1291055679321289,
9492,-6.503703594207764,0.054437875747680664,
9493,-6.462747573852539,0.054917097091674805,
9494,-6.367003917694092,0.056298017501831055,
9495,-6.492900371551514,0.05475163459777832,
9496,-6.5792694091796875,0.05502152442932129,
9497,-6.4350199699401855,0.054900407791137695,
9498,-6.499339580535889,0.05485963821411133,
9499,-6.493093013763428,0.054963111877441406,
9500,-6.551896095275879,0.05502128601074219,-0.2956281006336212
9501,-6.628195285797119,0.25487661361694336,
9502,-6.576839447021484,0.05626845359802246,
9503,-6.4096503257751465,0.05414772033691406,
9504,-6.422987461090088,0.05412888526916504,
9505,-6.646576881408691,0.05423736572265625,
9506,-6.5497212409973145,0.054284095764160156,
9507,-6.493888854980469,0.05559372901916504,
9508,-6.2950873374938965,0.05475306510925293,
9509,-6.410216808319092,0.055052995681762695,
9510,-6.2368974685668945,0.054114580154418945,-0.268863707780838
9511,-6.424334526062012,0.12700390815734863,
9512,-6.333193302154541,0.05489778518676758,
9513,-6.487912178039551,0.055641889572143555,
9514,-6.45868444442749,0.05472683906555176,
9515,-6.231654167175293,0.054933786392211914,
9516,-6.242338180541992,0.05502891540527344,
9517,-6.335919380187988,0.05511736869812012,
9518,-6.400333404541016,0.054801225662231445,
9519,-6.476730823516846,0.05510568618774414,
9520,-6.416077136993408,0.05490851402282715,-0.33121150732040405
9521,-6.250438690185547,0.1270766258239746,
9522,-6.5219526290893555,0.05499672889709473,
9523,-6.577260494232178,0.05472064018249512,
9524,-6.604100227355957,0.055043697357177734,
9525,-6.33428430557251,0.05492591857910156,
9526,-6.497291564941406,0.054327964782714844,
9527,-6.529646396636963,0.05467104911804199,
9528,-6.441431045532227,0.055655479431152344,
9529,-6.510250568389893,0.05424666404724121,
9530,-6.4760284423828125,0.05427432060241699,-0.24134697020053864
9531,-6.281376838684082,0.1262667179107666,
9532,-6.457033634185791,0.054724693298339844,
9533,-6.580794334411621,0.054323434829711914,
9534,-6.630393028259277,0.05460000038146973,
9535,-6.546088218688965,0.05476975440979004,
9536,-6.404366493225098,0.05457806587219238,
9537,-6.47363805770874,0.05444598197937012,
9538,-6.313343048095703,0.054476022720336914,
9539,-6.370780944824219,0.054743051528930664,
9540,-6.409816741943359,0.05437302589416504,-0.2895112931728363
9541,-6.6665191650390625,0.12614941596984863,
9542,-6.431082248687744,0.055260419845581055,
9543,-6.437472343444824,0.05511784553527832,
9544,-6.660160541534424,0.054643869400024414,
9545,-6.534797191619873,0.055005550384521484,
9546,-6.426896095275879,0.05525851249694824,
9547,-6.698862075805664,0.05495262145996094,
9548,-6.438399791717529,0.05449652671813965,
9549,-6.2377543449401855,0.05514121055603027,
9550,-6.3966450691223145,0.05511879920959473,-0.2933799624443054
9551,-6.423934459686279,0.12817978858947754,
9552,-6.48046875,0.05445051193237305,
9553,-6.516355514526367,0.05558133125305176,
9554,-6.6217041015625,0.05465984344482422,
9555,-6.306149482727051,0.05494999885559082,
9556,-6.290715217590332,0.05439448356628418,
9557,-6.268270492553711,0.05482912063598633,
9558,-6.362275123596191,0.0548398494720459,
9559,-6.353825569152832,0.05457115173339844,
9560,-6.280986785888672,0.05512118339538574,-0.32715126872062683
9561,-6.187299728393555,0.12944769859313965,
9562,-6.158809661865234,0.05466151237487793,
9563,-6.197422981262207,0.056999921798706055,
9564,-6.214710235595703,0.05456995964050293,
9565,-6.330034255981445,0.05464673042297363,
9566,-6.346224784851074,0.05464458465576172,
9567,-6.11410665512085,0.05457043647766113,
9568,-6.261037826538086,0.0545656681060791,
9569,-6.257961750030518,0.055106401443481445,
9570,-6.28044319152832,0.05572247505187988,-0.32261162996292114
9571,-6.351138114929199,0.12807917594909668,
9572,-6.384377956390381,0.054772138595581055,
9573,-6.136762619018555,0.05481410026550293,
9574,-6.191636085510254,0.054993391036987305,
9575,-6.504025459289551,0.05481076240539551,
9576,-6.5037713050842285,0.05587172508239746,
9577,-6.2448601722717285,0.05475497245788574,
9578,-6.354477882385254,0.05485415458679199,
9579,-6.411203384399414,0.05427217483520508,
9580,-6.5522308349609375,0.0546572208404541,-0.29638907313346863
9581,-6.271789073944092,0.128525972366333,
9582,-6.318291664123535,0.05532550811767578,
9583,-6.421234130859375,0.054441213607788086,
9584,-6.493133544921875,0.0545046329498291,
9585,-6.398897171020508,0.05468153953552246,
9586,-6.39847469329834,0.054689884185791016,
9587,-6.522006511688232,0.05445051193237305,
9588,-6.520908355712891,0.05477499961853027,
9589,-6.580771446228027,0.05503249168395996,
9590,-6.714808940887451,0.054223060607910156,-0.2933851480484009
9591,-6.700976848602295,0.12735271453857422,
9592,-6.430775165557861,0.054898738861083984,
9593,-6.510683059692383,0.055730581283569336,
9594,-6.546125411987305,0.05479097366333008,
9595,-6.5340399742126465,0.0543520450592041,
9596,-6.439821243286133,0.05459094047546387,
9597,-6.47166633605957,0.055027008056640625,
9598,-6.5144453048706055,0.05430173873901367,
9599,-6.550409317016602,0.05465888977050781,
9600,-6.659051418304443,0.05491328239440918,-0.2676728665828705
9601,-6.452784538269043,0.1279306411743164,
9602,-6.527901649475098,0.05400705337524414,
9603,-6.272682189941406,0.05603313446044922,
9604,-6.471420764923096,0.05554986000061035,
9605,-6.527360916137695,0.05552268028259277,
9606,-6.121561050415039,0.054963111877441406,
9607,-6.145504951477051,0.05453944206237793,
9608,-6.150116920471191,0.054965972900390625,
9609,-6.35142707824707,0.054915428161621094,
9610,-6.157283306121826,0.05611872673034668,-0.26920053362846375
9611,-6.216039657592773,0.12789392471313477,
9612,-6.068093299865723,0.05483365058898926,
9613,-6.384640693664551,0.05547809600830078,
9614,-6.378710746765137,0.05487871170043945,
9615,-6.265999794006348,0.05501866340637207,
9616,-6.397852897644043,0.054999351501464844,
9617,-6.585224151611328,0.05522894859313965,
9618,-6.46799898147583,0.05451321601867676,
9619,-6.453549861907959,0.05540299415588379,
9620,-6.501770973205566,0.055013179779052734,-0.3342454135417938
9621,-6.445552825927734,0.24990320205688477,
9622,-6.501490592956543,0.054555654525756836,
9623,-6.524991989135742,0.055010318756103516,
9624,-6.532179832458496,0.05547022819519043,
9625,-6.510270118713379,0.054738521575927734,
9626,-6.5163140296936035,0.05517864227294922,
9627,-6.636706352233887,0.054670095443725586,
9628,-6.508342266082764,0.054466962814331055,
9629,-6.493282318115234,0.05449199676513672,
9630,-6.659304618835449,0.054558515548706055,-0.38056719303131104
9631,-6.489452362060547,0.12815070152282715,
9632,-6.334649085998535,0.05422329902648926,
9633,-6.339111804962158,0.05516862869262695,
9634,-6.588519096374512,0.05507516860961914,
9635,-6.497547149658203,0.05457162857055664,
9636,-6.516797065734863,0.05429840087890625,
9637,-6.396000385284424,0.05454587936401367,
9638,-6.329990386962891,0.05455899238586426,
9639,-6.531493186950684,0.056047916412353516,
9640,-6.586658954620361,0.05436420440673828,-0.3151785135269165
9641,-6.418360710144043,0.12549757957458496,
9642,-6.58718204498291,0.05550503730773926,
9643,-6.585415840148926,0.05518603324890137,
9644,-6.293264389038086,0.05471658706665039,
9645,-6.256331443786621,0.054363250732421875,
9646,-6.421244144439697,0.05547928810119629,
9647,-6.412459373474121,0.05533409118652344,
9648,-6.261146068572998,0.054755210876464844,
9649,-6.317669868469238,0.05475115776062012,
9650,-6.475808620452881,0.05469155311584473,-0.3620111048221588
9651,-6.613978385925293,0.1277601718902588,
9652,-6.308727741241455,0.05454134941101074,
9653,-6.423791885375977,0.05476951599121094,
9654,-6.445693016052246,0.055143117904663086,
9655,-6.379608631134033,0.055886030197143555,
9656,-6.42816162109375,0.05434298515319824,
9657,-6.577624320983887,0.05458188056945801,
9658,-6.5003862380981445,0.05487775802612305,
9659,-6.507362365722656,0.054100990295410156,
9660,-6.573648929595947,0.054483652114868164,-0.30295470356941223
9661,-6.482600212097168,0.1284644603729248,
9662,-6.349353790283203,0.05569124221801758,
9663,-6.604638576507568,0.054839372634887695,
9664,-6.632418632507324,0.05422401428222656,
9665,-6.347761154174805,0.05468177795410156,
9666,-6.391087532043457,0.05500459671020508,
9667,-6.484191417694092,0.054108619689941406,
9668,-6.383844375610352,0.05494999885559082,
9669,-6.361759185791016,0.05438637733459473,
9670,-6.38594913482666,0.05448627471923828,-0.28018251061439514
9671,-6.540493965148926,0.12686753273010254,
9672,-6.434069633483887,0.054767608642578125,
9673,-6.362232685089111,0.05589604377746582,
9674,-6.3370585441589355,0.05516767501831055,
9675,-6.4184699058532715,0.05477285385131836,
9676,-6.324801445007324,0.05505681037902832,
9677,-6.229875564575195,0.05499100685119629,
9678,-6.526039123535156,0.05478930473327637,
9679,-6.621310234069824,0.05478858947753906,
9680,-6.407977104187012,0.05486488342285156,-0.39261192083358765
9681,-6.624519348144531,0.12710070610046387,
9682,-6.501607894897461,0.05393695831298828,
9683,-6.569206237792969,0.05463242530822754,
9684,-6.507616996765137,0.05519223213195801,
9685,-6.561282157897949,0.05503344535827637,
9686,-6.338925838470459,0.05460000038146973,
9687,-6.577762603759766,0.05484652519226074,
9688,-6.598766326904297,0.05512809753417969,
9689,-6.585963249206543,0.05500483512878418,
9690,-6.476807594299316,0.0547635555267334,-0.4157907962799072
9691,-6.581998825073242,0.12914180755615234,
9692,-6.5779709815979,0.055201053619384766,
9693,-6.584935665130615,0.05529165267944336,
9694,-6.593507766723633,0.0544891357421875,
9695,-6.4871649742126465,0.05471467971801758,
9696,-6.614920616149902,0.05488944053649902,
9697,-6.660707473754883,0.05523562431335449,
9698,-6.471879959106445,0.054731130599975586,
9699,-6.658059120178223,0.054914236068725586,
9700,-6.5478692054748535,0.054801225662231445,-0.32874563336372375
9701,-6.552133560180664,0.12713885307312012,
9702,-6.584178924560547,0.05415177345275879,
9703,-6.5028862953186035,0.05454564094543457,
9704,-6.395674705505371,0.05472850799560547,
9705,-6.348173141479492,0.05453348159790039,
9706,-6.535274505615234,0.05466127395629883,
9707,-6.621654033660889,0.054868459701538086,
9708,-6.545167446136475,0.055727243423461914,
9709,-6.506748199462891,0.05432724952697754,
9710,-6.566680431365967,0.05475258827209473,-0.4202544391155243
9711,-6.365298748016357,0.12856745719909668,
9712,-6.463649749755859,0.05515789985656738,
9713,-6.48306131362915,0.05584287643432617,
9714,-6.417813301086426,0.05517005920410156,
9715,-6.435497760772705,0.05480551719665527,
9716,-6.476672172546387,0.05499100685119629,
9717,-6.375367164611816,0.054619789123535156,
9718,-6.42446231842041,0.054578542709350586,
9719,-6.535616874694824,0.0550689697265625,
9720,-6.530245780944824,0.05480599403381348,-0.3034670948982239
9721,-6.615077972412109,0.13081622123718262,
9722,-6.58316707611084,0.05575442314147949,
9723,-6.493189811706543,0.054872751235961914,
9724,-6.470531940460205,0.05492711067199707,
9725,-6.518573760986328,0.05492734909057617,
9726,-6.501863479614258,0.054772138595581055,
9727,-6.555596351623535,0.05504560470581055,
9728,-6.4115986824035645,0.0549008846282959,
9729,-6.389258861541748,0.05470681190490723,
9730,-6.524029731750488,0.0548863410949707,-0.3164384663105011
9731,-6.2248077392578125,0.12700247764587402,
9732,-6.251945495605469,0.05553579330444336,
9733,-6.45808744430542,0.05574917793273926,
9734,-6.396758079528809,0.0549778938293457,
9735,-6.3975372314453125,0.05489754676818848,
9736,-6.433956146240234,0.05585598945617676,
9737,-6.495207786560059,0.054503440856933594,
9738,-6.558197021484375,0.05491948127746582,
9739,-6.446639537811279,0.055121421813964844,
9740,-6.557426452636719,0.05507397651672363,-0.32975220680236816
9741,-6.522150039672852,0.2604539394378662,
9742,-6.375566005706787,0.05526566505432129,
9743,-6.357871055603027,0.055639028549194336,
9744,-6.393995761871338,0.054651498794555664,
9745,-6.300476551055908,0.0548551082611084,
9746,-6.462277412414551,0.054717063903808594,
9747,-6.64185905456543,0.05551505088806152,
9748,-6.218701362609863,0.056432485580444336,
9749,-6.449953556060791,0.056197166442871094,
9750,-6.476676940917969,0.05673980712890625,-0.39010894298553467
9751,-6.388796806335449,0.12856507301330566,
9752,-6.365536212921143,0.055094003677368164,
9753,-6.376529216766357,0.05584144592285156,
9754,-6.37849235534668,0.05418682098388672,
9755,-6.423259258270264,0.055474042892456055,
9756,-6.355581760406494,0.054407358169555664,
9757,-6.372323513031006,0.05481839179992676,
9758,-6.249460697174072,0.054711341857910156,
9759,-6.402846336364746,0.05524134635925293,
9760,-6.317828178405762,0.05565953254699707,-0.452396035194397
9761,-6.363570213317871,0.12718844413757324,
9762,-6.442519664764404,0.05462217330932617,
9763,-6.330687999725342,0.05487775802612305,
9764,-6.197526931762695,0.05500340461730957,
9765,-6.305826187133789,0.05469226837158203,
9766,-6.555014133453369,0.05524468421936035,
9767,-6.511337757110596,0.05489706993103027,
9768,-6.307183742523193,0.054952144622802734,
9769,-6.482158184051514,0.054123878479003906,
9770,-6.431135177612305,0.055724382400512695,-0.27072873711586
9771,-6.554576873779297,0.12713909149169922,
9772,-6.472837448120117,0.05442643165588379,
9773,-6.394758224487305,0.0547947883605957,
9774,-6.3655548095703125,0.055359840393066406,
9775,-6.559185028076172,0.05499386787414551,
9776,-6.47763729095459,0.056242942810058594,
9777,-6.517247200012207,0.05451059341430664,
9778,-6.339565277099609,0.05488753318786621,
9779,-6.452587127685547,0.054575204849243164,
9780,-6.301715850830078,0.05490708351135254,-0.3193882703781128
9781,-6.368968963623047,0.12560796737670898,
9782,-6.420719146728516,0.054476022720336914,
9783,-6.475874900817871,0.05469512939453125,
9784,-6.367269515991211,0.05562996864318848,
9785,-6.213581085205078,0.054155826568603516,
9786,-6.264299392700195,0.05480647087097168,
9787,-6.412200927734375,0.05440568923950195,
9788,-6.452762603759766,0.05453896522521973,
9789,-6.2767815589904785,0.05467700958251953,
9790,-6.145088195800781,0.05565500259399414,-0.327129602432251
9791,-6.487375259399414,0.12785029411315918,
9792,-6.405309677124023,0.054972171783447266,
9793,-6.205698013305664,0.05491042137145996,
9794,-5.998561382293701,0.05518388748168945,
9795,-6.157417297363281,0.055042266845703125,
9796,-6.266613483428955,0.05470108985900879,
9797,-6.325807571411133,0.054258108139038086,
9798,-6.284755706787109,0.054480791091918945,
9799,-6.2846174240112305,0.054297447204589844,
9800,-6.164778709411621,0.053955078125,-0.435678094625473
9801,-6.270537376403809,0.12618565559387207,
9802,-6.277281284332275,0.054494619369506836,
9803,-6.322779655456543,0.05463838577270508,
9804,-6.3896684646606445,0.054266929626464844,
9805,-6.390172004699707,0.05505633354187012,
9806,-6.499133110046387,0.055791378021240234,
9807,-6.291749000549316,0.05434060096740723,
9808,-6.4639081954956055,0.054706573486328125,
9809,-6.533798694610596,0.05511021614074707,
9810,-6.375276565551758,0.05491971969604492,-0.329149454832077
9811,-6.38066291809082,0.1273949146270752,
9812,-6.285534858703613,0.05431985855102539,
9813,-6.471360206604004,0.05461311340332031,
9814,-6.606905937194824,0.054961442947387695,
9815,-6.355404853820801,0.05415153503417969,
9816,-6.464183807373047,0.054944515228271484,
9817,-6.490512371063232,0.05447578430175781,
9818,-6.53737735748291,0.05478954315185547,
9819,-6.407203674316406,0.05535101890563965,
9820,-6.348836898803711,0.055023908615112305,-0.3000355064868927
9821,-6.380133628845215,0.12718820571899414,
9822,-6.34820556640625,0.05502605438232422,
9823,-6.186544418334961,0.05503487586975098,
9824,-6.335236072540283,0.05495452880859375,
9825,-6.355820178985596,0.05494570732116699,
9826,-6.2838616371154785,0.0546417236328125,
9827,-6.414960861206055,0.05447268486022949,
9828,-6.3926215171813965,0.05527782440185547,
9829,-6.477738380432129,0.05614948272705078,
9830,-6.523654937744141,0.05456662178039551,-0.3103662431240082
9831,-6.486347198486328,0.1271989345550537,
9832,-6.458761215209961,0.05482959747314453,
9833,-6.512873649597168,0.054923295974731445,
9834,-6.40064001083374,0.05487871170043945,
9835,-6.3850603103637695,0.05519270896911621,
9836,-6.440038681030273,0.05524039268493652,
9837,-6.461881637573242,0.05660557746887207,
9838,-6.386993408203125,0.054421186447143555,
9839,-6.426372528076172,0.054584503173828125,
9840,-6.408770561218262,0.05572867393493652,-0.22710607945919037
9841,-6.321864128112793,0.12839531898498535,
9842,-6.260227680206299,0.05463433265686035,
9843,-6.368921279907227,0.05441999435424805,
9844,-6.296126365661621,0.05493354797363281,
9845,-6.242389678955078,0.055063486099243164,
9846,-6.430844306945801,0.054215192794799805,
9847,-6.5301594734191895,0.054583072662353516,
9848,-6.385992050170898,0.054749488830566406,
9849,-6.416633605957031,0.05539059638977051,
9850,-6.376822471618652,0.05505824089050293,-0.35455062985420227
9851,-6.468052864074707,0.12684965133666992,
9852,-6.4618000984191895,0.0556182861328125,
9853,-6.498602867126465,0.055355072021484375,
9854,-6.436037063598633,0.05540299415588379,
9855,-6.524285793304443,0.05512428283691406,
9856,-6.469321250915527,0.0549311637878418,
9857,-6.5666117668151855,0.05477643013000488,
9858,-6.351284980773926,0.05425286293029785,
9859,-6.411899566650391,0.05467677116394043,
9860,-6.369453430175781,0.05492711067199707,-0.33935391902923584
9861,-6.527899742126465,0.24803543090820312,
9862,-6.279287815093994,0.05580329895019531,
9863,-6.233448505401611,0.05490994453430176,
9864,-6.4009809494018555,0.05520033836364746,
9865,-6.235358238220215,0.05483531951904297,
9866,-5.999489784240723,0.05497431755065918,
9867,-6.190032958984375,0.054660797119140625,
9868,-6.430951118469238,0.05424904823303223,
9869,-6.331421852111816,0.05409550666809082,
9870,-6.245661735534668,0.05457639694213867,-0.3359973430633545
9871,-6.254133224487305,0.12600207328796387,
9872,-6.312894821166992,0.05395817756652832,
9873,-6.2547783851623535,0.05436110496520996,
9874,-6.352952003479004,0.054793357849121094,
9875,-6.3881072998046875,0.05445408821105957,
9876,-6.368642807006836,0.05410122871398926,
9877,-6.392671585083008,0.05420374870300293,
9878,-6.500548362731934,0.0541386604309082,
9879,-6.350048542022705,0.054457664489746094,
9880,-6.104867935180664,0.054427385330200195,-0.20332984626293182
9881,-6.482425689697266,0.12779784202575684,
9882,-6.493374824523926,0.05461764335632324,
9883,-6.383231163024902,0.054929494857788086,
9884,-6.408081531524658,0.0549015998840332,
9885,-6.509206295013428,0.0549778938293457,
9886,-6.543923377990723,0.05494546890258789,
9887,-6.421605110168457,0.055871009826660156,
9888,-6.374920845031738,0.05494856834411621,
9889,-6.371917247772217,0.05520486831665039,
9890,-6.37579345703125,0.05440163612365723,-0.34865790605545044
9891,-6.415013313293457,0.12776398658752441,
9892,-6.414394378662109,0.05487823486328125,
9893,-6.258417129516602,0.05476236343383789,
9894,-6.393056869506836,0.05400729179382324,
9895,-6.590450763702393,0.055641889572143555,
9896,-6.351998329162598,0.054555416107177734,
9897,-6.481294631958008,0.05495572090148926,
9898,-6.498938083648682,0.05396676063537598,
9899,-6.54833984375,0.05446624755859375,
9900,-6.37903356552124,0.054796695709228516,-0.3256259560585022
9901,-6.4488115310668945,0.12655282020568848,
9902,-6.3732500076293945,0.05430412292480469,
9903,-6.307652473449707,0.05490684509277344,
9904,-6.151415824890137,0.05500483512878418,
9905,-6.424483299255371,0.055092573165893555,
9906,-6.618554592132568,0.05466437339782715,
9907,-6.466590404510498,0.05503535270690918,
9908,-6.473147392272949,0.0556035041809082,
9909,-6.503053665161133,0.054277658462524414,
9910,-6.526195526123047,0.05480194091796875,-0.46939748525619507
9911,-6.357335090637207,0.12633252143859863,
9912,-6.452841281890869,0.0544893741607666,
9913,-6.370416641235352,0.055072784423828125,
9914,-6.503513336181641,0.05489611625671387,
9915,-6.692205429077148,0.055777549743652344,
9916,-6.496536731719971,0.055429697036743164,
9917,-6.7194366455078125,0.05441927909851074,
9918,-6.601564407348633,0.054778337478637695,
9919,-6.440057754516602,0.05577421188354492,
9920,-6.590400695800781,0.055181026458740234,-0.3084251582622528
9921,-6.514692783355713,0.12563729286193848,
9922,-6.429566383361816,0.05475473403930664,
9923,-6.563413619995117,0.0549008846282959,
9924,-6.464469909667969,0.05490922927856445,
9925,-6.431188583374023,0.054224252700805664,
9926,-6.58736515045166,0.055275678634643555,
9927,-6.524464130401611,0.05513405799865723,
9928,-6.410059928894043,0.0541834831237793,
9929,-6.582322120666504,0.054755449295043945,
9930,-6.535862922668457,0.05477285385131836,-0.28960222005844116
9931,-6.491203784942627,0.12929701805114746,
9932,-6.659750461578369,0.05488228797912598,
9933,-6.549790382385254,0.05439639091491699,
9934,-6.543018341064453,0.05530953407287598,
9935,-6.542141914367676,0.05568099021911621,
9936,-6.574245452880859,0.05438089370727539,
9937,-6.463134288787842,0.054799556732177734,
9938,-6.701040744781494,0.05477428436279297,
9939,-6.681872367858887,0.054915428161621094,
9940,-6.476084232330322,0.054282426834106445,-0.28762534260749817
9941,-6.617463111877441,0.1282815933227539,
9942,-6.590689659118652,0.05474400520324707,
9943,-6.4561767578125,0.05546879768371582,
9944,-6.321722030639648,0.05441594123840332,
9945,-6.399776458740234,0.055413246154785156,
9946,-6.522822856903076,0.054780006408691406,
9947,-6.527195930480957,0.05466175079345703,
9948,-6.582174301147461,0.05452418327331543,
9949,-6.444976806640625,0.055547237396240234,
9950,-6.387657165527344,0.0553736686706543,-0.25537824630737305
9951,-6.433880805969238,0.12735509872436523,
9952,-6.50300407409668,0.05506110191345215,
9953,-6.487640380859375,0.05534958839416504,
9954,-6.476645469665527,0.0549626350402832,
9955,-6.372660160064697,0.05527162551879883,
9956,-6.532812118530273,0.05450773239135742,
9957,-6.443729400634766,0.05585169792175293,
9958,-6.641511917114258,0.054871559143066406,
9959,-6.380458831787109,0.0554049015045166,
9960,-6.528499126434326,0.05576896667480469,-0.33146870136260986
9961,-6.464516639709473,0.12629032135009766,
9962,-6.456724166870117,0.05508303642272949,
9963,-6.304773330688477,0.05500388145446777,
9964,-6.46157693862915,0.05446910858154297,
9965,-6.408124923706055,0.05508732795715332,
9966,-6.287376880645752,0.05499267578125,
9967,-6.374024391174316,0.05423760414123535,
9968,-6.436713695526123,0.05457139015197754,
9969,-6.392735481262207,0.05466508865356445,
9970,-6.296983242034912,0.054592132568359375,-0.31541773676872253
9971,-6.482646465301514,0.12644505500793457,
9972,-6.345817565917969,0.054825782775878906,
9973,-6.3352227210998535,0.054804086685180664,
9974,-6.409956932067871,0.05518460273742676,
9975,-6.210041046142578,0.054633140563964844,
9976,-6.0398149490356445,0.055042266845703125,
9977,-6.2516984939575195,0.05484724044799805,
9978,-6.435980796813965,0.054778099060058594,
9979,-6.131260871887207,0.054851531982421875,
9980,-5.96858024597168,0.05505037307739258,-0.3116985261440277
9981,-6.183614730834961,0.2576923370361328,
9982,-6.205891132354736,0.054525136947631836,
9983,-6.203766822814941,0.05464577674865723,
9984,-6.191452980041504,0.054884910583496094,
9985,-6.4099626541137695,0.05469107627868652,
9986,-6.2921857833862305,0.05412769317626953,
9987,-6.264604091644287,0.05424380302429199,
9988,-6.369223594665527,0.054505109786987305,
9989,-6.509424209594727,0.05469202995300293,
9990,-6.4507927894592285,0.054212331771850586,-0.2666136920452118
9991,-6.598169326782227,0.1258547306060791,
9992,-6.605792999267578,0.05477142333984375,
9993,-6.628378868103027,0.05509757995605469,
9994,-6.551660060882568,0.05434083938598633,
9995,-6.503408432006836,0.05481696128845215,
9996,-6.3959431648254395,0.05464911460876465,
9997,-6.630192756652832,0.05442380905151367,
9998,-6.320724010467529,0.054769277572631836,
9999,-6.327065467834473,0.05472064018249512,
10000,-6.499222755432129,0.05625724792480469,-0.27057480812072754
